Using pre-set license
Built from '2022.3/respin/2022.3.62f2-4af31df585-v2' branch; Version is '2022.3.62f3 (96770f904ca7) revision 9860879'; Using compiler version '192829333'; Build Type 'Release'
OS: 'Windows 11  (10.0.26200) 64bit Professional' Language: 'ja' Physical Memory: 32486 MB
BatchMode: 1, IsHumanControllingUs: 0, StartBugReporterOnCrash: 0, Is64bit: 1, IsPro: 1

COMMAND LINE ARGUMENTS:
C:\Program Files\Unity\Hub\Editor\2022.3.62f3\Editor\Unity.exe
-adb2
-batchMode
-noUpm
-name
AssetImportWorker24
-projectPath
D:/å€‹äººè£½ä½œï¼’/Infinite Arsenal/Infinite Arsenal
-logFile
Logs/AssetImportWorker24.log
-srvPort
53722
Successfully changed project path to: D:/å€‹äººè£½ä½œï¼’/Infinite Arsenal/Infinite Arsenal
D:/å€‹äººè£½ä½œï¼’/Infinite Arsenal/Infinite Arsenal
[UnityMemory] Configuration Parameters - Can be set up in boot.config
    "memorysetup-bucket-allocator-granularity=16"
    "memorysetup-bucket-allocator-bucket-count=8"
    "memorysetup-bucket-allocator-block-size=33554432"
    "memorysetup-bucket-allocator-block-count=8"
    "memorysetup-main-allocator-block-size=16777216"
    "memorysetup-thread-allocator-block-size=16777216"
    "memorysetup-gfx-main-allocator-block-size=16777216"
    "memorysetup-gfx-thread-allocator-block-size=16777216"
    "memorysetup-cache-allocator-block-size=4194304"
    "memorysetup-typetree-allocator-block-size=2097152"
    "memorysetup-profiler-bucket-allocator-granularity=16"
    "memorysetup-profiler-bucket-allocator-bucket-count=8"
    "memorysetup-profiler-bucket-allocator-block-size=33554432"
    "memorysetup-profiler-bucket-allocator-block-count=8"
    "memorysetup-profiler-allocator-block-size=16777216"
    "memorysetup-profiler-editor-allocator-block-size=1048576"
    "memorysetup-temp-allocator-size-main=16777216"
    "memorysetup-job-temp-allocator-block-size=2097152"
    "memorysetup-job-temp-allocator-block-size-background=1048576"
    "memorysetup-job-temp-allocator-reduction-small-platforms=262144"
    "memorysetup-allocator-temp-initial-block-size-main=262144"
    "memorysetup-allocator-temp-initial-block-size-worker=262144"
    "memorysetup-temp-allocator-size-background-worker=32768"
    "memorysetup-temp-allocator-size-job-worker=262144"
    "memorysetup-temp-allocator-size-preload-manager=33554432"
    "memorysetup-temp-allocator-size-nav-mesh-worker=65536"
    "memorysetup-temp-allocator-size-audio-worker=65536"
    "memorysetup-temp-allocator-size-cloud-worker=32768"
    "memorysetup-temp-allocator-size-gi-baking-worker=262144"
    "memorysetup-temp-allocator-size-gfx=262144"
Player connection [15572]  Target information:

Player connection [15572]  * "[IP] 10.219.32.102 [Port] 0 [Flags] 2 [Guid] 1023182728 [EditorId] 1023182728 [Version] 1048832 [Id] WindowsEditor(7,KIC-GAME-B-02) [Debug] 1 [PackageName] WindowsEditor [ProjectName] Editor" 

Player connection [15572] Host joined multi-casting on [225.0.0.222:54997]...
Player connection [15572] Host joined alternative multi-casting on [225.0.0.222:34997]...
Input System module state changed to: Initialized.
[PhysX] Initialized MultithreadedTaskDispatcher with 24 workers.
Refreshing native plugins compatible for Editor in 3.79 ms, found 4 plugins.
Preloading 0 native plugins for Editor in 0.00 ms.
Initialize engine version: 2022.3.62f3 (96770f904ca7)
[Subsystems] Discovering subsystems at path C:/Program Files/Unity/Hub/Editor/2022.3.62f3/Editor/Data/Resources/UnitySubsystems
[Subsystems] Discovering subsystems at path D:/å€‹äººè£½ä½œï¼’/Infinite Arsenal/Infinite Arsenal/Assets
GfxDevice: creating device client; threaded=0; jobified=0
Direct3D:
    Version:  Direct3D 11.0 [level 11.1]
    Renderer: NVIDIA GeForce RTX 4060 Ti (ID=0x2803)
    Vendor:   NVIDIA
    VRAM:     7949 MB
    Driver:   32.0.15.9595
Initialize mono
Mono path[0] = 'C:/Program Files/Unity/Hub/Editor/2022.3.62f3/Editor/Data/Managed'
Mono path[1] = 'C:/Program Files/Unity/Hub/Editor/2022.3.62f3/Editor/Data/MonoBleedingEdge/lib/mono/unityjit-win32'
Mono config path = 'C:/Program Files/Unity/Hub/Editor/2022.3.62f3/Editor/Data/MonoBleedingEdge/etc'
Using monoOptions --debugger-agent=transport=dt_socket,embedding=1,server=y,suspend=n,address=127.0.0.1:56244
Begin MonoManager ReloadAssembly
Registering precompiled unity dll's ...
Register platform support module: C:/Program Files/Unity/Hub/Editor/2022.3.62f3/Editor/Data/PlaybackEngines/WindowsStandaloneSupport/UnityEditor.WindowsStandalone.Extensions.dll
Registered in 0.003671 seconds.
- Loaded All Assemblies, in  0.208 seconds
Native extension for WindowsStandalone target not found
Mono: successfully reloaded assembly
- Finished resetting the current domain, in  0.157 seconds
Domain Reload Profiling: 364ms
	BeginReloadAssembly (71ms)
		ExecutionOrderSort (0ms)
		DisableScriptedObjects (0ms)
		BackupInstance (0ms)
		ReleaseScriptingObjects (0ms)
		CreateAndSetChildDomain (0ms)
	RebuildCommonClasses (19ms)
	RebuildNativeTypeToScriptingClass (6ms)
	initialDomainReloadingComplete (34ms)
	LoadAllAssembliesAndSetupDomain (77ms)
		LoadAssemblies (70ms)
		RebuildTransferFunctionScriptingTraits (0ms)
		AnalyzeDomain (76ms)
			TypeCache.Refresh (75ms)
				TypeCache.ScanAssembly (68ms)
			ScanForSourceGeneratedMonoScriptInfo (0ms)
			ResolveRequiredComponents (0ms)
	FinalizeReload (157ms)
		ReleaseScriptCaches (0ms)
		RebuildScriptCaches (0ms)
		SetupLoadedEditorAssemblies (130ms)
			LogAssemblyErrors (0ms)
			InitializePlatformSupportModulesInManaged (5ms)
			SetLoadedEditorAssemblies (5ms)
			RefreshPlugins (0ms)
			BeforeProcessingInitializeOnLoad (1ms)
			ProcessInitializeOnLoadAttributes (91ms)
			ProcessInitializeOnLoadMethodAttributes (27ms)
			AfterProcessingInitializeOnLoad (0ms)
			EditorAssembliesLoaded (0ms)
		ExecutionOrderSort2 (0ms)
		AwakeInstancesAfterBackupRestoration (0ms)
========================================================================
Worker process is ready to serve import requests
Caller must complete domain reload
Begin MonoManager ReloadAssembly
- Loaded All Assemblies, in  0.378 seconds
Native extension for WindowsStandalone target not found
Mono: successfully reloaded assembly
- Finished resetting the current domain, in  0.331 seconds
Domain Reload Profiling: 709ms
	BeginReloadAssembly (88ms)
		ExecutionOrderSort (0ms)
		DisableScriptedObjects (3ms)
		BackupInstance (0ms)
		ReleaseScriptingObjects (0ms)
		CreateAndSetChildDomain (12ms)
	RebuildCommonClasses (19ms)
	RebuildNativeTypeToScriptingClass (6ms)
	initialDomainReloadingComplete (24ms)
	LoadAllAssembliesAndSetupDomain (240ms)
		LoadAssemblies (184ms)
		RebuildTransferFunctionScriptingTraits (0ms)
		AnalyzeDomain (109ms)
			TypeCache.Refresh (95ms)
				TypeCache.ScanAssembly (87ms)
			ScanForSourceGeneratedMonoScriptInfo (10ms)
			ResolveRequiredComponents (3ms)
	FinalizeReload (332ms)
		ReleaseScriptCaches (0ms)
		RebuildScriptCaches (0ms)
		SetupLoadedEditorAssemblies (250ms)
			LogAssemblyErrors (0ms)
			InitializePlatformSupportModulesInManaged (4ms)
			SetLoadedEditorAssemblies (3ms)
			RefreshPlugins (0ms)
			BeforeProcessingInitializeOnLoad (36ms)
			ProcessInitializeOnLoadAttributes (189ms)
			ProcessInitializeOnLoadMethodAttributes (14ms)
			AfterProcessingInitializeOnLoad (4ms)
			EditorAssembliesLoaded (0ms)
		ExecutionOrderSort2 (0ms)
		AwakeInstancesAfterBackupRestoration (5ms)
Launched and connected shader compiler UnityShaderCompiler.exe after 0.03 seconds
Refreshing native plugins compatible for Editor in 2.22 ms, found 4 plugins.
Preloading 0 native plugins for Editor in 0.00 ms.
Unloading 3529 Unused Serialized files (Serialized files now loaded: 0)
Unloading 22 unused Assets / (56.1 KB). Loaded Objects now: 4016.
Memory consumption went from 138.9 MB to 138.9 MB.
Total: 2.002400 ms (FindLiveObjects: 0.166500 ms CreateObjectMapping: 0.046400 ms MarkObjects: 1.719400 ms  DeleteObjects: 0.069400 ms)

AssetImportParameters requested are different than current active one (requested -> active):
  custom:scripting/monoscript/fileName/SharedColorTable.cs: b29c7754538ee047ea44798a660ea872 -> 
  custom:scripting/monoscript/fileName/DCARendererManagerEditor.cs: 67ef15e8b1aa313829bf52e55af0d477 -> 
  custom:scripting/monoscript/fileName/CreateCleanAnimationMenu.cs: 6616098c6a37d0186f8ecbdfbc7058ac -> 
  custom:scripting/monoscript/fileName/UMAAddressablesSupport.cs: 6fdbe5a5f00c901e3fa772816a9379c3 -> 
  custom:scripting/monoscript/fileName/UMAGenerator.cs: 7a60fcb671e738c86c899020cc2dd0ce -> 
  custom:scripting/monoscript/fileName/SkeletonModifierPropertyDrawer.cs: 803dd4c8a5a389e51870ed353af9007e -> 
  custom:scripting/monoscript/fileName/IItemSelector.cs: 2fc90b8d45ccc5807f98200bbaad0300 -> 
  custom:scripting/monoscript/fileName/UMASlotProcessingUtil.cs: 7b1c52f7696398519b1f9f349b94c65b -> 
  custom:scripting/monoscript/fileName/UMABonePoseUtilities.cs: cbc63700817303c17390d46920a9adab -> 
  custom:scripting/monoscript/fileName/AssetIndexerWindow.cs: 300b315a67d22844623b77c40d8ddc14 -> 
  custom:scripting/monoscript/fileName/DNAEvaluator.cs: 1401bdd3d771a51f79a80982c680825b -> 
  custom:scripting/monoscript/fileName/OverlayViewer.cs: 614502dfd04a9a690c461ec28f9269f7 -> 
  custom:scripting/monoscript/fileName/DNAConverterFieldPropertyDrawer.cs: c2ac47777841cb73f9215153dbd0b351 -> 
  custom:scripting/monoscript/fileName/UMAExtendedAvatar.cs: 93177ff9d53f6faf85797198a468383e -> 
  custom:scripting/monoscript/fileName/DynamicDNAPluginInspector.cs: bf7766b190ac11f5a6d683d6cba23075 -> 
  custom:scripting/monoscript/fileName/FindComponentUsages.cs: edcd7cba1ba6bbf2bcb89e34626eed5b -> 
  custom:scripting/monoscript/fileName/MassChangeImporterSettings.cs: ce3ecd9186161f5966d920d4eb828845 -> 
  custom:container-demuxer-ogg: 62fdf1f143b41e24485cea50d1cbac27 -> 
  custom:scripting/monoscript/fileName/UMAMaterialPropertyBlockDrawer.cs: b0d7ce2101bdc87405f6445280a49493 -> 
  custom:scripting/monoscript/fileName/DynamicUMADnaAssetPropertyDrawer.cs: 358c7b177d2c2b8f88e2c7af1ced1ac4 -> 
  custom:scripting/monoscript/fileName/UMAGeneratorBuiltinEditor.cs: cfbf169a8d103bb7b80ae175fd01e7f5 -> 
  custom:scripting/monoscript/fileName/DNAPanel.cs: 02c175fc4b90040042d9f65eccc66a8d -> 
  custom:scripting/monoscript/fileName/ColorDNAConverterPlugin.cs: 6e36e9a457152acfc72bb0c91e227082 -> 
  custom:scripting/monoscript/fileName/OverlayLibrary.cs: d6821827359c3f54dfe6d747d6dd2c08 -> 
  custom:scripting/monoscript/fileName/UMALODLogger.cs: f556ad8a039ff34d74df6d4c4c24bfe7 -> 
  custom:scripting/monoscript/fileName/VertexAdjuster.cs: 028ab02f410de692eb17eaee9c87e6bf -> 
  custom:scripting/monoscript/fileName/SliderController.cs: 775367cfdc6573803e33539864036ff9 -> 
  custom:scripting/monoscript/fileName/UMABlendShapeExpressions.cs: 327628553453743ed9dc2e196e336322 -> 
  custom:scripting/monoscript/fileName/UMAMaterialPropertyBlock.cs: b1042a1175cceb39201cdc87fed0d603 -> 
  custom:scripting/monoscript/fileName/UMAClothProperties.cs: 202102d0fc505693925e116b8028b1ba -> 
  custom:scripting/monoscript/fileName/DynamicDNAConverterControllerInspector.cs: 1e19c3a75c964a2abb0beb95bf672995 -> 
  custom:scripting/monoscript/fileName/CSLoadableItem.cs: cd777e66a70f7d1e085cd670331d146b -> 
  custom:scripting/monoscript/fileName/UmaWardrobeBehaviourEditor.cs: 79b6626d153e4e21141efbb19e5e79e9 -> 
  custom:scripting/monoscript/fileName/pTextRecipeEditor.cs: 90647cc400823b41df847a6cbfc29026 -> 
  custom:scripting/monoscript/fileName/BuildPreprocessor.cs: 6f046dd131e52d15508df7771814521d -> 
  custom:scripting/monoscript/fileName/WorkerCoroutine.cs: 72f3a875cd0c1930230a04a916cdb128 -> 
  custom:scripting/monoscript/fileName/ColorEffector.cs: f60b99292208c8135f7d50b6e13a40df -> 
  custom:video-codec-MediaFoundation-h265: 746d11721c4dcdbdad8f713fa42b33f4 -> 
  custom:scripting/monoscript/fileName/UMAMeshDataPropertyDrawer.cs: 86eead05783829d19253294123c031e6 -> 
  custom:scripting/monoscript/fileName/SkeletonTools.cs: addc8377764095ca70526db8e5685e86 -> 
  custom:scripting/monoscript/fileName/GeometryUVEditorWindow.cs: 59a291c62a5ceff6be0c13b5c1048e8b -> 
  custom:scripting/monoscript/fileName/CharacterMovement.cs: 1673cf7be67e51b75e632a5978bb31f2 -> 
  custom:scripting/monoscript/fileName/UMADnaHumanoid_Generated.cs: c0d5559e6b7da8e89d7051416941d713 -> 
  custom:scripting/monoscript/fileName/UMA_JiggleBoneDiagnostic.cs: 22bbc06af61f46a0700d95a8f7f5b75f -> 
  custom:scripting/monoscript/fileName/UMACustomization.cs: 0bfebee64d84be6be874873347ade9f4 -> 
  custom:scripting/monoscript/fileName/TPoseExtracter.cs: dc0ae4190681d77f68b011420a576782 -> 
  custom:scripting/monoscript/fileName/SlotData.cs: cdd2771502e14360bbbf9ba89a215dce -> 
  custom:scripting/monoscript/fileName/UMAMaterialAnimatorInspector.cs: 0b780311278b5c27fdca01920691cd92 -> 
  custom:scripting/monoscript/fileName/DictionaryCustomFormatter.cs: cd1da038a4db9e9c60e1c2d9349c2d27 -> 
  custom:scripting/monoscript/fileName/RaceInspector.cs: 43ac7279eb206ea719b99c6440507ad1 -> 
  custom:scripting/monoscript/fileName/UmaRaceClipEditor.cs: dddef32dc289de7a3039979d8d9c530b -> 
  custom:scripting/monoscript/fileName/CamSaver.cs: 88a7a057f4bf23e2cbecc4b046715d5f -> 
  custom:scripting/monoscript/fileName/UMAMeshCombiner.cs: 741218f3b84fc03c20a9c060ffa50bd9 -> 
  custom:scripting/monoscript/fileName/UmaWardrobeBehaviour.cs: 032129ef3f923156bc1cf785ee43a397 -> 
  custom:scripting/monoscript/fileName/SwayRootBone.cs: 60e2de0414eb5d2033a5eaff814180dc -> 
  custom:scripting/monoscript/fileName/SampleCode.cs: 59a53ce3b088a75283f71e317fedf446 -> 
  custom:scripting/monoscript/fileName/RenderPipelineDefine.cs: 86dbd9ca7c2259a84c8299c1ef893d86 -> 
  custom:scripting/monoscript/fileName/UMADataEditor.cs: a1076c40e29ee6d30cb9d83cb56edf74 -> 
  custom:video-decoder-ogg-theora: a1e56fd34408186e4bbccfd4996cb3dc -> 
  custom:scripting/monoscript/fileName/UMADnaTutorial_Generated.cs: 0094a0d9352ba4ed30c9eb64036fe92d -> 
  custom:scripting/monoscript/fileName/UmaBoneBuilderWindow.cs: ec6b4577f99032bde2bcbf3e8fa43779 -> 
  custom:scripting/monoscript/fileName/UMARemoveComponents.cs: 608b19d8b32639c59292df2d282c1500 -> 
  custom:scripting/monoscript/fileName/JiggleBreastEditor.cs: 5f3704670aaed660f6d3d577e2b6eade -> 
  custom:scripting/monoscript/fileName/UMAIndexers.cs: 7029f9cbef9d1253cc39dce103dafb15 -> 
  custom:scripting/monoscript/fileName/DecalIndicator.cs: eb86aad5eb5186010296fc9ad80d776d -> 
  custom:scripting/monoscript/fileName/SkeletonDNAConverterPluginInspector.cs: 979699b2b703f2a99bb7b0dbe4cfebbc -> 
  custom:scripting/monoscript/fileName/UMAPreset.cs: b033c49891177d569432c64ca49bcabe -> 
  custom:scripting/monoscript/fileName/DemoTextHelper.cs: 568e0eec10b0c73fb4e875d85f203916 -> 
  custom:scripting/monoscript/fileName/UMASkeleton.cs: e81650376d73b9f65e8a034d9b9eefa1 -> 
  custom:scripting/monoscript/fileName/MirrorCam.cs: a4c62a74eeb60d913308230852a5ee5c -> 
  custom:scripting/monoscript/fileName/BlendShapeDnaSlider.cs: 14dd9692acce5867bdf4a4ce2f6c4679 -> 
  custom:scripting/monoscript/fileName/UMAFavoriteList.cs: 658303e5a25b58d8b6b087a0a6852c2a -> 
  custom:scripting/monoscript/fileName/UmaColorTrack.cs: 747a174de1702d64d6c667b0f29771e4 -> 
  custom:scripting/monoscript/fileName/UMAPhysicsElementEditor.cs: 192cdb0d4df9b85f3058cf1529830ed9 -> 
  custom:scripting/monoscript/fileName/DNAEvaluatorPropertyDrawer.cs: 1a77015f15ae5ddd5bc6cc2cdf61b0cc -> 
  custom:scripting/monoscript/fileName/BRDFLookupTextureInspector.cs: f59ad9fd8f65a740aaa31c2222075175 -> 
  custom:framework-win-MediaFoundation: 216162199b28c13a410421893ffa2e32 -> 
  custom:scripting/monoscript/fileName/DNAHandler.cs: 3cd605ae16af07996a794b92fcf1b8de -> 
  custom:scripting/monoscript/fileName/UMAMaterialAnimator.cs: 8c642f1dcee961af033f961432355a0a -> 
  custom:scripting/monoscript/fileName/UMAContextBase.cs: f41a2a5672ff913a70bd58daeff4f4e0 -> 
  custom:scripting/monoscript/fileName/DNAEvaluationGraphPresetsPopupContent.cs: af63be4d5ab9f4d354b8a9446f4a25dc -> 
  custom:scripting/monoscript/fileName/UMAColorScheme.cs: 791f552e0eeadb85d4af4b281de8bfbc -> 
  custom:scripting/monoscript/fileName/UMADna.cs: df8e117b63cfd2561a1c381a0f5706ea -> 
  custom:scripting/monoscript/fileName/TagsEditor.cs: 32d0aa20ed57dced138541f03b87b5f2 -> 
  custom:scripting/monoscript/fileName/BaseCharacterModifier.cs: a3a52dbad70fa7e25f2aaa4cde4f1064 -> 
  custom:scripting/monoscript/fileName/HUDFPS.cs: 33d22ac59b093aaf84a5fece9ccf5d4c -> 
  custom:scripting/monoscript/fileName/AssetIndexerFilterEditor.cs: 8dd8817eabc6c81d6716ec2218ede1cf -> 
  custom:scripting/monoscript/fileName/DNASetter.cs: e14392cc3955591d7b099cdb44d5b26f -> 
  custom:scripting/monoscript/fileName/ExtensionMethods.cs: 5ee22639b99e35ca6ffe158367f87fac -> 5e205a9a0143be9c429b7836974d9d2d
  custom:scripting/monoscript/fileName/MyObjectPool.cs: 90647cc400823b41df847a6cbfc29026 -> 
  custom:scripting/monoscript/fileName/UmaDnaBehaviour.cs: dd1ecaf78b1d5ea85456171f510b38db -> 
  custom:scripting/monoscript/fileName/PonytailSlotScript.cs: fcdb4dfd3f644731390dae94844e53a1 -> 
  custom:scripting/monoscript/fileName/OverlayViewerEditor.cs: 8156449cccca690e82475812baf9f4d6 -> 
  custom:scripting/monoscript/fileName/UMADynamicCharacterAvatarRecipe.cs: 689df231eb14d7dc49746fbc198285ef -> 
  custom:scripting/monoscript/fileName/UMAAssetTreeView.cs: 2902ea944a63a1fc4010dbd85774c538 -> 
  custom:scripting/monoscript/fileName/WardrobeRecipeListPropertyDrawer.cs: 58b52fb27a3b680fac760dfd1ce6ebaa -> 
  custom:scripting/monoscript/fileName/CharacterBaseEditor.cs: 0e569b9eac9e3df96e7ff2bb0ee420a3 -> 
  custom:scripting/monoscript/fileName/CollisionMatrixFixer.cs: cd6113373fde1411d5d03f678dda76e9 -> 
  custom:scripting/monoscript/fileName/ClothAccelerationPanelScript.cs: d7e2e627ea0d987f29b1a895bfab2057 -> 
  custom:scripting/monoscript/fileName/OverlayColorData.cs: 99edd8224fbac59301e38a516dd74abc -> 
  custom:scripting/monoscript/fileName/DCSStandardTypes.cs: b7d6d1f34fb3d5b4a2bdf0a404dce299 -> 
  custom:scripting/monoscript/fileName/DNAEvaluationGraphPropertyDrawer.cs: 106dd74bdd76ed6b530002d9462342d8 -> 
  custom:scripting/monoscript/fileName/RaceSetterPropertyDrawer.cs: c175922818f1ed192568a199f83e0de9 -> 
  custom:scripting/monoscript/fileName/UMABonePose.cs: a8026a8a75673e34d9a85330fad63073 -> 
  custom:scripting/monoscript/fileName/SimpleDecal.cs: db1915aa06c6471edafa2765e9771405 -> 
  custom:scripting/monoscript/fileName/UMAShooter.cs: 0176f20b02b54375d5a8bb8ea5f7c640 -> 
  custom:scripting/monoscript/fileName/ISlotDataObject.cs: 06638f0a6958bc5e058137bafe42e5fe -> 
  custom:scripting/monoscript/fileName/VertexEditorStage.cs: 009588a5113cc35aa8e387afa31ae8b4 -> 
  custom:scripting/monoscript/fileName/WardrobeCollectionLibrary.cs: 5f58e3539aca7a90c6b7164c59132f34 -> 
  custom:scripting/monoscript/fileName/SliderExpressionTest.cs: 14fe76db81cfeefcfdb59426a70d15bd -> 
  custom:scripting/monoscript/fileName/pDCSRecipeEditor.cs: 5e2ab9cfe81e04de31d18dbafae66b8c -> 
  custom:scripting/monoscript/fileName/UMAMountObject.cs: fe889fc778c125b28f26edb2973d22c8 -> 
  custom:scripting/monoscript/fileName/UMABonePoseMixerWindow.cs: 5cdb9fce1c5a87292459959cd42c7892 -> 
  custom:scripting/monoscript/fileName/DecalManager.cs: fcc56e96b345aa0657c3cb0df45847d6 -> 
  custom:scripting/monoscript/fileName/CSWardrobeSlotChangerDD.cs: 33983d33734bdab1982164aabe4d4e25 -> 
  custom:scripting/monoscript/fileName/ShaderPackage.cs: 938afabb6949ef6ec79c7914d21b4923 -> 
  custom:scripting/monoscript/fileName/UMATime.cs: ca4e3a1cc5254c5254360613eb685374 -> 
  custom:scripting/monoscript/fileName/UMAGeneratorBaseEditor.cs: 2be21793e5a9ab65f600225fdb46c592 -> 
  custom:scripting/monoscript/fileName/CursorLock.cs: fa510114fc78c2cda1befc9c04383697 -> 
  custom:scripting/monoscript/fileName/UMAGeneratorGLIB.cs: 342be92488b53772e12106bedf082ba4 -> 
  custom:scripting/monoscript/fileName/UMAGeneratorBase.cs: 46ecf48928278538449cdc71bcc36d9d -> 
  custom:scripting/monoscript/fileName/SlotLibraryBase.cs: 2b3a444ed6ed71e668923134332faa2b -> 
  custom:scripting/monoscript/fileName/UMALODConversionSet.cs: d831e0d167953fd24773cf00350b3923 -> 
  custom:scripting/monoscript/fileName/DCARendererManager.cs: 1b127e165e2f413d6cdadf900d88f0f0 -> 
  custom:scripting/monoscript/fileName/CustomAssetUtility.cs: 4e65e74782ade968c56638ea5a27c786 -> 
  custom:CustomObjectIndexerAttribute: 9a22284fe3817be447336de3de66b15e -> 
  custom:scripting/monoscript/fileName/Readme.cs: 5aedf578fb2663036982fb7b05aaf325 -> 
  custom:scripting/monoscript/fileName/UMALODConversionEntry.cs: de6ed5ede1824d17f6da8613f73a2fa4 -> 
  custom:scripting/monoscript/fileName/DynamicSlotLibraryEditor.cs: b8991abe3c98f9667b681346f5b34500 -> 
  custom:scripting/monoscript/fileName/UMATestEventsScript.cs: 90c6f9ed445d8a0b01696a22b1cfe154 -> 
  custom:scripting/monoscript/fileName/DNAEvaluatorListPropertyDrawer.cs: f615412680de25e1af103a26bda02409 -> 
  custom:scripting/monoscript/fileName/IDNASelector.cs: f3e7554fa70d39dbe640dfad062adbaa -> 
  custom:scripting/monoscript/fileName/UMAEditorUtilities.cs: 5783eb9290163e1d5e5e819995bb2123 -> 
  custom:scripting/monoscript/fileName/BonePoseDNAConverterPlugin.cs: 28918f83136ffac52583ad5b9a682658 -> 
  custom:scripting/monoscript/fileName/UMABoneVisualizer.cs: c41cdfb228347cc1b6b889898bae7e0e -> 
  custom:scripting/monoscript/fileName/UMABonePosePropertyDrawer.cs: c3152ef74ea2dfd8dde462e0b3e6203e -> 
  custom:scripting/monoscript/fileName/DynamicDNAPluginMasterWeightDrawer.cs: c6f229cbb409be29dd82f92ab47f6045 -> 
  custom:scripting/monoscript/fileName/DynamicCharacterAvatar.cs: 6f9c86fdb5d496139b0385eeed9c05c0 -> 
  custom:scripting/monoscript/fileName/UmaRaceUpdaterWindow.cs: 7f4e99055e2e2792b40e5c3250f076f3 -> 
  custom:scripting/monoscript/fileName/DNADelegatesExample.cs: 346716e5d922be13ef83fe5075fb0107 -> 
  custom:scripting/monoscript/fileName/SlotDataAssetInspector.cs: 8e6df804351f0a09e6f7ec724e956303 -> 
  custom:scripting/monoscript/fileName/CodeGenTemplate.cs: 2e68bc6335426612b2eb74e600ea0862 -> 
  custom:scripting/monoscript/fileName/UMAAnimationTargetRenamer.cs: a2c288711ba4ae88291ddc83ce391f15 -> 
  custom:container-demuxer-webm: 4f35f7cbe854078d1ac9338744f61a02 -> 
  custom:scripting/monoscript/fileName/SlotDataAsset.cs: fde6d069b4a4bf1c6a8834681753c46f -> 
  custom:scripting/monoscript/fileName/MeshHideAsset.cs: 6c2f058d2cb2609fbae3827816b027ad -> 
  custom:scripting/monoscript/fileName/DecalDefinition.cs: c4e5cdfb119c9e91c3ff9a59dfa01587 -> 
  custom:scripting/monoscript/fileName/BinaryAssetWrapper.cs: be17c60c0f573c57634e62b2ab4828e1 -> 
  custom:scripting/monoscript/fileName/UMARandomAvatar.cs: c11aec423647a746034d75a671b9872e -> 
  custom:scripting/monoscript/fileName/JiggleButtEditor.cs: 82de61eecfeb19eb1a300b0a708dbf38 -> 
  custom:scripting/monoscript/fileName/InspectorUtlity.cs: 4ceca7565db74be2ab627d1311668d4f -> 
  custom:scripting/monoscript/fileName/UMAGenericPopupChoice.cs: 3373bc69d0cc40cb4ab0cee9dfd69ec8 -> 
  custom:scripting/monoscript/fileName/SlotBuilderParameters.cs: 294e1f9d243a7ac19bcd6d9bae9bd4f4 -> 
  custom:scripting/monoscript/fileName/SkeletonDNAConverterPlugin.cs: 050e91d0c24fa1d8e173d198fa3f7221 -> 
  custom:scripting/monoscript/fileName/EnumFlagsAttributeDrawer.cs: a754343d39ad8ca7fe99ba650fef11ae -> 
  custom:scripting/monoscript/fileName/UMAEvents.cs: 7da8fa7ba127609f4ca8530a062b13c8 -> 
  custom:scripting/monoscript/fileName/UMABonePoseBuildWindow.cs: 7b85af171af64b989b9755dd1942c061 -> 
  custom:scripting/monoscript/fileName/MeshModifierInspector.cs: 265d7fee28d65e29592c035c9d7c11fb -> 
  custom:scripting/monoscript/fileName/UMAMaterial.cs: 426c0c8ba9c3bc57c37e1feb553c6411 -> 
  custom:scripting/monoscript/fileName/UmaRaceTrack.cs: e0e2b9ac6fe1c5b80bca9848aa5608d3 -> 
  custom:scripting/monoscript/fileName/UMABoneVisualizerEditor.cs: 87343a84ce11c0352b06dbf2b0883bbb -> 
  custom:scripting/monoscript/fileName/IUMAIndexOptions.cs: d92dc5c00fbff3904d2d83cd6faa287d -> 
  custom:scripting/monoscript/fileName/BaseCharacterModifierPropertyDrawer.cs: fb0f67230c3a14aa5be8e8d8d60e6eae -> 
  custom:scripting/monoscript/fileName/WardrobeHandler.cs: 4dcc4acd49f08b27375eeb76d83d1b2d -> 
  custom:scripting/monoscript/fileName/SceneWalker.cs: 0e287aedbe56ddf19cc5f178dd187f1e -> 
  custom:scripting/monoscript/fileName/AssetItem.cs: 14d64c5e868e90e8c08785ba41339919 -> 
  custom:scripting/monoscript/fileName/UMASettingsProvider.cs: 560a4035087301b019c37674e07cd7e7 -> 
  custom:scripting/monoscript/fileName/UMAWardrobeCollection.cs: e026082f86f26972232464fe55b43965 -> 
  custom:scripting/monoscript/fileName/UMADnaHumanoid.cs: d47de6453cd6570e202b3c36f92953a2 -> 
  custom:scripting/monoscript/fileName/TutorialDNAConverterBehaviour.cs: d58f01d7ef61b2a92600f3576aa9669a -> 
  custom:scripting/monoscript/fileName/UMAPredefinedDNA.cs: 4b1755a845dd944a7fce85e03d0c562a -> 
  custom:scripting/monoscript/fileName/CachedReorderableList.cs: ac79fda0c5296d656fc25246321b917c -> 
  custom:scripting/monoscript/fileName/UMAJiggleBone.cs: 5eed003ff9b71bb362a60c724b47376a -> 
  custom:scripting/monoscript/fileName/DNAEvaluatorList.cs: fc52711450654838bd49ba3965453b6f -> 
  custom:scripting/monoscript/fileName/OptionsGUI.cs: 9bc0f4840cc6ff2a8cfba61b8c8044c1 -> 
  custom:scripting/monoscript/fileName/IDynamicDNAConverter.cs: 70bc5e39b206caf3fb2ab153b60d448b -> 
  custom:scripting/monoscript/fileName/UMAData.cs: 780fe4831ab59b5da2f68b9f29415896 -> 
  custom:scripting/monoscript/fileName/LocomotionSlotScript.cs: c8d23735fa97fe389654ff16d80a15cc -> 
  custom:scripting/monoscript/fileName/BlendshapeDNAConverterPlugin.cs: d062a3498e2100b406e08612589c35cf -> 
  custom:scripting/monoscript/fileName/allevents.cs: 6d267ad9469f86c02f4abf3a97d4f3c9 -> 
  custom:scripting/monoscript/fileName/EnvPresetChooser.cs: d6e9de2734fbdf44e9e2345055d66c20 -> 
  custom:scripting/monoscript/fileName/ShaderPackageImporter.cs: fb788ab3fdd39b9262df25019571477a -> 
  custom:scripting/monoscript/fileName/TextureProcessPro.cs: f82ed1000dfa14dfef5c4beaae7c54cf -> 
  custom:scripting/monoscript/fileName/SlotHandler.cs: dd558b467166bf946ef6abd5db74253b -> 
  custom:scripting/monoscript/fileName/UMADestroyLogger.cs: c72ba5471942a173ae1a7c33f20ece88 -> 
  custom:scripting/monoscript/fileName/UMADnaBase.cs: a3bf03a9db6fd61f168b4b147802c0e1 -> 
  custom:scripting/monoscript/fileName/DnaGUI.cs: 2dd9f2ebe32f01406b71f60fdf125a2f -> 
  custom:scripting/monoscript/fileName/UmaDnaClip.cs: d25d60e8a1b45ad245a7aea01b3fadff -> 
  custom:scripting/monoscript/fileName/EnvPreset.cs: df5ebdadf19c1f7c0725661b4108508f -> 
  custom:scripting/monoscript/fileName/TextureMerge.cs: a5757dee0803265f18c1bc8c046ad436 -> 
  custom:scripting/monoscript/fileName/FPSWalkerEnhanced.cs: d2686931f9798825a9e41e7326af10ee -> 
  custom:scripting/monoscript/fileName/DNAEffector.cs: e6914c023c36c26b7f5ce5ba24dc39ba -> 
  custom:scripting/monoscript/fileName/UmaWardrobeTrack.cs: 5b272da9cdcedb5d17986692e3b04bf1 -> 
  custom:scripting/monoscript/fileName/GUIHelper.cs: 0d724e4ba4f8dec4184f24be7017a055 -> d29ec1b6faa47dc3c531ea76fa2fa9e6
  custom:scripting/monoscript/fileName/UMAClothPropertiesInspector.cs: 0ad4b81aaf8abf0fd7013df16c632717 -> 
  custom:scripting/monoscript/fileName/DNARangeAsset.cs: bfd2e732d3d5cda0a5fcc1f99cd98f5e -> 
  custom:scripting/monoscript/fileName/UMAAssetCollection.cs: b5b2120572f4916d7e88331cea475580 -> 
  custom:scripting/monoscript/fileName/MyListPool.cs: 90647cc400823b41df847a6cbfc29026 -> 
  custom:scripting/monoscript/fileName/OverlayDataAsset.cs: 9674bef9074017278ab7153360770c9f -> 
  custom:scripting/monoscript/fileName/WelcomeToUMA.cs: dcce3ba7dac1a1e329e6f6ee62853388 -> 
  custom:scripting/monoscript/fileName/WardrobeCollectionDemoUI.cs: 813cf9159ffe132a16dd7748cce95cf0 -> 
  custom:container-muxer-webm: aa71ff27fc2769a1b78a27578f13a17b -> 
  custom:scripting/monoscript/fileName/DropdownWithColor.cs: 21226236368cdff03cc121d35e33e85b -> 
  custom:scripting/monoscript/fileName/DNASliderHandler.cs: 2b975e307dcb4f2f15767941a8879ba6 -> 
  custom:scripting/monoscript/fileName/UMAUVAttachedItem.cs: aacb0e9a5d997226f4d6552e2fc0d9db -> 
  custom:scripting/monoscript/fileName/DynamicUMADnaAssetEditor.cs: 15b09f71de8117fb39aa91cfaf79a5db -> 
  custom:scripting/monoscript/fileName/ReadmeEditor.cs: ff7ced1e41c1b99ddf5dfefc88f6bd50 -> 
  custom:scripting/monoscript/fileName/IEditorScene.cs: 71d2d3a4726a934118c1473309a01421 -> 
  custom:scripting/monoscript/fileName/OverallScaleDNAConverterPlugin.cs: 37785b8fefca885d7efe2dea4f4c1c3c -> 
  custom:scripting/monoscript/fileName/UMARandomizer.cs: d7c08d322c81373afcdd0dccdbc747ef -> 
  custom:scripting/monoscript/fileName/ColliderDefinition.cs: 3a53fcece84b5fe15254a135a2a4b907 -> 
  custom:video-decoder-webm-vp8: 9c59270c3fd7afecdb556c50c9e8de78 -> 
  custom:scripting/monoscript/fileName/UMARecipeCrowd.cs: 54c4317cdf62b503457ed4f4baeb524c -> 
  custom:scripting/monoscript/fileName/RecalculationSlot.cs: 8d92d34df906b66ca9221c6be5a56110 -> 
  custom:scripting/monoscript/fileName/UmaColorClip.cs: e762e8f742d4fe9dde5555e076a2c66f -> 
  custom:scripting/monoscript/fileName/PhotoBooth.cs: 73db0c4214bcedddbf2ef0301eb943d3 -> 
  custom:scripting/monoscript/fileName/UMAGlobalForceApplier.cs: c7af6e7d09343723996ea96b5cd912b9 -> 
  custom:scripting/monoscript/fileName/DynamicExpressionList.cs: 0a92869ac563b2979158a446159b5fa4 -> 
  custom:scripting/monoscript/fileName/ConstructDCAFromScratch.cs: 8dc7787c3a35bf98f1b5411906444bbb -> 
  custom:scripting/monoscript/fileName/ExpressionSlotScript.cs: b36e8d2cabda775b654630d49e90d5d1 -> 
  custom:scripting/monoscript/fileName/EnvPresetSwitch.cs: 1cc12e5a3c54fa9c790f04a0c477a654 -> 
  custom:scripting/monoscript/fileName/DNAEditor.cs: 1f2abfc40e5f7141692095417626f81c -> 
  custom:scripting/monoscript/fileName/DynamicCharacterAvatarEditor.cs: 419ac5a9f8321ad7fccdd87b1c9ed453 -> 
  custom:scripting/monoscript/fileName/AvailableColorsHandler.cs: 2ceea2a39a9044cdb6cba1f8acf3d975 -> 
  custom:scripting/monoscript/fileName/OverlayColorDataPropertyDrawer.cs: 5edb8f9ec5ee5fc3fa9dc24327278097 -> 
  custom:SearchIndexIgnoredProperties: e643bd26f0fe6173181afceb89e7c659 -> 
  custom:scripting/monoscript/fileName/SlotLibrary.cs: 0da0e6419144b047711e15384dbc1c0d -> 
  custom:scripting/monoscript/fileName/EditModeExpressionPreview.cs: bca2bdfb338e670d3c9bdd5e6cd2688a -> 
  custom:scripting/monoscript/fileName/StandAloneDNA.cs: b1910ba987630de8e8ef641e6c0665fe -> 
  custom:scripting/monoscript/fileName/ColorHandler.cs: 8f443dd9f151f1f719ebd738d6cb8af3 -> 
  custom:scripting/monoscript/fileName/UmaColorTrackEditor.cs: 3639105bbd5cd91868d4ff1e50db0f20 -> 
  custom:scripting/monoscript/fileName/SlotLibraryEditor.cs: 4713937095db22c2787ffa504c8e93fc -> 
  custom:scripting/monoscript/fileName/ColorSchemeAssetInspector.cs: 30a0dfd3f74d06d367a5fdfc8b8a54d5 -> 
  custom:AudioImporter_EditorPlatform: d09bf68614088b80899f8185d706f6e7 -> 
  custom:scripting/monoscript/fileName/DynamicCharacterSystemEditor.cs: 24be00ff2545921c1ebd39a50a6e7d3c -> 
  custom:scripting/monoscript/fileName/LODDisplay.cs: a854e6df6ba1cfba73ebac4d80a48868 -> 
  custom:scripting/monoscript/fileName/UMAUVAttachedItemBlendshapeAdjuster.cs: 8220d720548d456fccd78fdc8f29c8e1 -> 
  custom:scripting/monoscript/fileName/pWardrobeRecipeEditor.cs: 0cdf409b5aa8d4c25876d72b5c6a3b60 -> 
  custom:scripting/monoscript/fileName/UmaAboutWindow.cs: 629480ba67cae035e4fb363b02013d43 -> 
  custom:scripting/monoscript/fileName/ClothHelper.cs: 0a4f012cdac591de0576f8e1a338df23 -> 
  custom:scripting/monoscript/fileName/UMADynamicCharacterAvatarRecipeEditor.cs: 3f69c3168e66682eee886d869f9e8b6e -> 
  custom:scripting/monoscript/fileName/UMAMountedItem.cs: 4f5274cfff75be0ffab6f2dc6e1bf75c -> 
  custom:scripting/monoscript/fileName/Preloader.cs: e62fc63f994018c6c087ab2a192e2d8b -> 
  custom:scripting/monoscript/fileName/SaveAndLoadSample.cs: 7a44f0c23379b4f35bb66f08dfdbd51d -> 
  custom:scripting/monoscript/fileName/ClothHelperEditor.cs: bd394e556d1016d268483e8588c28661 -> 
  custom:scripting/monoscript/fileName/UMAFavorite.cs: b2121bd978afa4e4e2a65d4cbb289529 -> 
  custom:scripting/monoscript/fileName/InteractiveWindow.cs: 2acdc8755469425d7f06e0074dd38739 -> 
  custom:scripting/monoscript/fileName/SkeletonModifier.cs: fd28b14e44a310e3469cc87074cb3025 -> 
  custom:scripting/monoscript/fileName/UMAObjExporter.cs: 12f42fc4fba91bc71bf35f049e258269 -> 
  custom:scripting/monoscript/fileName/MeshHideInspector.cs: 4bb55cc120fc0c12f2d7ccb3e96fca9b -> 
  custom:scripting/monoscript/fileName/UMAPostProcess.cs: 02f28fb63844bb8270d01935f609f8cd -> 
  custom:scripting/monoscript/fileName/UMAAvatarLoadSaveMenuItems.cs: 4441393304752b46499c62406e37b7fc -> 
  custom:scripting/monoscript/fileName/UMAMouseOrbitImproved.cs: 303f4a83bb57d70d7e5afc768a19cb85 -> 
  custom:scripting/monoscript/fileName/DynamicOverlayLibraryEditor.cs: c92d9401f4903c8d21243ded58d81ee1 -> 
  custom:scripting/monoscript/fileName/UMAWardrobeRecipe.cs: cf3329a4aab88bff47c92b6014380f3a -> 
  custom:scripting/monoscript/fileName/UMAPhysicsAvatar.cs: e47bbe668c2fe587b94a70b1d5e192ea -> 
  custom:scripting/monoscript/fileName/HumanoidDNAConverterBehaviour.cs: 48733b359a0a11b506b48b7d54e0dfd2 -> 
  custom:scripting/monoscript/fileName/DynamicUMADnaAsset.cs: 1b5a1c90af646d9945837bcfe36c72ef -> 
  custom:scripting/monoscript/fileName/UMASettings.cs: 2ad8db19091104384d47b5231fe4d6c0 -> 
  custom:scripting/monoscript/fileName/DynamicUMADna.cs: 65d5f8253be6f15bea7a26709c34ae75 -> 
  custom:scripting/monoscript/fileName/UMABonePoseEditorContext.cs: ab7763119fc955150cc41f8d66a87f9d -> 
  custom:scripting/monoscript/fileName/UMAMaterialInspector.cs: dfb8c23f0b470ebc4bc6ac5ee665784f -> 
  custom:scripting/monoscript/fileName/UMACrowdRandomSet.cs: 9f84f48d0a1f4bb6ee7b48730f38e130 -> 
  custom:scripting/monoscript/fileName/IColorSelector.cs: 2339a7ab0f0a99ff2dddbe950711793a -> 
  custom:scripting/monoscript/fileName/VertexAdjustmentCollection.cs: 1511bc2bc8b4b3487863a3afee09b75a -> 
  custom:scripting/monoscript/fileName/UmaRaceClip.cs: aec6ddbc0f6acd5f5cc70a2ccf1ecdc3 -> 
  custom:scripting/monoscript/fileName/DisplayListWindow.cs: 6365030e4499970245d70d80c3a90780 -> 
  custom:scripting/monoscript/fileName/DNAConverterField.cs: 7c5f766c46e95231488074152598ce3f -> 
  custom:scripting/monoscript/fileName/DynamicCharacterSystem.cs: f96cb30f7dbddfab3616e0b8ae831122 -> 
  custom:scripting/monoscript/fileName/SerializedPropertyExtensions.cs: 23dd8e889fd764d7f6724efaed182f3a -> 
  custom:scripting/monoscript/fileName/InspectorButton.cs: 8c6c7e1b6d90211158326baffd779cf2 -> 
  custom:scripting/monoscript/fileName/UMAGeneratorGlibEditor.cs: e3dd6bc008386294d14c63241a3f05be -> 
  custom:scripting/monoscript/fileName/DynamicCharacterSystemBase.cs: 2456bea76faaf56d71f7890291a8992d -> 
  custom:scripting/monoscript/fileName/UMAPlayOnAwake.cs: ea74d879b178158a1ccd1bf7857bb8c9 -> 
  custom:scripting/monoscript/fileName/UmaTPoseInspector.cs: 993a6cad702aec03936d2f401e61f0a6 -> 
  custom:scripting/monoscript/fileName/UMAGeneratorEditor.cs: f03518b78ec4d74e86b6d4bce1b23aaa -> 
  custom:scripting/monoscript/fileName/CustomPreviewStage.cs: 11fc2387f926c0c2fc36c1b47eb46ecd -> 
  custom:scripting/monoscript/fileName/UMAExpressionSetInspector.cs: 4805ee078f73fb5fcf8f3ffa695a131d -> 
  custom:scripting/monoscript/fileName/DNAEvaluationGraphPresetLibrary.cs: 6d9e3baf957804e7703d28909c285ea6 -> 
  custom:scripting/monoscript/fileName/UMAWelcomeScenesEditor.cs: b9a62de40579f956b978ddb4a401f8a0 -> 
  custom:scripting/monoscript/fileName/SeamRemoval.cs: 0e016d120b49c05941065f9ef0be62e4 -> 
  custom:scripting/monoscript/fileName/UMADynamicBoneJiggle.cs: e50d63855e011cc451223a9cfdc184bc -> 
  custom:scripting/monoscript/fileName/DynamicDNAPlugin.cs: 03a573e152f92d23bc542c40848c71d3 -> 
  custom:scripting/monoscript/fileName/ColorPickerGUI.cs: 3b3b2f84bcee6cffd12812d6e69f629f -> 
  custom:scripting/monoscript/fileName/UMA_JiggleElement.cs: 74e54a7c0c920430b938bf9cfc0c42d9 -> 
  custom:scripting/monoscript/fileName/FileUtils.cs: 63e62842badc837cd4f0561dafc0d755 -> 
  custom:scripting/monoscript/fileName/UMAPhysicsElement.cs: f2623c6490e2be88995e139e72f5a810 -> 
  custom:scripting/monoscript/fileName/UMAWebGLSetup.cs: 3dde4607c6fb257296de4fe8a205f323 -> 
  custom:scripting/monoscript/fileName/PreviewWindow.cs: 53ff858c55f6e5e10f9d30f83fac734b -> 
  custom:scripting/monoscript/fileName/MouseLook.cs: a364a816c5a70eac40dd93c32c47709b -> 02bafd22af827e561c2131ae88bbd075
  custom:scripting/monoscript/fileName/UMARecipeMixer.cs: 47106181a1f9a7892f3541817c0607d4 -> 
  custom:scripting/monoscript/fileName/EnumFlagsAttribute.cs: 35fae2b96d6fee5c0fa3788d54fd2493 -> 
  custom:scripting/monoscript/fileName/UMAWardrobeRecipeEditor.cs: ba21b9d2f458e6fb9d7385abd2eb9ff3 -> 
  custom:scripting/monoscript/fileName/UMA_JiggleButt.cs: 94ecf42a7178deae052f9d6443a6dea3 -> 
  custom:scripting/monoscript/fileName/MeshModifier.cs: 7c1780adc6c94172ec4ad5d66643ebcb -> 
  custom:scripting/monoscript/fileName/ColorDNAConverterPropertyDrawers.cs: a91fa6d72a10441d9b2e78497d855387 -> 
  custom:scripting/monoscript/fileName/UMAPhysicsSlotDefinition.cs: c68c5daa8a6602857129194e5de56367 -> 
  custom:scripting/monoscript/fileName/UMAGenericPopupSelection.cs: d1433b7b8bb92788613dec5fc49abb30 -> 
  custom:scripting/monoscript/fileName/IDynamicExpression.cs: a5ba58e8f7fd6b6988831bc1d383b2f5 -> 
  custom:scripting/monoscript/fileName/OverlayDataAssetInspector.cs: c30a0bf1979891b0d8d2a6fd0a938ebe -> 
  custom:scripting/monoscript/fileName/TextureCombiner.cs: e8d8e8e814c2fc0909c2139b8897bb7e -> 
  custom:scripting/monoscript/fileName/UmaDnaTrack.cs: 04cb4080c73a29cd1bc919ed537fe36a -> 
  custom:scripting/monoscript/fileName/ExpressionPlayer.cs: 068efb5e8c68ab7a8de3c4a2c1c4078b -> 
  custom:scripting/monoscript/fileName/UMAChannelCombiner.cs: 5beda8700a15cea103c4314b1095efe4 -> 
  custom:scripting/monoscript/fileName/DynamicDNAConverterController.cs: de41c61552cebae012827320d5ef2de8 -> 
  custom:scripting/monoscript/fileName/SharedColorTableEditor.cs: 8b1d7c7c6304bc57610913cb9885d06a -> 
  custom:scripting/monoscript/fileName/UMAPhysicsAvatarEditor.cs: 837a4e2c04ec7729b5a7a2ede24d41ad -> 
  custom:scripting/monoscript/fileName/OverlayLibraryEditor.cs: e49e29aa25700a7581ac8df95ed13290 -> 
  custom:scripting/monoscript/fileName/OverlayLibraryBase.cs: ca4f0d3597d80b240e670811997679bc -> 
  custom:scripting/monoscript/fileName/UMADefaultMeshCombiner.cs: c45b6e03ac843c393626170fcd8ca1b6 -> 
  custom:scripting/monoscript/fileName/ShaderPackageImporterEditor.cs: 06f789fa7be74db4c17968ebf834f9d8 -> 
  custom:scripting/monoscript/fileName/TreeModel.cs: 90647cc400823b41df847a6cbfc29026 -> 
  custom:scripting/monoscript/fileName/FPSCounter.cs: 9c8b395bab3714e78baa59d2fab75d3c -> 
  custom:scripting/monoscript/fileName/UMASimpleLODEditor.cs: 70034b0b5ded45ad515caa814ac4a938 -> 
  custom:scripting/monoscript/fileName/NewUMAGUI.cs: 99e96c83e1ae7855b8d84cb1053d4c80 -> 
  custom:scripting/monoscript/fileName/ConstructDCAFromAPrefab.cs: 9db8dc9d5343a4fd0bbd0c78a2414d1d -> 
  custom:scripting/monoscript/fileName/AssetTreeElement.cs: f83bf6a2a982eaa43c0f49052e20bf46 -> 
  custom:scripting/monoscript/fileName/DynamicRaceLibrary.cs: 34c0385d146d94554f2f55f1e7db7c48 -> 
  custom:scripting/monoscript/fileName/IUMAEventHookup.cs: a1eeb3a084495e02bd8394c8429dc8cb -> 
  custom:scripting/monoscript/fileName/SkinnedMeshAligner.cs: 980f31f70efe1442a17b7ddb523ed06f -> 
  custom:scripting/monoscript/fileName/UMASimpleLOD.cs: eea0fe7ec4764a910c64cfef247c8574 -> 
  custom:scripting/monoscript/fileName/INameProvider.cs: 786b9a95e4146f3cafddef3d19c0262e -> 
  custom:scripting/monoscript/fileName/UMABoneCleaner.cs: f5eaca84475952258357c5404eb70f37 -> 
  custom:scripting/monoscript/fileName/UmaSlotBuilderWindow.cs: 1c930615742655ca40b03094d36046d5 -> 
  custom:scripting/monoscript/fileName/SpeedCheck.cs: 54d1baab5c6760fad0bd635587675545 -> 
  custom:scripting/monoscript/fileName/GeometrySelector.cs: f4b0a4438609550aaa4bee0e7b8ce1c0 -> 
  custom:scripting/monoscript/fileName/pUMATextRecipe.cs: 5e2ab9cfe81e04de31d18dbafae66b8c -> 
  custom:scripting/monoscript/fileName/RenderTexToCPU.cs: 2e485faf88447d47bb7891be73e15cfb -> 
  custom:scripting/monoscript/fileName/EnumExtensions.cs: aef4f61f974f9e10f719873723b9d6ec -> 872fcb89b813d64606e680211dede528
  custom:scripting/monoscript/fileName/RaceLibrary.cs: c5c4802823848f33569477f3cb11b5cb -> 
  custom:scripting/monoscript/fileName/UMASlotVerifyWizard.cs: 0b8a5f2824350963e8debf4e461b9cee -> 
  custom:scripting/monoscript/fileName/UMABonePoseEditor.cs: 9f907287d58b8120de0b228c03910c62 -> 
  custom:video-encoder-webm-vp8: eb34c28f22e8b96e1ab97ce403110664 -> 
  custom:scripting/monoscript/fileName/LogToText.cs: 5f21700d4586c84e97d163ae8313f04b -> 
  custom:scripting/monoscript/fileName/UMARandomizerEditor.cs: 3938b03220edb5ad0ec75745ba2459ff -> 
  custom:scripting/monoscript/fileName/SwayBone.cs: d6c06726aed14b10097052addd5a3f62 -> 
  custom:scripting/monoscript/fileName/SmoothMouseLook.cs: 873dbd5cf57037779b978a5baa117678 -> 
  custom:scripting/monoscript/fileName/UMAPhysicsSlotEditor.cs: 485f66e39776b6296177641af3d9cdf3 -> 
  custom:scripting/monoscript/fileName/UMAAssetFieldVisible.cs: f9b259d7c53c9eb3a1735e62b476f8fa -> 
  custom:scripting/monoscript/fileName/UMA_JiggleBreasts.cs: c5aaae757e5dbd9de9312f5e9c8b4a5e -> 
  custom:scripting/monoscript/fileName/RaceAnimatorListPropertyDrawer.cs: 96c003ef61893a6cf6e33f486ecc9583 -> 
  custom:scripting/monoscript/fileName/PopupAssetInspector.cs: 01cf53c92eecbee121d8744fe2439ea2 -> 
  custom:audio-decoder-ogg-vorbis: bf7c407c2cedff20999df2af8eb42d56 -> 
  custom:scripting/monoscript/fileName/TreeElementUtility.cs: 54dee75625b3fbb9cbec7969c750e8cc -> 
  custom:scripting/monoscript/fileName/WardrobeCollectionDemoBtn.cs: 6b3c7c2fabf39d88ae00c812043a5e75 -> 
  custom:scripting/monoscript/fileName/UMAAssetCollectionEditor.cs: 1319385bc72dcc49f41aaf6291489952 -> 
  custom:scripting/monoscript/fileName/DynamicRaceLibraryEditor.cs: 92d5c19d0050732891000e04d46a15be -> 
  custom:scripting/monoscript/fileName/UMAGeneratorStub.cs: 8a625632c20f0c2d7aa7d3c1935d1607 -> 
  custom:scripting/monoscript/fileName/TreeViewWithTreeModel.cs: 0cdf409b5aa8d4c25876d72b5c6a3b60 -> 
  custom:scripting/monoscript/fileName/DynamicOverlayLibrary.cs: 556d47bc827eda245a06a096e9cdd45b -> 
  custom:scripting/monoscript/fileName/TreeElement.cs: 3819718650101ed8174da82864567d10 -> 
  custom:scripting/monoscript/fileName/UMAGeneratorPro.cs: 631a707b2190174a6b57186b57a665b6 -> 
  custom:scripting/monoscript/fileName/UMAPackedRecipeBase.cs: 6d6267ea4cbc13afb207a5211bc1e5c4 -> 
  custom:scripting/monoscript/fileName/UMAMeshData.cs: 3193dbfe081452e796120bc2758376e7 -> 
  custom:scripting/monoscript/fileName/ActiveObjectSwitcher.cs: 53ebf0e7200b4ef778df5a6cf15197cb -> 
  custom:scripting/monoscript/fileName/UMAGeneratorBuiltin.cs: 9dd77b74a6641823ff5cebba0a3ecec0 -> 
  custom:scripting/monoscript/fileName/SlotToMesh.cs: fc949e98e4254f1513da8d2a614e6bb3 -> 
  custom:scripting/monoscript/fileName/pUMAAssetIndexer.cs: 90647cc400823b41df847a6cbfc29026 -> 
  custom:scripting/monoscript/fileName/ItemEffector.cs: a6c7940b58b7f01fd3d57cd4d7ef820a -> 
  custom:scripting/monoscript/fileName/PowerToolsIntegration.cs: 0088fb368ac019d493588f7d04b79d89 -> 
  custom:scripting/monoscript/fileName/UMALODConversionSetEditor.cs: 4f913f69c8af0f6c759e9cdb1c564c68 -> 
  custom:scripting/monoscript/fileName/UMAUVAttachedItemManager.cs: c82432d1e87975810ff2853a7309dad4 -> 
  custom:scripting/monoscript/fileName/UMAAvatarBase.cs: 33985a8e9922a574158833936f4b6e9a -> 
  custom:scripting/monoscript/fileName/DNARangeInspector.cs: 87b785675427978a4472fafb91e6dfdb -> 
  custom:scripting/monoscript/fileName/UMAUtils.cs: 4da54b8fad1dbf6a7678e52087295bad -> 
  custom:scripting/monoscript/fileName/DNAConverterListPropertyDrawer.cs: 40119da9c572297b7db3eaba40173744 -> 
  custom:scripting/monoscript/fileName/UMAUpdateProcessor.cs: 24d611e88551d21edf27e49196067cd6 -> 
  custom:scripting/monoscript/fileName/UMARendererAsset.cs: 0d4ce87561d157c2540c17b1f42e3d64 -> 
  custom:scripting/monoscript/fileName/DecalEditor.cs: 732928e1c5567a37b2f6d3776f579be5 -> 
  custom:scripting/monoscript/fileName/DNAEvaluationGraphPresetLibraryInspector.cs: 82ffb8ea472d4d16f8eb61f2930c6fd8 -> 
  custom:scripting/monoscript/fileName/UMADynamicAvatar.cs: dd3845b84bfe75793521684e64d1970c -> 
  custom:scripting/monoscript/fileName/UMADna_Generated.cs: df8e117b63cfd2561a1c381a0f5706ea -> 
  custom:scripting/monoscript/fileName/UMAResourceNotFoundException.cs: c56df80791210e4b85aaf5f1ccab49a9 -> 
  custom:scripting/monoscript/fileName/UmaRaceBehaviour.cs: 956f8e2495c6eeb93fe906ffb1c52ec0 -> 
  custom:scripting/monoscript/fileName/DynamicUMADnaBase.cs: 1dff3148eb0a83152bd0de6cbdee00c9 -> 
  custom:scripting/monoscript/fileName/BRDFLookupTexture.cs: 914cde7f86a7c1c488f6412eca7f9787 -> 
  custom:scripting/monoscript/fileName/ExpressionPlayerInspector.cs: ac5a3679a748cd7116dd68176808a88b -> 
  custom:scripting/monoscript/fileName/OverlayInspector.cs: bad27a29619cbcf89cafcb0b3da6892a -> 
  custom:scripting/monoscript/fileName/UMAExpressionSet.cs: 071c4208986d1c246d9fc6a68ebaded9 -> 
  custom:scripting/monoscript/fileName/MeshModifierEditor.cs: 37e10ad396c5cd2786ccca383a2d1750 -> 
  custom:scripting/monoscript/fileName/UMA_JiggleBelly.cs: 957c5d66dc7812b2ae5f406fd55d6017 -> 
  custom:scripting/monoscript/fileName/UMAExpressionPlayer.cs: 09c13b19144b932f5b835eda01ef2cf5 -> 
  custom:scripting/monoscript/fileName/UMAMountedItemSample.cs: 2b8f19dad10496381f2fc96050be8219 -> 
  custom:scripting/monoscript/fileName/UmaColorMixerBehaviour.cs: 19ad19478ac67fd1ed29a1ad3e805c1c -> 
  custom:scripting/monoscript/fileName/UMAUVAttachedItemPreprocessor.cs: 74bc375d3ffa70b28275db137c9d3350 -> 
  custom:scripting/monoscript/fileName/UMAUVAttachedItemLauncher.cs: 1f5707965ee4b1eb5a34d1656697725a -> 
  custom:scripting/monoscript/fileName/TestCustomizerDD.cs: 629f22e091bbd8791cab6df25b2b58a6 -> 
  custom:scripting/monoscript/fileName/Locomotion.cs: 30e74cbd7f2eaa8db862947eab187352 -> 
  custom:scripting/monoscript/fileName/RaceLibraryBase.cs: e5d9a0846e126f44453e8ae7fea2ea66 -> 
  custom:scripting/monoscript/fileName/AvatarDefinition.cs: aee6969321f95026de7fb416eb0beccd -> 
  custom:scripting/monoscript/fileName/IUMAAddressablePlugin.cs: b6e6f0ab7bef81d5ac8623d814aef662 -> 
  custom:scripting/monoscript/fileName/UMAColorFader.cs: bc91112d554ba9a8f7c8d7f5bb602b5b -> 
  custom:scripting/monoscript/fileName/UMACharacterCustomization.cs: 6309278b418a30aac6728102add55b57 -> 
  custom:scripting/monoscript/fileName/UMATextureCombiner.cs: 8421194fff2018667513dc6b8ba01a3b -> 
  custom:scripting/monoscript/fileName/IDNAConverter.cs: b4c67ac01788d30fdeb9beb395da98e8 -> 
  custom:scripting/monoscript/fileName/UMADNAToBonePoseWindow.cs: c560833e1d469322f5db998e5806d700 -> 
  custom:scripting/monoscript/fileName/DnaConverterBehaviour.cs: 861f735a3231a0387a965aa738fa39c4 -> 
  custom:scripting/monoscript/fileName/CSColorChangerDD.cs: a6f84f4f90d405def2b9cdc480bc5d5e -> 
  custom:scripting/monoscript/fileName/UmaColorBehaviour.cs: 94ae4163a6d9a55b6ee28929f4f233fe -> 
  custom:scripting/monoscript/fileName/OverlayData.cs: 4ed8f6e0f5b517c36bbbe115bdb58808 -> 
  custom:scripting/monoscript/fileName/SRPAdjuster.cs: 9500caf996d8fad34e73462ed8a1755c -> 
  custom:scripting/monoscript/fileName/CapsuleColliderSlotScript.cs: 34c7d6b3c68fb059e66f667c8f58eee6 -> 
  custom:scripting/monoscript/fileName/UMADNAHelperTools.cs: c80b0db54a47e6a59fd1f8b2624317c0 -> 
  custom:scripting/monoscript/fileName/ShaderPackagePostProcessor.cs: 74998fb3237666b26c16c3ffbc5f6f1d -> 
  custom:audio-encoder-webm-vorbis: bf7c407c2cedff20999df2af8eb42d56 -> 
  custom:scripting/monoscript/fileName/MaxRectsBinPack.cs: b29c113a01f21bc93d0f3ef2c5d0a61c -> 
  custom:scripting/monoscript/fileName/DynamicExpressionBonePose.cs: 0c52bbe3b21990224937db4e60b659b4 -> 
  custom:scripting/monoscript/fileName/UMALODDemoScript.cs: cc5649334f76a34eaec5bb78d906a345 -> 
  custom:scripting/monoscript/fileName/UMAFavoriteWindow.cs: a2c9fd7d112c129fe060df449ad336c3 -> 
  custom:scripting/monoscript/fileName/Rotator.cs: d89a0d253809f9121d3d8b83de3166a0 -> 
  custom:scripting/monoscript/fileName/DynamicDNAConverterControllerPropertyDrawer.cs: 460329574a590ba2ecbcaef2b43b1602 -> 
  custom:scripting/monoscript/fileName/SkinnedMeshCombiner.cs: b60c0206b4dfcc7f3fec0d917aa6a32e -> 
  custom:scripting/monoscript/fileName/transformdeepchildextension.cs: 67e708fff7b31d428ec401404dae0d83 -> 
  custom:scripting/monoscript/fileName/UMAGlobalContext.cs: 6edd8e6e2df93ec66d63402278929ca7 -> 
  custom:scripting/monoscript/fileName/UMADnaTweaker.cs: 59202901b81b8d568425f2b249a273d8 -> 
  custom:scripting/monoscript/fileName/UmaWardrobeClip.cs: 22eee0fa3af1faba5d09f78472260360 -> 
  custom:scripting/monoscript/fileName/TwistBones.cs: 7536849104c42772737e6f5e648ac722 -> 
  custom:scripting/monoscript/fileName/UmaDnaMixerBehaviour.cs: 1e014093ffde8aa2469af0b09e9e7c1c -> 
  custom:scripting/monoscript/fileName/UMANormalViewer.cs: b96e498781386f1a439ab1ac9bfaf071 -> 
  custom:scripting/monoscript/fileName/DNAEvaluationGraph.cs: 8de93b4b0f55275b35ce67c6b634e1c7 -> 
  custom:scripting/monoscript/fileName/UMARecipeBase.cs: ef6b95d4e1172e59c2d3f1d6f7fede38 -> 
  custom:scripting/monoscript/fileName/UmaTPose.cs: 88782b7fc85b7be25dae52074e0d6ccb -> 
  custom:scripting/monoscript/fileName/ImportProcessor.cs: cdee403c54d658ac8409dd652b2d1ae7 -> 
  custom:scripting/monoscript/fileName/ForearmTwistSlotScript.cs: 62b4a38c199f128aa27c3586314c59a5 -> 
  custom:scripting/monoscript/fileName/UMADnaTutorial.cs: f6970cc8a4309337062fc009fc3136a7 -> 
  custom:scripting/monoscript/fileName/SceneLoader.cs: cae4e9c1d887c32c8ec8308c0f1acb66 -> 
  custom:scripting/monoscript/fileName/DynamicSlotLibrary.cs: fa184b08f85e4f5d4bc4b12249691fc8 -> 
  custom:scripting/monoscript/fileName/CameraTrack.cs: b67b615a9aee9854cb11aca7c081c14f -> 
  custom:scripting/monoscript/fileName/ConvertToSubstance.cs: 66bc718956c8a898cdb9de7da592dfcb -> 
  custom:scripting/monoscript/fileName/UMACrowd.cs: 9e06de634c082113d5e505fb08660989 -> 
  custom:scripting/monoscript/fileName/UMAContext.cs: ab7ffcd51b36767ad34fca4eda0d9c8c -> 
  custom:scripting/monoscript/fileName/DNAConverterList.cs: c9763b0ffb3d45bb8b8fbae744a922df -> 
  custom:scripting/monoscript/fileName/EnvPresetChooserEd.cs: f82f0750314e5eb4ba7a4dbb75069531 -> 
  custom:scripting/monoscript/fileName/GeometrySelectorWindow.cs: 58a931072d8b22d04a81ec32adffddc4 -> 
  custom:scripting/monoscript/fileName/SimpleCameraController.cs: 639b45e76fa5fda920a92b90c69d9e74 -> 
  custom:scripting/monoscript/fileName/MobileAddressablesSampleCode.cs: 2acee02fb99405de20ebd4a468683c33 -> 
  custom:scripting/monoscript/fileName/UMAWardrobeCollectionEditor.cs: a2d1200ed872aad112cbb4460473e506 -> 
  custom:scripting/monoscript/fileName/pRaceData.cs: 94f8e54b68df661c8d45e8cea71cf2f5 -> 
  custom:scripting/monoscript/fileName/PhotoBoothInspector.cs: bff18cffdcf8895860480b3146ec5116 -> 
  custom:scripting/monoscript/fileName/IUMARecipePlugin.cs: 965b4d2019f24af5f221c45edaa547aa -> 
  custom:scripting/monoscript/fileName/UMAMountedItemEditor.cs: 79d0258c8c6ea7450316d93a0546ccea -> 
  custom:scripting/monoscript/fileName/UMAWelcomeScenes.cs: 65ef4999eae8c907514578d0e09b3744 -> 
========================================================================
Received Prepare
Caller must complete domain reload
Begin MonoManager ReloadAssembly
- Loaded All Assemblies, in  0.277 seconds
Native extension for WindowsStandalone target not found
Mono: successfully reloaded assembly
- Finished resetting the current domain, in  0.537 seconds
Domain Reload Profiling: 813ms
	BeginReloadAssembly (100ms)
		ExecutionOrderSort (0ms)
		DisableScriptedObjects (3ms)
		BackupInstance (0ms)
		ReleaseScriptingObjects (0ms)
		CreateAndSetChildDomain (22ms)
	RebuildCommonClasses (21ms)
	RebuildNativeTypeToScriptingClass (6ms)
	initialDomainReloadingComplete (17ms)
	LoadAllAssembliesAndSetupDomain (131ms)
		LoadAssemblies (172ms)
		RebuildTransferFunctionScriptingTraits (0ms)
		AnalyzeDomain (12ms)
			TypeCache.Refresh (6ms)
				TypeCache.ScanAssembly (0ms)
			ScanForSourceGeneratedMonoScriptInfo (0ms)
			ResolveRequiredComponents (3ms)
	FinalizeReload (537ms)
		ReleaseScriptCaches (0ms)
		RebuildScriptCaches (0ms)
		SetupLoadedEditorAssemblies (290ms)
			LogAssemblyErrors (0ms)
			InitializePlatformSupportModulesInManaged (5ms)
			SetLoadedEditorAssemblies (4ms)
			RefreshPlugins (0ms)
			BeforeProcessingInitializeOnLoad (46ms)
			ProcessInitializeOnLoadAttributes (214ms)
			ProcessInitializeOnLoadMethodAttributes (17ms)
			AfterProcessingInitializeOnLoad (5ms)
			EditorAssembliesLoaded (0ms)
		ExecutionOrderSort2 (0ms)
		AwakeInstancesAfterBackupRestoration (5ms)
Refreshing native plugins compatible for Editor in 2.19 ms, found 4 plugins.
Preloading 0 native plugins for Editor in 0.00 ms.
Unloading 3522 Unused Serialized files (Serialized files now loaded: 0)
Unloading 17 unused Assets / (30.0 KB). Loaded Objects now: 4020.
Memory consumption went from 138.1 MB to 138.0 MB.
Total: 2.600000 ms (FindLiveObjects: 0.287800 ms CreateObjectMapping: 0.089600 ms MarkObjects: 2.187000 ms  DeleteObjects: 0.034600 ms)

Prepare: number of updated asset objects reloaded= 0
AssetImportParameters requested are different than current active one (requested -> active):
  custom:scripting/monoscript/fileName/SharedColorTable.cs: b29c7754538ee047ea44798a660ea872 -> 
  custom:scripting/monoscript/fileName/DCARendererManagerEditor.cs: 67ef15e8b1aa313829bf52e55af0d477 -> 
  custom:scripting/monoscript/fileName/CreateCleanAnimationMenu.cs: 6616098c6a37d0186f8ecbdfbc7058ac -> 
  custom:scripting/monoscript/fileName/UMAAddressablesSupport.cs: 6fdbe5a5f00c901e3fa772816a9379c3 -> 
  custom:scripting/monoscript/fileName/UMAGenerator.cs: 7a60fcb671e738c86c899020cc2dd0ce -> 
  custom:scripting/monoscript/fileName/SkeletonModifierPropertyDrawer.cs: 803dd4c8a5a389e51870ed353af9007e -> 
  custom:scripting/monoscript/fileName/IItemSelector.cs: 2fc90b8d45ccc5807f98200bbaad0300 -> 
  custom:scripting/monoscript/fileName/UMASlotProcessingUtil.cs: 7b1c52f7696398519b1f9f349b94c65b -> 
  custom:scripting/monoscript/fileName/UMABonePoseUtilities.cs: cbc63700817303c17390d46920a9adab -> 
  custom:scripting/monoscript/fileName/AssetIndexerWindow.cs: 300b315a67d22844623b77c40d8ddc14 -> 
  custom:scripting/monoscript/fileName/DNAEvaluator.cs: 1401bdd3d771a51f79a80982c680825b -> 
  custom:scripting/monoscript/fileName/OverlayViewer.cs: 614502dfd04a9a690c461ec28f9269f7 -> 
  custom:scripting/monoscript/fileName/DNAConverterFieldPropertyDrawer.cs: c2ac47777841cb73f9215153dbd0b351 -> 
  custom:scripting/monoscript/fileName/UMAExtendedAvatar.cs: 93177ff9d53f6faf85797198a468383e -> 
  custom:scripting/monoscript/fileName/DynamicDNAPluginInspector.cs: bf7766b190ac11f5a6d683d6cba23075 -> 
  custom:scripting/monoscript/fileName/FindComponentUsages.cs: edcd7cba1ba6bbf2bcb89e34626eed5b -> 
  custom:scripting/monoscript/fileName/MassChangeImporterSettings.cs: ce3ecd9186161f5966d920d4eb828845 -> 
  custom:container-demuxer-ogg: 62fdf1f143b41e24485cea50d1cbac27 -> 
  custom:scripting/monoscript/fileName/UMAMaterialPropertyBlockDrawer.cs: b0d7ce2101bdc87405f6445280a49493 -> 
  custom:scripting/monoscript/fileName/DynamicUMADnaAssetPropertyDrawer.cs: 358c7b177d2c2b8f88e2c7af1ced1ac4 -> 
  custom:scripting/monoscript/fileName/UMAGeneratorBuiltinEditor.cs: cfbf169a8d103bb7b80ae175fd01e7f5 -> 
  custom:scripting/monoscript/fileName/DNAPanel.cs: 02c175fc4b90040042d9f65eccc66a8d -> 
  custom:scripting/monoscript/fileName/ColorDNAConverterPlugin.cs: 6e36e9a457152acfc72bb0c91e227082 -> 
  custom:scripting/monoscript/fileName/OverlayLibrary.cs: d6821827359c3f54dfe6d747d6dd2c08 -> 
  custom:scripting/monoscript/fileName/UMALODLogger.cs: f556ad8a039ff34d74df6d4c4c24bfe7 -> 
  custom:scripting/monoscript/fileName/VertexAdjuster.cs: 028ab02f410de692eb17eaee9c87e6bf -> 
  custom:scripting/monoscript/fileName/SliderController.cs: 775367cfdc6573803e33539864036ff9 -> 
  custom:scripting/monoscript/fileName/UMABlendShapeExpressions.cs: 327628553453743ed9dc2e196e336322 -> 
  custom:scripting/monoscript/fileName/UMAMaterialPropertyBlock.cs: b1042a1175cceb39201cdc87fed0d603 -> 
  custom:scripting/monoscript/fileName/UMAClothProperties.cs: 202102d0fc505693925e116b8028b1ba -> 
  custom:scripting/monoscript/fileName/DynamicDNAConverterControllerInspector.cs: 1e19c3a75c964a2abb0beb95bf672995 -> 
  custom:scripting/monoscript/fileName/CSLoadableItem.cs: cd777e66a70f7d1e085cd670331d146b -> 
  custom:scripting/monoscript/fileName/UmaWardrobeBehaviourEditor.cs: 79b6626d153e4e21141efbb19e5e79e9 -> 
  custom:scripting/monoscript/fileName/pTextRecipeEditor.cs: 90647cc400823b41df847a6cbfc29026 -> 
  custom:scripting/monoscript/fileName/BuildPreprocessor.cs: 6f046dd131e52d15508df7771814521d -> 
  custom:scripting/monoscript/fileName/WorkerCoroutine.cs: 72f3a875cd0c1930230a04a916cdb128 -> 
  custom:scripting/monoscript/fileName/ColorEffector.cs: f60b99292208c8135f7d50b6e13a40df -> 
  custom:video-codec-MediaFoundation-h265: 746d11721c4dcdbdad8f713fa42b33f4 -> 
  custom:scripting/monoscript/fileName/UMAMeshDataPropertyDrawer.cs: 86eead05783829d19253294123c031e6 -> 
  custom:scripting/monoscript/fileName/SkeletonTools.cs: addc8377764095ca70526db8e5685e86 -> 
  custom:scripting/monoscript/fileName/GeometryUVEditorWindow.cs: 59a291c62a5ceff6be0c13b5c1048e8b -> 
  custom:scripting/monoscript/fileName/CharacterMovement.cs: 1673cf7be67e51b75e632a5978bb31f2 -> 
  custom:scripting/monoscript/fileName/UMADnaHumanoid_Generated.cs: c0d5559e6b7da8e89d7051416941d713 -> 
  custom:scripting/monoscript/fileName/UMA_JiggleBoneDiagnostic.cs: 22bbc06af61f46a0700d95a8f7f5b75f -> 
  custom:scripting/monoscript/fileName/UMACustomization.cs: 0bfebee64d84be6be874873347ade9f4 -> 
  custom:scripting/monoscript/fileName/TPoseExtracter.cs: dc0ae4190681d77f68b011420a576782 -> 
  custom:scripting/monoscript/fileName/SlotData.cs: cdd2771502e14360bbbf9ba89a215dce -> 
  custom:scripting/monoscript/fileName/UMAMaterialAnimatorInspector.cs: 0b780311278b5c27fdca01920691cd92 -> 
  custom:scripting/monoscript/fileName/DictionaryCustomFormatter.cs: cd1da038a4db9e9c60e1c2d9349c2d27 -> 
  custom:scripting/monoscript/fileName/RaceInspector.cs: 43ac7279eb206ea719b99c6440507ad1 -> 
  custom:scripting/monoscript/fileName/UmaRaceClipEditor.cs: dddef32dc289de7a3039979d8d9c530b -> 
  custom:scripting/monoscript/fileName/CamSaver.cs: 88a7a057f4bf23e2cbecc4b046715d5f -> 
  custom:scripting/monoscript/fileName/UMAMeshCombiner.cs: 741218f3b84fc03c20a9c060ffa50bd9 -> 
  custom:scripting/monoscript/fileName/UmaWardrobeBehaviour.cs: 032129ef3f923156bc1cf785ee43a397 -> 
  custom:scripting/monoscript/fileName/SwayRootBone.cs: 60e2de0414eb5d2033a5eaff814180dc -> 
  custom:scripting/monoscript/fileName/SampleCode.cs: 59a53ce3b088a75283f71e317fedf446 -> 
  custom:scripting/monoscript/fileName/RenderPipelineDefine.cs: 86dbd9ca7c2259a84c8299c1ef893d86 -> 
  custom:scripting/monoscript/fileName/UMADataEditor.cs: a1076c40e29ee6d30cb9d83cb56edf74 -> 
  custom:video-decoder-ogg-theora: a1e56fd34408186e4bbccfd4996cb3dc -> 
  custom:scripting/monoscript/fileName/UMADnaTutorial_Generated.cs: 0094a0d9352ba4ed30c9eb64036fe92d -> 
  custom:scripting/monoscript/fileName/UmaBoneBuilderWindow.cs: ec6b4577f99032bde2bcbf3e8fa43779 -> 
  custom:scripting/monoscript/fileName/UMARemoveComponents.cs: 608b19d8b32639c59292df2d282c1500 -> 
  custom:scripting/monoscript/fileName/JiggleBreastEditor.cs: 5f3704670aaed660f6d3d577e2b6eade -> 
  custom:scripting/monoscript/fileName/UMAIndexers.cs: 7029f9cbef9d1253cc39dce103dafb15 -> 
  custom:scripting/monoscript/fileName/DecalIndicator.cs: eb86aad5eb5186010296fc9ad80d776d -> 
  custom:scripting/monoscript/fileName/SkeletonDNAConverterPluginInspector.cs: 979699b2b703f2a99bb7b0dbe4cfebbc -> 
  custom:scripting/monoscript/fileName/UMAPreset.cs: b033c49891177d569432c64ca49bcabe -> 
  custom:scripting/monoscript/fileName/DemoTextHelper.cs: 568e0eec10b0c73fb4e875d85f203916 -> 
  custom:scripting/monoscript/fileName/UMASkeleton.cs: e81650376d73b9f65e8a034d9b9eefa1 -> 
  custom:scripting/monoscript/fileName/MirrorCam.cs: a4c62a74eeb60d913308230852a5ee5c -> 
  custom:scripting/monoscript/fileName/BlendShapeDnaSlider.cs: 14dd9692acce5867bdf4a4ce2f6c4679 -> 
  custom:scripting/monoscript/fileName/UMAFavoriteList.cs: 658303e5a25b58d8b6b087a0a6852c2a -> 
  custom:scripting/monoscript/fileName/UmaColorTrack.cs: 747a174de1702d64d6c667b0f29771e4 -> 
  custom:scripting/monoscript/fileName/UMAPhysicsElementEditor.cs: 192cdb0d4df9b85f3058cf1529830ed9 -> 
  custom:scripting/monoscript/fileName/DNAEvaluatorPropertyDrawer.cs: 1a77015f15ae5ddd5bc6cc2cdf61b0cc -> 
  custom:scripting/monoscript/fileName/BRDFLookupTextureInspector.cs: f59ad9fd8f65a740aaa31c2222075175 -> 
  custom:framework-win-MediaFoundation: 216162199b28c13a410421893ffa2e32 -> 
  custom:scripting/monoscript/fileName/DNAHandler.cs: 3cd605ae16af07996a794b92fcf1b8de -> 
  custom:scripting/monoscript/fileName/UMAMaterialAnimator.cs: 8c642f1dcee961af033f961432355a0a -> 
  custom:scripting/monoscript/fileName/UMAContextBase.cs: f41a2a5672ff913a70bd58daeff4f4e0 -> 
  custom:scripting/monoscript/fileName/DNAEvaluationGraphPresetsPopupContent.cs: af63be4d5ab9f4d354b8a9446f4a25dc -> 
  custom:scripting/monoscript/fileName/UMAColorScheme.cs: 791f552e0eeadb85d4af4b281de8bfbc -> 
  custom:scripting/monoscript/fileName/UMADna.cs: df8e117b63cfd2561a1c381a0f5706ea -> 
  custom:scripting/monoscript/fileName/TagsEditor.cs: 32d0aa20ed57dced138541f03b87b5f2 -> 
  custom:scripting/monoscript/fileName/BaseCharacterModifier.cs: a3a52dbad70fa7e25f2aaa4cde4f1064 -> 
  custom:scripting/monoscript/fileName/HUDFPS.cs: 33d22ac59b093aaf84a5fece9ccf5d4c -> 
  custom:scripting/monoscript/fileName/AssetIndexerFilterEditor.cs: 8dd8817eabc6c81d6716ec2218ede1cf -> 
  custom:scripting/monoscript/fileName/DNASetter.cs: e14392cc3955591d7b099cdb44d5b26f -> 
  custom:scripting/monoscript/fileName/ExtensionMethods.cs: 5ee22639b99e35ca6ffe158367f87fac -> 5e205a9a0143be9c429b7836974d9d2d
  custom:scripting/monoscript/fileName/MyObjectPool.cs: 90647cc400823b41df847a6cbfc29026 -> 
  custom:scripting/monoscript/fileName/UmaDnaBehaviour.cs: dd1ecaf78b1d5ea85456171f510b38db -> 
  custom:scripting/monoscript/fileName/PonytailSlotScript.cs: fcdb4dfd3f644731390dae94844e53a1 -> 
  custom:scripting/monoscript/fileName/OverlayViewerEditor.cs: 8156449cccca690e82475812baf9f4d6 -> 
  custom:scripting/monoscript/fileName/UMADynamicCharacterAvatarRecipe.cs: 689df231eb14d7dc49746fbc198285ef -> 
  custom:scripting/monoscript/fileName/UMAAssetTreeView.cs: 2902ea944a63a1fc4010dbd85774c538 -> 
  custom:scripting/monoscript/fileName/WardrobeRecipeListPropertyDrawer.cs: 58b52fb27a3b680fac760dfd1ce6ebaa -> 
  custom:scripting/monoscript/fileName/CharacterBaseEditor.cs: 0e569b9eac9e3df96e7ff2bb0ee420a3 -> 
  custom:scripting/monoscript/fileName/CollisionMatrixFixer.cs: cd6113373fde1411d5d03f678dda76e9 -> 
  custom:scripting/monoscript/fileName/ClothAccelerationPanelScript.cs: d7e2e627ea0d987f29b1a895bfab2057 -> 
  custom:scripting/monoscript/fileName/OverlayColorData.cs: 99edd8224fbac59301e38a516dd74abc -> 
  custom:scripting/monoscript/fileName/DCSStandardTypes.cs: b7d6d1f34fb3d5b4a2bdf0a404dce299 -> 
  custom:scripting/monoscript/fileName/DNAEvaluationGraphPropertyDrawer.cs: 106dd74bdd76ed6b530002d9462342d8 -> 
  custom:scripting/monoscript/fileName/RaceSetterPropertyDrawer.cs: c175922818f1ed192568a199f83e0de9 -> 
  custom:scripting/monoscript/fileName/UMABonePose.cs: a8026a8a75673e34d9a85330fad63073 -> 
  custom:scripting/monoscript/fileName/SimpleDecal.cs: db1915aa06c6471edafa2765e9771405 -> 
  custom:scripting/monoscript/fileName/UMAShooter.cs: 0176f20b02b54375d5a8bb8ea5f7c640 -> 
  custom:scripting/monoscript/fileName/ISlotDataObject.cs: 06638f0a6958bc5e058137bafe42e5fe -> 
  custom:scripting/monoscript/fileName/VertexEditorStage.cs: 009588a5113cc35aa8e387afa31ae8b4 -> 
  custom:scripting/monoscript/fileName/WardrobeCollectionLibrary.cs: 5f58e3539aca7a90c6b7164c59132f34 -> 
  custom:scripting/monoscript/fileName/SliderExpressionTest.cs: 14fe76db81cfeefcfdb59426a70d15bd -> 
  custom:scripting/monoscript/fileName/pDCSRecipeEditor.cs: 5e2ab9cfe81e04de31d18dbafae66b8c -> 
  custom:scripting/monoscript/fileName/UMAMountObject.cs: fe889fc778c125b28f26edb2973d22c8 -> 
  custom:scripting/monoscript/fileName/UMABonePoseMixerWindow.cs: 5cdb9fce1c5a87292459959cd42c7892 -> 
  custom:scripting/monoscript/fileName/DecalManager.cs: fcc56e96b345aa0657c3cb0df45847d6 -> 
  custom:scripting/monoscript/fileName/CSWardrobeSlotChangerDD.cs: 33983d33734bdab1982164aabe4d4e25 -> 
  custom:scripting/monoscript/fileName/ShaderPackage.cs: 938afabb6949ef6ec79c7914d21b4923 -> 
  custom:scripting/monoscript/fileName/UMATime.cs: ca4e3a1cc5254c5254360613eb685374 -> 
  custom:scripting/monoscript/fileName/UMAGeneratorBaseEditor.cs: 2be21793e5a9ab65f600225fdb46c592 -> 
  custom:scripting/monoscript/fileName/CursorLock.cs: fa510114fc78c2cda1befc9c04383697 -> 
  custom:scripting/monoscript/fileName/UMAGeneratorGLIB.cs: 342be92488b53772e12106bedf082ba4 -> 
  custom:scripting/monoscript/fileName/UMAGeneratorBase.cs: 46ecf48928278538449cdc71bcc36d9d -> 
  custom:scripting/monoscript/fileName/SlotLibraryBase.cs: 2b3a444ed6ed71e668923134332faa2b -> 
  custom:scripting/monoscript/fileName/UMALODConversionSet.cs: d831e0d167953fd24773cf00350b3923 -> 
  custom:scripting/monoscript/fileName/DCARendererManager.cs: 1b127e165e2f413d6cdadf900d88f0f0 -> 
  custom:scripting/monoscript/fileName/CustomAssetUtility.cs: 4e65e74782ade968c56638ea5a27c786 -> 
  custom:CustomObjectIndexerAttribute: 9a22284fe3817be447336de3de66b15e -> 
  custom:scripting/monoscript/fileName/Readme.cs: 5aedf578fb2663036982fb7b05aaf325 -> 
  custom:scripting/monoscript/fileName/UMALODConversionEntry.cs: de6ed5ede1824d17f6da8613f73a2fa4 -> 
  custom:scripting/monoscript/fileName/DynamicSlotLibraryEditor.cs: b8991abe3c98f9667b681346f5b34500 -> 
  custom:scripting/monoscript/fileName/UMATestEventsScript.cs: 90c6f9ed445d8a0b01696a22b1cfe154 -> 
  custom:scripting/monoscript/fileName/DNAEvaluatorListPropertyDrawer.cs: f615412680de25e1af103a26bda02409 -> 
  custom:scripting/monoscript/fileName/IDNASelector.cs: f3e7554fa70d39dbe640dfad062adbaa -> 
  custom:scripting/monoscript/fileName/UMAEditorUtilities.cs: 5783eb9290163e1d5e5e819995bb2123 -> 
  custom:scripting/monoscript/fileName/BonePoseDNAConverterPlugin.cs: 28918f83136ffac52583ad5b9a682658 -> 
  custom:scripting/monoscript/fileName/UMABoneVisualizer.cs: c41cdfb228347cc1b6b889898bae7e0e -> 
  custom:scripting/monoscript/fileName/UMABonePosePropertyDrawer.cs: c3152ef74ea2dfd8dde462e0b3e6203e -> 
  custom:scripting/monoscript/fileName/DynamicDNAPluginMasterWeightDrawer.cs: c6f229cbb409be29dd82f92ab47f6045 -> 
  custom:scripting/monoscript/fileName/DynamicCharacterAvatar.cs: 6f9c86fdb5d496139b0385eeed9c05c0 -> 
  custom:scripting/monoscript/fileName/UmaRaceUpdaterWindow.cs: 7f4e99055e2e2792b40e5c3250f076f3 -> 
  custom:scripting/monoscript/fileName/DNADelegatesExample.cs: 346716e5d922be13ef83fe5075fb0107 -> 
  custom:scripting/monoscript/fileName/SlotDataAssetInspector.cs: 8e6df804351f0a09e6f7ec724e956303 -> 
  custom:scripting/monoscript/fileName/CodeGenTemplate.cs: 2e68bc6335426612b2eb74e600ea0862 -> 
  custom:scripting/monoscript/fileName/UMAAnimationTargetRenamer.cs: a2c288711ba4ae88291ddc83ce391f15 -> 
  custom:container-demuxer-webm: 4f35f7cbe854078d1ac9338744f61a02 -> 
  custom:scripting/monoscript/fileName/SlotDataAsset.cs: fde6d069b4a4bf1c6a8834681753c46f -> 
  custom:scripting/monoscript/fileName/MeshHideAsset.cs: 6c2f058d2cb2609fbae3827816b027ad -> 
  custom:scripting/monoscript/fileName/DecalDefinition.cs: c4e5cdfb119c9e91c3ff9a59dfa01587 -> 
  custom:scripting/monoscript/fileName/BinaryAssetWrapper.cs: be17c60c0f573c57634e62b2ab4828e1 -> 
  custom:scripting/monoscript/fileName/UMARandomAvatar.cs: c11aec423647a746034d75a671b9872e -> 
  custom:scripting/monoscript/fileName/JiggleButtEditor.cs: 82de61eecfeb19eb1a300b0a708dbf38 -> 
  custom:scripting/monoscript/fileName/InspectorUtlity.cs: 4ceca7565db74be2ab627d1311668d4f -> 
  custom:scripting/monoscript/fileName/UMAGenericPopupChoice.cs: 3373bc69d0cc40cb4ab0cee9dfd69ec8 -> 
  custom:scripting/monoscript/fileName/SlotBuilderParameters.cs: 294e1f9d243a7ac19bcd6d9bae9bd4f4 -> 
  custom:scripting/monoscript/fileName/SkeletonDNAConverterPlugin.cs: 050e91d0c24fa1d8e173d198fa3f7221 -> 
  custom:scripting/monoscript/fileName/EnumFlagsAttributeDrawer.cs: a754343d39ad8ca7fe99ba650fef11ae -> 
  custom:scripting/monoscript/fileName/UMAEvents.cs: 7da8fa7ba127609f4ca8530a062b13c8 -> 
  custom:scripting/monoscript/fileName/UMABonePoseBuildWindow.cs: 7b85af171af64b989b9755dd1942c061 -> 
  custom:scripting/monoscript/fileName/MeshModifierInspector.cs: 265d7fee28d65e29592c035c9d7c11fb -> 
  custom:scripting/monoscript/fileName/UMAMaterial.cs: 426c0c8ba9c3bc57c37e1feb553c6411 -> 
  custom:scripting/monoscript/fileName/UmaRaceTrack.cs: e0e2b9ac6fe1c5b80bca9848aa5608d3 -> 
  custom:scripting/monoscript/fileName/UMABoneVisualizerEditor.cs: 87343a84ce11c0352b06dbf2b0883bbb -> 
  custom:scripting/monoscript/fileName/IUMAIndexOptions.cs: d92dc5c00fbff3904d2d83cd6faa287d -> 
  custom:scripting/monoscript/fileName/BaseCharacterModifierPropertyDrawer.cs: fb0f67230c3a14aa5be8e8d8d60e6eae -> 
  custom:scripting/monoscript/fileName/WardrobeHandler.cs: 4dcc4acd49f08b27375eeb76d83d1b2d -> 
  custom:scripting/monoscript/fileName/SceneWalker.cs: 0e287aedbe56ddf19cc5f178dd187f1e -> 
  custom:scripting/monoscript/fileName/AssetItem.cs: 14d64c5e868e90e8c08785ba41339919 -> 
  custom:scripting/monoscript/fileName/UMASettingsProvider.cs: 560a4035087301b019c37674e07cd7e7 -> 
  custom:scripting/monoscript/fileName/UMAWardrobeCollection.cs: e026082f86f26972232464fe55b43965 -> 
  custom:scripting/monoscript/fileName/UMADnaHumanoid.cs: d47de6453cd6570e202b3c36f92953a2 -> 
  custom:scripting/monoscript/fileName/TutorialDNAConverterBehaviour.cs: d58f01d7ef61b2a92600f3576aa9669a -> 
  custom:scripting/monoscript/fileName/UMAPredefinedDNA.cs: 4b1755a845dd944a7fce85e03d0c562a -> 
  custom:scripting/monoscript/fileName/CachedReorderableList.cs: ac79fda0c5296d656fc25246321b917c -> 
  custom:scripting/monoscript/fileName/UMAJiggleBone.cs: 5eed003ff9b71bb362a60c724b47376a -> 
  custom:scripting/monoscript/fileName/DNAEvaluatorList.cs: fc52711450654838bd49ba3965453b6f -> 
  custom:scripting/monoscript/fileName/OptionsGUI.cs: 9bc0f4840cc6ff2a8cfba61b8c8044c1 -> 
  custom:scripting/monoscript/fileName/IDynamicDNAConverter.cs: 70bc5e39b206caf3fb2ab153b60d448b -> 
  custom:scripting/monoscript/fileName/UMAData.cs: 780fe4831ab59b5da2f68b9f29415896 -> 
  custom:scripting/monoscript/fileName/LocomotionSlotScript.cs: c8d23735fa97fe389654ff16d80a15cc -> 
  custom:scripting/monoscript/fileName/BlendshapeDNAConverterPlugin.cs: d062a3498e2100b406e08612589c35cf -> 
  custom:scripting/monoscript/fileName/allevents.cs: 6d267ad9469f86c02f4abf3a97d4f3c9 -> 
  custom:scripting/monoscript/fileName/EnvPresetChooser.cs: d6e9de2734fbdf44e9e2345055d66c20 -> 
  custom:scripting/monoscript/fileName/ShaderPackageImporter.cs: fb788ab3fdd39b9262df25019571477a -> 
  custom:scripting/monoscript/fileName/TextureProcessPro.cs: f82ed1000dfa14dfef5c4beaae7c54cf -> 
  custom:scripting/monoscript/fileName/SlotHandler.cs: dd558b467166bf946ef6abd5db74253b -> 
  custom:scripting/monoscript/fileName/UMADestroyLogger.cs: c72ba5471942a173ae1a7c33f20ece88 -> 
  custom:scripting/monoscript/fileName/UMADnaBase.cs: a3bf03a9db6fd61f168b4b147802c0e1 -> 
  custom:scripting/monoscript/fileName/DnaGUI.cs: 2dd9f2ebe32f01406b71f60fdf125a2f -> 
  custom:scripting/monoscript/fileName/UmaDnaClip.cs: d25d60e8a1b45ad245a7aea01b3fadff -> 
  custom:scripting/monoscript/fileName/EnvPreset.cs: df5ebdadf19c1f7c0725661b4108508f -> 
  custom:scripting/monoscript/fileName/TextureMerge.cs: a5757dee0803265f18c1bc8c046ad436 -> 
  custom:scripting/monoscript/fileName/FPSWalkerEnhanced.cs: d2686931f9798825a9e41e7326af10ee -> 
  custom:scripting/monoscript/fileName/DNAEffector.cs: e6914c023c36c26b7f5ce5ba24dc39ba -> 
  custom:scripting/monoscript/fileName/UmaWardrobeTrack.cs: 5b272da9cdcedb5d17986692e3b04bf1 -> 
  custom:scripting/monoscript/fileName/GUIHelper.cs: 0d724e4ba4f8dec4184f24be7017a055 -> d29ec1b6faa47dc3c531ea76fa2fa9e6
  custom:scripting/monoscript/fileName/UMAClothPropertiesInspector.cs: 0ad4b81aaf8abf0fd7013df16c632717 -> 
  custom:scripting/monoscript/fileName/DNARangeAsset.cs: bfd2e732d3d5cda0a5fcc1f99cd98f5e -> 
  custom:scripting/monoscript/fileName/UMAAssetCollection.cs: b5b2120572f4916d7e88331cea475580 -> 
  custom:scripting/monoscript/fileName/MyListPool.cs: 90647cc400823b41df847a6cbfc29026 -> 
  custom:scripting/monoscript/fileName/OverlayDataAsset.cs: 9674bef9074017278ab7153360770c9f -> 
  custom:scripting/monoscript/fileName/WelcomeToUMA.cs: dcce3ba7dac1a1e329e6f6ee62853388 -> 
  custom:scripting/monoscript/fileName/WardrobeCollectionDemoUI.cs: 813cf9159ffe132a16dd7748cce95cf0 -> 
  custom:container-muxer-webm: aa71ff27fc2769a1b78a27578f13a17b -> 
  custom:scripting/monoscript/fileName/DropdownWithColor.cs: 21226236368cdff03cc121d35e33e85b -> 
  custom:scripting/monoscript/fileName/DNASliderHandler.cs: 2b975e307dcb4f2f15767941a8879ba6 -> 
  custom:scripting/monoscript/fileName/UMAUVAttachedItem.cs: aacb0e9a5d997226f4d6552e2fc0d9db -> 
  custom:scripting/monoscript/fileName/DynamicUMADnaAssetEditor.cs: 15b09f71de8117fb39aa91cfaf79a5db -> 
  custom:scripting/monoscript/fileName/ReadmeEditor.cs: ff7ced1e41c1b99ddf5dfefc88f6bd50 -> 
  custom:scripting/monoscript/fileName/IEditorScene.cs: 71d2d3a4726a934118c1473309a01421 -> 
  custom:scripting/monoscript/fileName/OverallScaleDNAConverterPlugin.cs: 37785b8fefca885d7efe2dea4f4c1c3c -> 
  custom:scripting/monoscript/fileName/UMARandomizer.cs: d7c08d322c81373afcdd0dccdbc747ef -> 
  custom:scripting/monoscript/fileName/ColliderDefinition.cs: 3a53fcece84b5fe15254a135a2a4b907 -> 
  custom:video-decoder-webm-vp8: 9c59270c3fd7afecdb556c50c9e8de78 -> 
  custom:scripting/monoscript/fileName/UMARecipeCrowd.cs: 54c4317cdf62b503457ed4f4baeb524c -> 
  custom:scripting/monoscript/fileName/RecalculationSlot.cs: 8d92d34df906b66ca9221c6be5a56110 -> 
  custom:scripting/monoscript/fileName/UmaColorClip.cs: e762e8f742d4fe9dde5555e076a2c66f -> 
  custom:scripting/monoscript/fileName/PhotoBooth.cs: 73db0c4214bcedddbf2ef0301eb943d3 -> 
  custom:scripting/monoscript/fileName/UMAGlobalForceApplier.cs: c7af6e7d09343723996ea96b5cd912b9 -> 
  custom:scripting/monoscript/fileName/DynamicExpressionList.cs: 0a92869ac563b2979158a446159b5fa4 -> 
  custom:scripting/monoscript/fileName/ConstructDCAFromScratch.cs: 8dc7787c3a35bf98f1b5411906444bbb -> 
  custom:scripting/monoscript/fileName/ExpressionSlotScript.cs: b36e8d2cabda775b654630d49e90d5d1 -> 
  custom:scripting/monoscript/fileName/EnvPresetSwitch.cs: 1cc12e5a3c54fa9c790f04a0c477a654 -> 
  custom:scripting/monoscript/fileName/DNAEditor.cs: 1f2abfc40e5f7141692095417626f81c -> 
  custom:scripting/monoscript/fileName/DynamicCharacterAvatarEditor.cs: 419ac5a9f8321ad7fccdd87b1c9ed453 -> 
  custom:scripting/monoscript/fileName/AvailableColorsHandler.cs: 2ceea2a39a9044cdb6cba1f8acf3d975 -> 
  custom:scripting/monoscript/fileName/OverlayColorDataPropertyDrawer.cs: 5edb8f9ec5ee5fc3fa9dc24327278097 -> 
  custom:SearchIndexIgnoredProperties: e643bd26f0fe6173181afceb89e7c659 -> 
  custom:scripting/monoscript/fileName/SlotLibrary.cs: 0da0e6419144b047711e15384dbc1c0d -> 
  custom:scripting/monoscript/fileName/EditModeExpressionPreview.cs: bca2bdfb338e670d3c9bdd5e6cd2688a -> 
  custom:scripting/monoscript/fileName/StandAloneDNA.cs: b1910ba987630de8e8ef641e6c0665fe -> 
  custom:scripting/monoscript/fileName/ColorHandler.cs: 8f443dd9f151f1f719ebd738d6cb8af3 -> 
  custom:scripting/monoscript/fileName/UmaColorTrackEditor.cs: 3639105bbd5cd91868d4ff1e50db0f20 -> 
  custom:scripting/monoscript/fileName/SlotLibraryEditor.cs: 4713937095db22c2787ffa504c8e93fc -> 
  custom:scripting/monoscript/fileName/ColorSchemeAssetInspector.cs: 30a0dfd3f74d06d367a5fdfc8b8a54d5 -> 
  custom:AudioImporter_EditorPlatform: d09bf68614088b80899f8185d706f6e7 -> 
  custom:scripting/monoscript/fileName/DynamicCharacterSystemEditor.cs: 24be00ff2545921c1ebd39a50a6e7d3c -> 
  custom:scripting/monoscript/fileName/LODDisplay.cs: a854e6df6ba1cfba73ebac4d80a48868 -> 
  custom:scripting/monoscript/fileName/UMAUVAttachedItemBlendshapeAdjuster.cs: 8220d720548d456fccd78fdc8f29c8e1 -> 
  custom:scripting/monoscript/fileName/pWardrobeRecipeEditor.cs: 0cdf409b5aa8d4c25876d72b5c6a3b60 -> 
  custom:scripting/monoscript/fileName/UmaAboutWindow.cs: 629480ba67cae035e4fb363b02013d43 -> 
  custom:scripting/monoscript/fileName/ClothHelper.cs: 0a4f012cdac591de0576f8e1a338df23 -> 
  custom:scripting/monoscript/fileName/UMADynamicCharacterAvatarRecipeEditor.cs: 3f69c3168e66682eee886d869f9e8b6e -> 
  custom:scripting/monoscript/fileName/UMAMountedItem.cs: 4f5274cfff75be0ffab6f2dc6e1bf75c -> 
  custom:scripting/monoscript/fileName/Preloader.cs: e62fc63f994018c6c087ab2a192e2d8b -> 
  custom:scripting/monoscript/fileName/SaveAndLoadSample.cs: 7a44f0c23379b4f35bb66f08dfdbd51d -> 
  custom:scripting/monoscript/fileName/ClothHelperEditor.cs: bd394e556d1016d268483e8588c28661 -> 
  custom:scripting/monoscript/fileName/UMAFavorite.cs: b2121bd978afa4e4e2a65d4cbb289529 -> 
  custom:scripting/monoscript/fileName/InteractiveWindow.cs: 2acdc8755469425d7f06e0074dd38739 -> 
  custom:scripting/monoscript/fileName/SkeletonModifier.cs: fd28b14e44a310e3469cc87074cb3025 -> 
  custom:scripting/monoscript/fileName/UMAObjExporter.cs: 12f42fc4fba91bc71bf35f049e258269 -> 
  custom:scripting/monoscript/fileName/MeshHideInspector.cs: 4bb55cc120fc0c12f2d7ccb3e96fca9b -> 
  custom:scripting/monoscript/fileName/UMAPostProcess.cs: 02f28fb63844bb8270d01935f609f8cd -> 
  custom:scripting/monoscript/fileName/UMAAvatarLoadSaveMenuItems.cs: 4441393304752b46499c62406e37b7fc -> 
  custom:scripting/monoscript/fileName/UMAMouseOrbitImproved.cs: 303f4a83bb57d70d7e5afc768a19cb85 -> 
  custom:scripting/monoscript/fileName/DynamicOverlayLibraryEditor.cs: c92d9401f4903c8d21243ded58d81ee1 -> 
  custom:scripting/monoscript/fileName/UMAWardrobeRecipe.cs: cf3329a4aab88bff47c92b6014380f3a -> 
  custom:scripting/monoscript/fileName/UMAPhysicsAvatar.cs: e47bbe668c2fe587b94a70b1d5e192ea -> 
  custom:scripting/monoscript/fileName/HumanoidDNAConverterBehaviour.cs: 48733b359a0a11b506b48b7d54e0dfd2 -> 
  custom:scripting/monoscript/fileName/DynamicUMADnaAsset.cs: 1b5a1c90af646d9945837bcfe36c72ef -> 
  custom:scripting/monoscript/fileName/UMASettings.cs: 2ad8db19091104384d47b5231fe4d6c0 -> 
  custom:scripting/monoscript/fileName/DynamicUMADna.cs: 65d5f8253be6f15bea7a26709c34ae75 -> 
  custom:scripting/monoscript/fileName/UMABonePoseEditorContext.cs: ab7763119fc955150cc41f8d66a87f9d -> 
  custom:scripting/monoscript/fileName/UMAMaterialInspector.cs: dfb8c23f0b470ebc4bc6ac5ee665784f -> 
  custom:scripting/monoscript/fileName/UMACrowdRandomSet.cs: 9f84f48d0a1f4bb6ee7b48730f38e130 -> 
  custom:scripting/monoscript/fileName/IColorSelector.cs: 2339a7ab0f0a99ff2dddbe950711793a -> 
  custom:scripting/monoscript/fileName/VertexAdjustmentCollection.cs: 1511bc2bc8b4b3487863a3afee09b75a -> 
  custom:scripting/monoscript/fileName/UmaRaceClip.cs: aec6ddbc0f6acd5f5cc70a2ccf1ecdc3 -> 
  custom:scripting/monoscript/fileName/DisplayListWindow.cs: 6365030e4499970245d70d80c3a90780 -> 
  custom:scripting/monoscript/fileName/DNAConverterField.cs: 7c5f766c46e95231488074152598ce3f -> 
  custom:scripting/monoscript/fileName/DynamicCharacterSystem.cs: f96cb30f7dbddfab3616e0b8ae831122 -> 
  custom:scripting/monoscript/fileName/SerializedPropertyExtensions.cs: 23dd8e889fd764d7f6724efaed182f3a -> 
  custom:scripting/monoscript/fileName/InspectorButton.cs: 8c6c7e1b6d90211158326baffd779cf2 -> 
  custom:scripting/monoscript/fileName/UMAGeneratorGlibEditor.cs: e3dd6bc008386294d14c63241a3f05be -> 
  custom:scripting/monoscript/fileName/DynamicCharacterSystemBase.cs: 2456bea76faaf56d71f7890291a8992d -> 
  custom:scripting/monoscript/fileName/UMAPlayOnAwake.cs: ea74d879b178158a1ccd1bf7857bb8c9 -> 
  custom:scripting/monoscript/fileName/UmaTPoseInspector.cs: 993a6cad702aec03936d2f401e61f0a6 -> 
  custom:scripting/monoscript/fileName/UMAGeneratorEditor.cs: f03518b78ec4d74e86b6d4bce1b23aaa -> 
  custom:scripting/monoscript/fileName/CustomPreviewStage.cs: 11fc2387f926c0c2fc36c1b47eb46ecd -> 
  custom:scripting/monoscript/fileName/UMAExpressionSetInspector.cs: 4805ee078f73fb5fcf8f3ffa695a131d -> 
  custom:scripting/monoscript/fileName/DNAEvaluationGraphPresetLibrary.cs: 6d9e3baf957804e7703d28909c285ea6 -> 
  custom:scripting/monoscript/fileName/UMAWelcomeScenesEditor.cs: b9a62de40579f956b978ddb4a401f8a0 -> 
  custom:scripting/monoscript/fileName/SeamRemoval.cs: 0e016d120b49c05941065f9ef0be62e4 -> 
  custom:scripting/monoscript/fileName/UMADynamicBoneJiggle.cs: e50d63855e011cc451223a9cfdc184bc -> 
  custom:scripting/monoscript/fileName/DynamicDNAPlugin.cs: 03a573e152f92d23bc542c40848c71d3 -> 
  custom:scripting/monoscript/fileName/ColorPickerGUI.cs: 3b3b2f84bcee6cffd12812d6e69f629f -> 
  custom:scripting/monoscript/fileName/UMA_JiggleElement.cs: 74e54a7c0c920430b938bf9cfc0c42d9 -> 
  custom:scripting/monoscript/fileName/FileUtils.cs: 63e62842badc837cd4f0561dafc0d755 -> 
  custom:scripting/monoscript/fileName/UMAPhysicsElement.cs: f2623c6490e2be88995e139e72f5a810 -> 
  custom:scripting/monoscript/fileName/UMAWebGLSetup.cs: 3dde4607c6fb257296de4fe8a205f323 -> 
  custom:scripting/monoscript/fileName/PreviewWindow.cs: 53ff858c55f6e5e10f9d30f83fac734b -> 
  custom:scripting/monoscript/fileName/MouseLook.cs: a364a816c5a70eac40dd93c32c47709b -> 02bafd22af827e561c2131ae88bbd075
  custom:scripting/monoscript/fileName/UMARecipeMixer.cs: 47106181a1f9a7892f3541817c0607d4 -> 
  custom:scripting/monoscript/fileName/EnumFlagsAttribute.cs: 35fae2b96d6fee5c0fa3788d54fd2493 -> 
  custom:scripting/monoscript/fileName/UMAWardrobeRecipeEditor.cs: ba21b9d2f458e6fb9d7385abd2eb9ff3 -> 
  custom:scripting/monoscript/fileName/UMA_JiggleButt.cs: 94ecf42a7178deae052f9d6443a6dea3 -> 
  custom:scripting/monoscript/fileName/MeshModifier.cs: 7c1780adc6c94172ec4ad5d66643ebcb -> 
  custom:scripting/monoscript/fileName/ColorDNAConverterPropertyDrawers.cs: a91fa6d72a10441d9b2e78497d855387 -> 
  custom:scripting/monoscript/fileName/UMAPhysicsSlotDefinition.cs: c68c5daa8a6602857129194e5de56367 -> 
  custom:scripting/monoscript/fileName/UMAGenericPopupSelection.cs: d1433b7b8bb92788613dec5fc49abb30 -> 
  custom:scripting/monoscript/fileName/IDynamicExpression.cs: a5ba58e8f7fd6b6988831bc1d383b2f5 -> 
  custom:scripting/monoscript/fileName/OverlayDataAssetInspector.cs: c30a0bf1979891b0d8d2a6fd0a938ebe -> 
  custom:scripting/monoscript/fileName/TextureCombiner.cs: e8d8e8e814c2fc0909c2139b8897bb7e -> 
  custom:scripting/monoscript/fileName/UmaDnaTrack.cs: 04cb4080c73a29cd1bc919ed537fe36a -> 
  custom:scripting/monoscript/fileName/ExpressionPlayer.cs: 068efb5e8c68ab7a8de3c4a2c1c4078b -> 
  custom:scripting/monoscript/fileName/UMAChannelCombiner.cs: 5beda8700a15cea103c4314b1095efe4 -> 
  custom:scripting/monoscript/fileName/DynamicDNAConverterController.cs: de41c61552cebae012827320d5ef2de8 -> 
  custom:scripting/monoscript/fileName/SharedColorTableEditor.cs: 8b1d7c7c6304bc57610913cb9885d06a -> 
  custom:scripting/monoscript/fileName/UMAPhysicsAvatarEditor.cs: 837a4e2c04ec7729b5a7a2ede24d41ad -> 
  custom:scripting/monoscript/fileName/OverlayLibraryEditor.cs: e49e29aa25700a7581ac8df95ed13290 -> 
  custom:scripting/monoscript/fileName/OverlayLibraryBase.cs: ca4f0d3597d80b240e670811997679bc -> 
  custom:scripting/monoscript/fileName/UMADefaultMeshCombiner.cs: c45b6e03ac843c393626170fcd8ca1b6 -> 
  custom:scripting/monoscript/fileName/ShaderPackageImporterEditor.cs: 06f789fa7be74db4c17968ebf834f9d8 -> 
  custom:scripting/monoscript/fileName/TreeModel.cs: 90647cc400823b41df847a6cbfc29026 -> 
  custom:scripting/monoscript/fileName/FPSCounter.cs: 9c8b395bab3714e78baa59d2fab75d3c -> 
  custom:scripting/monoscript/fileName/UMASimpleLODEditor.cs: 70034b0b5ded45ad515caa814ac4a938 -> 
  custom:scripting/monoscript/fileName/NewUMAGUI.cs: 99e96c83e1ae7855b8d84cb1053d4c80 -> 
  custom:scripting/monoscript/fileName/ConstructDCAFromAPrefab.cs: 9db8dc9d5343a4fd0bbd0c78a2414d1d -> 
  custom:scripting/monoscript/fileName/AssetTreeElement.cs: f83bf6a2a982eaa43c0f49052e20bf46 -> 
  custom:scripting/monoscript/fileName/DynamicRaceLibrary.cs: 34c0385d146d94554f2f55f1e7db7c48 -> 
  custom:scripting/monoscript/fileName/IUMAEventHookup.cs: a1eeb3a084495e02bd8394c8429dc8cb -> 
  custom:scripting/monoscript/fileName/SkinnedMeshAligner.cs: 980f31f70efe1442a17b7ddb523ed06f -> 
  custom:scripting/monoscript/fileName/UMASimpleLOD.cs: eea0fe7ec4764a910c64cfef247c8574 -> 
  custom:scripting/monoscript/fileName/INameProvider.cs: 786b9a95e4146f3cafddef3d19c0262e -> 
  custom:scripting/monoscript/fileName/UMABoneCleaner.cs: f5eaca84475952258357c5404eb70f37 -> 
  custom:scripting/monoscript/fileName/UmaSlotBuilderWindow.cs: 1c930615742655ca40b03094d36046d5 -> 
  custom:scripting/monoscript/fileName/SpeedCheck.cs: 54d1baab5c6760fad0bd635587675545 -> 
  custom:scripting/monoscript/fileName/GeometrySelector.cs: f4b0a4438609550aaa4bee0e7b8ce1c0 -> 
  custom:scripting/monoscript/fileName/pUMATextRecipe.cs: 5e2ab9cfe81e04de31d18dbafae66b8c -> 
  custom:scripting/monoscript/fileName/RenderTexToCPU.cs: 2e485faf88447d47bb7891be73e15cfb -> 
  custom:scripting/monoscript/fileName/EnumExtensions.cs: aef4f61f974f9e10f719873723b9d6ec -> 872fcb89b813d64606e680211dede528
  custom:scripting/monoscript/fileName/RaceLibrary.cs: c5c4802823848f33569477f3cb11b5cb -> 
  custom:scripting/monoscript/fileName/UMASlotVerifyWizard.cs: 0b8a5f2824350963e8debf4e461b9cee -> 
  custom:scripting/monoscript/fileName/UMABonePoseEditor.cs: 9f907287d58b8120de0b228c03910c62 -> 
  custom:video-encoder-webm-vp8: eb34c28f22e8b96e1ab97ce403110664 -> 
  custom:scripting/monoscript/fileName/LogToText.cs: 5f21700d4586c84e97d163ae8313f04b -> 
  custom:scripting/monoscript/fileName/UMARandomizerEditor.cs: 3938b03220edb5ad0ec75745ba2459ff -> 
  custom:scripting/monoscript/fileName/SwayBone.cs: d6c06726aed14b10097052addd5a3f62 -> 
  custom:scripting/monoscript/fileName/SmoothMouseLook.cs: 873dbd5cf57037779b978a5baa117678 -> 
  custom:scripting/monoscript/fileName/UMAPhysicsSlotEditor.cs: 485f66e39776b6296177641af3d9cdf3 -> 
  custom:scripting/monoscript/fileName/UMAAssetFieldVisible.cs: f9b259d7c53c9eb3a1735e62b476f8fa -> 
  custom:scripting/monoscript/fileName/UMA_JiggleBreasts.cs: c5aaae757e5dbd9de9312f5e9c8b4a5e -> 
  custom:scripting/monoscript/fileName/RaceAnimatorListPropertyDrawer.cs: 96c003ef61893a6cf6e33f486ecc9583 -> 
  custom:scripting/monoscript/fileName/PopupAssetInspector.cs: 01cf53c92eecbee121d8744fe2439ea2 -> 
  custom:audio-decoder-ogg-vorbis: bf7c407c2cedff20999df2af8eb42d56 -> 
  custom:scripting/monoscript/fileName/TreeElementUtility.cs: 54dee75625b3fbb9cbec7969c750e8cc -> 
  custom:scripting/monoscript/fileName/WardrobeCollectionDemoBtn.cs: 6b3c7c2fabf39d88ae00c812043a5e75 -> 
  custom:scripting/monoscript/fileName/UMAAssetCollectionEditor.cs: 1319385bc72dcc49f41aaf6291489952 -> 
  custom:scripting/monoscript/fileName/DynamicRaceLibraryEditor.cs: 92d5c19d0050732891000e04d46a15be -> 
  custom:scripting/monoscript/fileName/UMAGeneratorStub.cs: 8a625632c20f0c2d7aa7d3c1935d1607 -> 
  custom:scripting/monoscript/fileName/TreeViewWithTreeModel.cs: 0cdf409b5aa8d4c25876d72b5c6a3b60 -> 
  custom:scripting/monoscript/fileName/DynamicOverlayLibrary.cs: 556d47bc827eda245a06a096e9cdd45b -> 
  custom:scripting/monoscript/fileName/TreeElement.cs: 3819718650101ed8174da82864567d10 -> 
  custom:scripting/monoscript/fileName/UMAGeneratorPro.cs: 631a707b2190174a6b57186b57a665b6 -> 
  custom:scripting/monoscript/fileName/UMAPackedRecipeBase.cs: 6d6267ea4cbc13afb207a5211bc1e5c4 -> 
  custom:scripting/monoscript/fileName/UMAMeshData.cs: 3193dbfe081452e796120bc2758376e7 -> 
  custom:scripting/monoscript/fileName/ActiveObjectSwitcher.cs: 53ebf0e7200b4ef778df5a6cf15197cb -> 
  custom:scripting/monoscript/fileName/UMAGeneratorBuiltin.cs: 9dd77b74a6641823ff5cebba0a3ecec0 -> 
  custom:scripting/monoscript/fileName/SlotToMesh.cs: fc949e98e4254f1513da8d2a614e6bb3 -> 
  custom:scripting/monoscript/fileName/pUMAAssetIndexer.cs: 90647cc400823b41df847a6cbfc29026 -> 
  custom:scripting/monoscript/fileName/ItemEffector.cs: a6c7940b58b7f01fd3d57cd4d7ef820a -> 
  custom:scripting/monoscript/fileName/PowerToolsIntegration.cs: 0088fb368ac019d493588f7d04b79d89 -> 
  custom:scripting/monoscript/fileName/UMALODConversionSetEditor.cs: 4f913f69c8af0f6c759e9cdb1c564c68 -> 
  custom:scripting/monoscript/fileName/UMAUVAttachedItemManager.cs: c82432d1e87975810ff2853a7309dad4 -> 
  custom:scripting/monoscript/fileName/UMAAvatarBase.cs: 33985a8e9922a574158833936f4b6e9a -> 
  custom:scripting/monoscript/fileName/DNARangeInspector.cs: 87b785675427978a4472fafb91e6dfdb -> 
  custom:scripting/monoscript/fileName/UMAUtils.cs: 4da54b8fad1dbf6a7678e52087295bad -> 
  custom:scripting/monoscript/fileName/DNAConverterListPropertyDrawer.cs: 40119da9c572297b7db3eaba40173744 -> 
  custom:scripting/monoscript/fileName/UMAUpdateProcessor.cs: 24d611e88551d21edf27e49196067cd6 -> 
  custom:scripting/monoscript/fileName/UMARendererAsset.cs: 0d4ce87561d157c2540c17b1f42e3d64 -> 
  custom:scripting/monoscript/fileName/DecalEditor.cs: 732928e1c5567a37b2f6d3776f579be5 -> 
  custom:scripting/monoscript/fileName/DNAEvaluationGraphPresetLibraryInspector.cs: 82ffb8ea472d4d16f8eb61f2930c6fd8 -> 
  custom:scripting/monoscript/fileName/UMADynamicAvatar.cs: dd3845b84bfe75793521684e64d1970c -> 
  custom:scripting/monoscript/fileName/UMADna_Generated.cs: df8e117b63cfd2561a1c381a0f5706ea -> 
  custom:scripting/monoscript/fileName/UMAResourceNotFoundException.cs: c56df80791210e4b85aaf5f1ccab49a9 -> 
  custom:scripting/monoscript/fileName/UmaRaceBehaviour.cs: 956f8e2495c6eeb93fe906ffb1c52ec0 -> 
  custom:scripting/monoscript/fileName/DynamicUMADnaBase.cs: 1dff3148eb0a83152bd0de6cbdee00c9 -> 
  custom:scripting/monoscript/fileName/BRDFLookupTexture.cs: 914cde7f86a7c1c488f6412eca7f9787 -> 
  custom:scripting/monoscript/fileName/ExpressionPlayerInspector.cs: ac5a3679a748cd7116dd68176808a88b -> 
  custom:scripting/monoscript/fileName/OverlayInspector.cs: bad27a29619cbcf89cafcb0b3da6892a -> 
  custom:scripting/monoscript/fileName/UMAExpressionSet.cs: 071c4208986d1c246d9fc6a68ebaded9 -> 
  custom:scripting/monoscript/fileName/MeshModifierEditor.cs: 37e10ad396c5cd2786ccca383a2d1750 -> 
  custom:scripting/monoscript/fileName/UMA_JiggleBelly.cs: 957c5d66dc7812b2ae5f406fd55d6017 -> 
  custom:scripting/monoscript/fileName/UMAExpressionPlayer.cs: 09c13b19144b932f5b835eda01ef2cf5 -> 
  custom:scripting/monoscript/fileName/UMAMountedItemSample.cs: 2b8f19dad10496381f2fc96050be8219 -> 
  custom:scripting/monoscript/fileName/UmaColorMixerBehaviour.cs: 19ad19478ac67fd1ed29a1ad3e805c1c -> 
  custom:scripting/monoscript/fileName/UMAUVAttachedItemPreprocessor.cs: 74bc375d3ffa70b28275db137c9d3350 -> 
  custom:scripting/monoscript/fileName/UMAUVAttachedItemLauncher.cs: 1f5707965ee4b1eb5a34d1656697725a -> 
  custom:scripting/monoscript/fileName/TestCustomizerDD.cs: 629f22e091bbd8791cab6df25b2b58a6 -> 
  custom:scripting/monoscript/fileName/Locomotion.cs: 30e74cbd7f2eaa8db862947eab187352 -> 
  custom:scripting/monoscript/fileName/RaceLibraryBase.cs: e5d9a0846e126f44453e8ae7fea2ea66 -> 
  custom:scripting/monoscript/fileName/AvatarDefinition.cs: aee6969321f95026de7fb416eb0beccd -> 
  custom:scripting/monoscript/fileName/IUMAAddressablePlugin.cs: b6e6f0ab7bef81d5ac8623d814aef662 -> 
  custom:scripting/monoscript/fileName/UMAColorFader.cs: bc91112d554ba9a8f7c8d7f5bb602b5b -> 
  custom:scripting/monoscript/fileName/UMACharacterCustomization.cs: 6309278b418a30aac6728102add55b57 -> 
  custom:scripting/monoscript/fileName/UMATextureCombiner.cs: 8421194fff2018667513dc6b8ba01a3b -> 
  custom:scripting/monoscript/fileName/IDNAConverter.cs: b4c67ac01788d30fdeb9beb395da98e8 -> 
  custom:scripting/monoscript/fileName/UMADNAToBonePoseWindow.cs: c560833e1d469322f5db998e5806d700 -> 
  custom:scripting/monoscript/fileName/DnaConverterBehaviour.cs: 861f735a3231a0387a965aa738fa39c4 -> 
  custom:scripting/monoscript/fileName/CSColorChangerDD.cs: a6f84f4f90d405def2b9cdc480bc5d5e -> 
  custom:scripting/monoscript/fileName/UmaColorBehaviour.cs: 94ae4163a6d9a55b6ee28929f4f233fe -> 
  custom:scripting/monoscript/fileName/OverlayData.cs: 4ed8f6e0f5b517c36bbbe115bdb58808 -> 
  custom:scripting/monoscript/fileName/SRPAdjuster.cs: 9500caf996d8fad34e73462ed8a1755c -> 
  custom:scripting/monoscript/fileName/CapsuleColliderSlotScript.cs: 34c7d6b3c68fb059e66f667c8f58eee6 -> 
  custom:scripting/monoscript/fileName/UMADNAHelperTools.cs: c80b0db54a47e6a59fd1f8b2624317c0 -> 
  custom:scripting/monoscript/fileName/ShaderPackagePostProcessor.cs: 74998fb3237666b26c16c3ffbc5f6f1d -> 
  custom:audio-encoder-webm-vorbis: bf7c407c2cedff20999df2af8eb42d56 -> 
  custom:scripting/monoscript/fileName/MaxRectsBinPack.cs: b29c113a01f21bc93d0f3ef2c5d0a61c -> 
  custom:scripting/monoscript/fileName/DynamicExpressionBonePose.cs: 0c52bbe3b21990224937db4e60b659b4 -> 
  custom:scripting/monoscript/fileName/UMALODDemoScript.cs: cc5649334f76a34eaec5bb78d906a345 -> 
  custom:scripting/monoscript/fileName/UMAFavoriteWindow.cs: a2c9fd7d112c129fe060df449ad336c3 -> 
  custom:scripting/monoscript/fileName/Rotator.cs: d89a0d253809f9121d3d8b83de3166a0 -> 
  custom:scripting/monoscript/fileName/DynamicDNAConverterControllerPropertyDrawer.cs: 460329574a590ba2ecbcaef2b43b1602 -> 
  custom:scripting/monoscript/fileName/SkinnedMeshCombiner.cs: b60c0206b4dfcc7f3fec0d917aa6a32e -> 
  custom:scripting/monoscript/fileName/transformdeepchildextension.cs: 67e708fff7b31d428ec401404dae0d83 -> 
  custom:scripting/monoscript/fileName/UMAGlobalContext.cs: 6edd8e6e2df93ec66d63402278929ca7 -> 
  custom:scripting/monoscript/fileName/UMADnaTweaker.cs: 59202901b81b8d568425f2b249a273d8 -> 
  custom:scripting/monoscript/fileName/UmaWardrobeClip.cs: 22eee0fa3af1faba5d09f78472260360 -> 
  custom:scripting/monoscript/fileName/TwistBones.cs: 7536849104c42772737e6f5e648ac722 -> 
  custom:scripting/monoscript/fileName/UmaDnaMixerBehaviour.cs: 1e014093ffde8aa2469af0b09e9e7c1c -> 
  custom:scripting/monoscript/fileName/UMANormalViewer.cs: b96e498781386f1a439ab1ac9bfaf071 -> 
  custom:scripting/monoscript/fileName/DNAEvaluationGraph.cs: 8de93b4b0f55275b35ce67c6b634e1c7 -> 
  custom:scripting/monoscript/fileName/UMARecipeBase.cs: ef6b95d4e1172e59c2d3f1d6f7fede38 -> 
  custom:scripting/monoscript/fileName/UmaTPose.cs: 88782b7fc85b7be25dae52074e0d6ccb -> 
  custom:scripting/monoscript/fileName/ImportProcessor.cs: cdee403c54d658ac8409dd652b2d1ae7 -> 
  custom:scripting/monoscript/fileName/ForearmTwistSlotScript.cs: 62b4a38c199f128aa27c3586314c59a5 -> 
  custom:scripting/monoscript/fileName/UMADnaTutorial.cs: f6970cc8a4309337062fc009fc3136a7 -> 
  custom:scripting/monoscript/fileName/SceneLoader.cs: cae4e9c1d887c32c8ec8308c0f1acb66 -> 
  custom:scripting/monoscript/fileName/DynamicSlotLibrary.cs: fa184b08f85e4f5d4bc4b12249691fc8 -> 
  custom:scripting/monoscript/fileName/CameraTrack.cs: b67b615a9aee9854cb11aca7c081c14f -> 
  custom:scripting/monoscript/fileName/ConvertToSubstance.cs: 66bc718956c8a898cdb9de7da592dfcb -> 
  custom:scripting/monoscript/fileName/UMACrowd.cs: 9e06de634c082113d5e505fb08660989 -> 
  custom:scripting/monoscript/fileName/UMAContext.cs: ab7ffcd51b36767ad34fca4eda0d9c8c -> 
  custom:scripting/monoscript/fileName/DNAConverterList.cs: c9763b0ffb3d45bb8b8fbae744a922df -> 
  custom:scripting/monoscript/fileName/EnvPresetChooserEd.cs: f82f0750314e5eb4ba7a4dbb75069531 -> 
  custom:scripting/monoscript/fileName/GeometrySelectorWindow.cs: 58a931072d8b22d04a81ec32adffddc4 -> 
  custom:scripting/monoscript/fileName/SimpleCameraController.cs: 639b45e76fa5fda920a92b90c69d9e74 -> 
  custom:scripting/monoscript/fileName/MobileAddressablesSampleCode.cs: 2acee02fb99405de20ebd4a468683c33 -> 
  custom:scripting/monoscript/fileName/UMAWardrobeCollectionEditor.cs: a2d1200ed872aad112cbb4460473e506 -> 
  custom:scripting/monoscript/fileName/pRaceData.cs: 94f8e54b68df661c8d45e8cea71cf2f5 -> 
  custom:scripting/monoscript/fileName/PhotoBoothInspector.cs: bff18cffdcf8895860480b3146ec5116 -> 
  custom:scripting/monoscript/fileName/IUMARecipePlugin.cs: 965b4d2019f24af5f221c45edaa547aa -> 
  custom:scripting/monoscript/fileName/UMAMountedItemEditor.cs: 79d0258c8c6ea7450316d93a0546ccea -> 
  custom:scripting/monoscript/fileName/UMAWelcomeScenes.cs: 65ef4999eae8c907514578d0e09b3744 -> 
========================================================================
Received Prepare
Caller must complete domain reload
Begin MonoManager ReloadAssembly
- Loaded All Assemblies, in  0.272 seconds
Native extension for WindowsStandalone target not found
Mono: successfully reloaded assembly
- Finished resetting the current domain, in  0.538 seconds
Domain Reload Profiling: 809ms
	BeginReloadAssembly (97ms)
		ExecutionOrderSort (0ms)
		DisableScriptedObjects (3ms)
		BackupInstance (0ms)
		ReleaseScriptingObjects (0ms)
		CreateAndSetChildDomain (17ms)
	RebuildCommonClasses (19ms)
	RebuildNativeTypeToScriptingClass (7ms)
	initialDomainReloadingComplete (25ms)
	LoadAllAssembliesAndSetupDomain (123ms)
		LoadAssemblies (167ms)
		RebuildTransferFunctionScriptingTraits (0ms)
		AnalyzeDomain (11ms)
			TypeCache.Refresh (6ms)
				TypeCache.ScanAssembly (0ms)
			ScanForSourceGeneratedMonoScriptInfo (0ms)
			ResolveRequiredComponents (4ms)
	FinalizeReload (538ms)
		ReleaseScriptCaches (0ms)
		RebuildScriptCaches (0ms)
		SetupLoadedEditorAssemblies (290ms)
			LogAssemblyErrors (0ms)
			InitializePlatformSupportModulesInManaged (7ms)
			SetLoadedEditorAssemblies (4ms)
			RefreshPlugins (0ms)
			BeforeProcessingInitializeOnLoad (45ms)
			ProcessInitializeOnLoadAttributes (211ms)
			ProcessInitializeOnLoadMethodAttributes (19ms)
			AfterProcessingInitializeOnLoad (4ms)
			EditorAssembliesLoaded (0ms)
		ExecutionOrderSort2 (0ms)
		AwakeInstancesAfterBackupRestoration (4ms)
Refreshing native plugins compatible for Editor in 1.57 ms, found 4 plugins.
Preloading 0 native plugins for Editor in 0.00 ms.
Unloading 3522 Unused Serialized files (Serialized files now loaded: 0)
Unloading 17 unused Assets / (30.1 KB). Loaded Objects now: 4024.
Memory consumption went from 138.1 MB to 138.0 MB.
Total: 2.018200 ms (FindLiveObjects: 0.151600 ms CreateObjectMapping: 0.065700 ms MarkObjects: 1.766200 ms  DeleteObjects: 0.034100 ms)

Prepare: number of updated asset objects reloaded= 0
AssetImportParameters requested are different than current active one (requested -> active):
  custom:scripting/monoscript/fileName/SharedColorTable.cs: b29c7754538ee047ea44798a660ea872 -> 
  custom:scripting/monoscript/fileName/DCARendererManagerEditor.cs: 67ef15e8b1aa313829bf52e55af0d477 -> 
  custom:scripting/monoscript/fileName/CreateCleanAnimationMenu.cs: 6616098c6a37d0186f8ecbdfbc7058ac -> 
  custom:scripting/monoscript/fileName/UMAAddressablesSupport.cs: 6fdbe5a5f00c901e3fa772816a9379c3 -> 
  custom:scripting/monoscript/fileName/UMAGenerator.cs: 7a60fcb671e738c86c899020cc2dd0ce -> 
  custom:scripting/monoscript/fileName/SkeletonModifierPropertyDrawer.cs: 803dd4c8a5a389e51870ed353af9007e -> 
  custom:scripting/monoscript/fileName/IItemSelector.cs: 2fc90b8d45ccc5807f98200bbaad0300 -> 
  custom:scripting/monoscript/fileName/UMASlotProcessingUtil.cs: 7b1c52f7696398519b1f9f349b94c65b -> 
  custom:scripting/monoscript/fileName/UMABonePoseUtilities.cs: cbc63700817303c17390d46920a9adab -> 
  custom:scripting/monoscript/fileName/AssetIndexerWindow.cs: 300b315a67d22844623b77c40d8ddc14 -> 
  custom:scripting/monoscript/fileName/DNAEvaluator.cs: 1401bdd3d771a51f79a80982c680825b -> 
  custom:scripting/monoscript/fileName/OverlayViewer.cs: 614502dfd04a9a690c461ec28f9269f7 -> 
  custom:scripting/monoscript/fileName/DNAConverterFieldPropertyDrawer.cs: c2ac47777841cb73f9215153dbd0b351 -> 
  custom:scripting/monoscript/fileName/UMAExtendedAvatar.cs: 93177ff9d53f6faf85797198a468383e -> 
  custom:scripting/monoscript/fileName/DynamicDNAPluginInspector.cs: bf7766b190ac11f5a6d683d6cba23075 -> 
  custom:scripting/monoscript/fileName/FindComponentUsages.cs: edcd7cba1ba6bbf2bcb89e34626eed5b -> 
  custom:scripting/monoscript/fileName/MassChangeImporterSettings.cs: ce3ecd9186161f5966d920d4eb828845 -> 
  custom:container-demuxer-ogg: 62fdf1f143b41e24485cea50d1cbac27 -> 
  custom:scripting/monoscript/fileName/UMAMaterialPropertyBlockDrawer.cs: b0d7ce2101bdc87405f6445280a49493 -> 
  custom:scripting/monoscript/fileName/DynamicUMADnaAssetPropertyDrawer.cs: 358c7b177d2c2b8f88e2c7af1ced1ac4 -> 
  custom:scripting/monoscript/fileName/UMAGeneratorBuiltinEditor.cs: cfbf169a8d103bb7b80ae175fd01e7f5 -> 
  custom:scripting/monoscript/fileName/DNAPanel.cs: 02c175fc4b90040042d9f65eccc66a8d -> 
  custom:scripting/monoscript/fileName/ColorDNAConverterPlugin.cs: 6e36e9a457152acfc72bb0c91e227082 -> 
  custom:scripting/monoscript/fileName/OverlayLibrary.cs: d6821827359c3f54dfe6d747d6dd2c08 -> 
  custom:scripting/monoscript/fileName/UMALODLogger.cs: f556ad8a039ff34d74df6d4c4c24bfe7 -> 
  custom:scripting/monoscript/fileName/VertexAdjuster.cs: 028ab02f410de692eb17eaee9c87e6bf -> 
  custom:scripting/monoscript/fileName/SliderController.cs: 775367cfdc6573803e33539864036ff9 -> 
  custom:scripting/monoscript/fileName/UMABlendShapeExpressions.cs: 327628553453743ed9dc2e196e336322 -> 
  custom:scripting/monoscript/fileName/UMAMaterialPropertyBlock.cs: b1042a1175cceb39201cdc87fed0d603 -> 
  custom:scripting/monoscript/fileName/UMAClothProperties.cs: 202102d0fc505693925e116b8028b1ba -> 
  custom:scripting/monoscript/fileName/DynamicDNAConverterControllerInspector.cs: 1e19c3a75c964a2abb0beb95bf672995 -> 
  custom:scripting/monoscript/fileName/CSLoadableItem.cs: cd777e66a70f7d1e085cd670331d146b -> 
  custom:scripting/monoscript/fileName/UmaWardrobeBehaviourEditor.cs: 79b6626d153e4e21141efbb19e5e79e9 -> 
  custom:scripting/monoscript/fileName/pTextRecipeEditor.cs: 90647cc400823b41df847a6cbfc29026 -> 
  custom:scripting/monoscript/fileName/BuildPreprocessor.cs: 6f046dd131e52d15508df7771814521d -> 
  custom:scripting/monoscript/fileName/WorkerCoroutine.cs: 72f3a875cd0c1930230a04a916cdb128 -> 
  custom:scripting/monoscript/fileName/ColorEffector.cs: f60b99292208c8135f7d50b6e13a40df -> 
  custom:video-codec-MediaFoundation-h265: 746d11721c4dcdbdad8f713fa42b33f4 -> 
  custom:scripting/monoscript/fileName/UMAMeshDataPropertyDrawer.cs: 86eead05783829d19253294123c031e6 -> 
  custom:scripting/monoscript/fileName/SkeletonTools.cs: addc8377764095ca70526db8e5685e86 -> 
  custom:scripting/monoscript/fileName/GeometryUVEditorWindow.cs: 59a291c62a5ceff6be0c13b5c1048e8b -> 
  custom:scripting/monoscript/fileName/CharacterMovement.cs: 1673cf7be67e51b75e632a5978bb31f2 -> 
  custom:scripting/monoscript/fileName/UMADnaHumanoid_Generated.cs: c0d5559e6b7da8e89d7051416941d713 -> 
  custom:scripting/monoscript/fileName/UMA_JiggleBoneDiagnostic.cs: 22bbc06af61f46a0700d95a8f7f5b75f -> 
  custom:scripting/monoscript/fileName/UMACustomization.cs: 0bfebee64d84be6be874873347ade9f4 -> 
  custom:scripting/monoscript/fileName/TPoseExtracter.cs: dc0ae4190681d77f68b011420a576782 -> 
  custom:scripting/monoscript/fileName/SlotData.cs: cdd2771502e14360bbbf9ba89a215dce -> 
  custom:scripting/monoscript/fileName/UMAMaterialAnimatorInspector.cs: 0b780311278b5c27fdca01920691cd92 -> 
  custom:scripting/monoscript/fileName/DictionaryCustomFormatter.cs: cd1da038a4db9e9c60e1c2d9349c2d27 -> 
  custom:scripting/monoscript/fileName/RaceInspector.cs: 43ac7279eb206ea719b99c6440507ad1 -> 
  custom:scripting/monoscript/fileName/UmaRaceClipEditor.cs: dddef32dc289de7a3039979d8d9c530b -> 
  custom:scripting/monoscript/fileName/CamSaver.cs: 88a7a057f4bf23e2cbecc4b046715d5f -> 
  custom:scripting/monoscript/fileName/UMAMeshCombiner.cs: 741218f3b84fc03c20a9c060ffa50bd9 -> 
  custom:scripting/monoscript/fileName/UmaWardrobeBehaviour.cs: 032129ef3f923156bc1cf785ee43a397 -> 
  custom:scripting/monoscript/fileName/SwayRootBone.cs: 60e2de0414eb5d2033a5eaff814180dc -> 
  custom:scripting/monoscript/fileName/SampleCode.cs: 59a53ce3b088a75283f71e317fedf446 -> 
  custom:scripting/monoscript/fileName/RenderPipelineDefine.cs: 86dbd9ca7c2259a84c8299c1ef893d86 -> 
  custom:scripting/monoscript/fileName/UMADataEditor.cs: a1076c40e29ee6d30cb9d83cb56edf74 -> 
  custom:video-decoder-ogg-theora: a1e56fd34408186e4bbccfd4996cb3dc -> 
  custom:scripting/monoscript/fileName/UMADnaTutorial_Generated.cs: 0094a0d9352ba4ed30c9eb64036fe92d -> 
  custom:scripting/monoscript/fileName/UmaBoneBuilderWindow.cs: ec6b4577f99032bde2bcbf3e8fa43779 -> 
  custom:scripting/monoscript/fileName/UMARemoveComponents.cs: 608b19d8b32639c59292df2d282c1500 -> 
  custom:scripting/monoscript/fileName/JiggleBreastEditor.cs: 5f3704670aaed660f6d3d577e2b6eade -> 
  custom:scripting/monoscript/fileName/UMAIndexers.cs: 7029f9cbef9d1253cc39dce103dafb15 -> 
  custom:scripting/monoscript/fileName/DecalIndicator.cs: eb86aad5eb5186010296fc9ad80d776d -> 
  custom:scripting/monoscript/fileName/SkeletonDNAConverterPluginInspector.cs: 979699b2b703f2a99bb7b0dbe4cfebbc -> 
  custom:scripting/monoscript/fileName/UMAPreset.cs: b033c49891177d569432c64ca49bcabe -> 
  custom:scripting/monoscript/fileName/DemoTextHelper.cs: 568e0eec10b0c73fb4e875d85f203916 -> 
  custom:scripting/monoscript/fileName/UMASkeleton.cs: e81650376d73b9f65e8a034d9b9eefa1 -> 
  custom:scripting/monoscript/fileName/MirrorCam.cs: a4c62a74eeb60d913308230852a5ee5c -> 
  custom:scripting/monoscript/fileName/BlendShapeDnaSlider.cs: 14dd9692acce5867bdf4a4ce2f6c4679 -> 
  custom:scripting/monoscript/fileName/UMAFavoriteList.cs: 658303e5a25b58d8b6b087a0a6852c2a -> 
  custom:scripting/monoscript/fileName/UmaColorTrack.cs: 747a174de1702d64d6c667b0f29771e4 -> 
  custom:scripting/monoscript/fileName/UMAPhysicsElementEditor.cs: 192cdb0d4df9b85f3058cf1529830ed9 -> 
  custom:scripting/monoscript/fileName/DNAEvaluatorPropertyDrawer.cs: 1a77015f15ae5ddd5bc6cc2cdf61b0cc -> 
  custom:scripting/monoscript/fileName/BRDFLookupTextureInspector.cs: f59ad9fd8f65a740aaa31c2222075175 -> 
  custom:framework-win-MediaFoundation: 216162199b28c13a410421893ffa2e32 -> 
  custom:scripting/monoscript/fileName/DNAHandler.cs: 3cd605ae16af07996a794b92fcf1b8de -> 
  custom:scripting/monoscript/fileName/UMAMaterialAnimator.cs: 8c642f1dcee961af033f961432355a0a -> 
  custom:scripting/monoscript/fileName/UMAContextBase.cs: f41a2a5672ff913a70bd58daeff4f4e0 -> 
  custom:scripting/monoscript/fileName/DNAEvaluationGraphPresetsPopupContent.cs: af63be4d5ab9f4d354b8a9446f4a25dc -> 
  custom:scripting/monoscript/fileName/UMAColorScheme.cs: 791f552e0eeadb85d4af4b281de8bfbc -> 
  custom:scripting/monoscript/fileName/UMADna.cs: df8e117b63cfd2561a1c381a0f5706ea -> 
  custom:scripting/monoscript/fileName/TagsEditor.cs: 32d0aa20ed57dced138541f03b87b5f2 -> 
  custom:scripting/monoscript/fileName/BaseCharacterModifier.cs: a3a52dbad70fa7e25f2aaa4cde4f1064 -> 
  custom:scripting/monoscript/fileName/HUDFPS.cs: 33d22ac59b093aaf84a5fece9ccf5d4c -> 
  custom:scripting/monoscript/fileName/AssetIndexerFilterEditor.cs: 8dd8817eabc6c81d6716ec2218ede1cf -> 
  custom:scripting/monoscript/fileName/DNASetter.cs: e14392cc3955591d7b099cdb44d5b26f -> 
  custom:scripting/monoscript/fileName/ExtensionMethods.cs: 5ee22639b99e35ca6ffe158367f87fac -> 5e205a9a0143be9c429b7836974d9d2d
  custom:scripting/monoscript/fileName/MyObjectPool.cs: 90647cc400823b41df847a6cbfc29026 -> 
  custom:scripting/monoscript/fileName/UmaDnaBehaviour.cs: dd1ecaf78b1d5ea85456171f510b38db -> 
  custom:scripting/monoscript/fileName/PonytailSlotScript.cs: fcdb4dfd3f644731390dae94844e53a1 -> 
  custom:scripting/monoscript/fileName/OverlayViewerEditor.cs: 8156449cccca690e82475812baf9f4d6 -> 
  custom:scripting/monoscript/fileName/UMADynamicCharacterAvatarRecipe.cs: 689df231eb14d7dc49746fbc198285ef -> 
  custom:scripting/monoscript/fileName/UMAAssetTreeView.cs: 2902ea944a63a1fc4010dbd85774c538 -> 
  custom:scripting/monoscript/fileName/WardrobeRecipeListPropertyDrawer.cs: 58b52fb27a3b680fac760dfd1ce6ebaa -> 
  custom:scripting/monoscript/fileName/CharacterBaseEditor.cs: 0e569b9eac9e3df96e7ff2bb0ee420a3 -> 
  custom:scripting/monoscript/fileName/CollisionMatrixFixer.cs: cd6113373fde1411d5d03f678dda76e9 -> 
  custom:scripting/monoscript/fileName/ClothAccelerationPanelScript.cs: d7e2e627ea0d987f29b1a895bfab2057 -> 
  custom:scripting/monoscript/fileName/OverlayColorData.cs: 99edd8224fbac59301e38a516dd74abc -> 
  custom:scripting/monoscript/fileName/DCSStandardTypes.cs: b7d6d1f34fb3d5b4a2bdf0a404dce299 -> 
  custom:scripting/monoscript/fileName/DNAEvaluationGraphPropertyDrawer.cs: 106dd74bdd76ed6b530002d9462342d8 -> 
  custom:scripting/monoscript/fileName/RaceSetterPropertyDrawer.cs: c175922818f1ed192568a199f83e0de9 -> 
  custom:scripting/monoscript/fileName/UMABonePose.cs: a8026a8a75673e34d9a85330fad63073 -> 
  custom:scripting/monoscript/fileName/SimpleDecal.cs: db1915aa06c6471edafa2765e9771405 -> 
  custom:scripting/monoscript/fileName/UMAShooter.cs: 0176f20b02b54375d5a8bb8ea5f7c640 -> 
  custom:scripting/monoscript/fileName/ISlotDataObject.cs: 06638f0a6958bc5e058137bafe42e5fe -> 
  custom:scripting/monoscript/fileName/VertexEditorStage.cs: 009588a5113cc35aa8e387afa31ae8b4 -> 
  custom:scripting/monoscript/fileName/WardrobeCollectionLibrary.cs: 5f58e3539aca7a90c6b7164c59132f34 -> 
  custom:scripting/monoscript/fileName/SliderExpressionTest.cs: 14fe76db81cfeefcfdb59426a70d15bd -> 
  custom:scripting/monoscript/fileName/pDCSRecipeEditor.cs: 5e2ab9cfe81e04de31d18dbafae66b8c -> 
  custom:scripting/monoscript/fileName/UMAMountObject.cs: fe889fc778c125b28f26edb2973d22c8 -> 
  custom:scripting/monoscript/fileName/UMABonePoseMixerWindow.cs: 5cdb9fce1c5a87292459959cd42c7892 -> 
  custom:scripting/monoscript/fileName/DecalManager.cs: fcc56e96b345aa0657c3cb0df45847d6 -> 
  custom:scripting/monoscript/fileName/CSWardrobeSlotChangerDD.cs: 33983d33734bdab1982164aabe4d4e25 -> 
  custom:scripting/monoscript/fileName/ShaderPackage.cs: 938afabb6949ef6ec79c7914d21b4923 -> 
  custom:scripting/monoscript/fileName/UMATime.cs: ca4e3a1cc5254c5254360613eb685374 -> 
  custom:scripting/monoscript/fileName/UMAGeneratorBaseEditor.cs: 2be21793e5a9ab65f600225fdb46c592 -> 
  custom:scripting/monoscript/fileName/CursorLock.cs: fa510114fc78c2cda1befc9c04383697 -> 
  custom:scripting/monoscript/fileName/UMAGeneratorGLIB.cs: 342be92488b53772e12106bedf082ba4 -> 
  custom:scripting/monoscript/fileName/UMAGeneratorBase.cs: 46ecf48928278538449cdc71bcc36d9d -> 
  custom:scripting/monoscript/fileName/SlotLibraryBase.cs: 2b3a444ed6ed71e668923134332faa2b -> 
  custom:scripting/monoscript/fileName/UMALODConversionSet.cs: d831e0d167953fd24773cf00350b3923 -> 
  custom:scripting/monoscript/fileName/DCARendererManager.cs: 1b127e165e2f413d6cdadf900d88f0f0 -> 
  custom:scripting/monoscript/fileName/CustomAssetUtility.cs: 4e65e74782ade968c56638ea5a27c786 -> 
  custom:CustomObjectIndexerAttribute: 9a22284fe3817be447336de3de66b15e -> 
  custom:scripting/monoscript/fileName/Readme.cs: 5aedf578fb2663036982fb7b05aaf325 -> 
  custom:scripting/monoscript/fileName/UMALODConversionEntry.cs: de6ed5ede1824d17f6da8613f73a2fa4 -> 
  custom:scripting/monoscript/fileName/DynamicSlotLibraryEditor.cs: b8991abe3c98f9667b681346f5b34500 -> 
  custom:scripting/monoscript/fileName/UMATestEventsScript.cs: 90c6f9ed445d8a0b01696a22b1cfe154 -> 
  custom:scripting/monoscript/fileName/DNAEvaluatorListPropertyDrawer.cs: f615412680de25e1af103a26bda02409 -> 
  custom:scripting/monoscript/fileName/IDNASelector.cs: f3e7554fa70d39dbe640dfad062adbaa -> 
  custom:scripting/monoscript/fileName/UMAEditorUtilities.cs: 5783eb9290163e1d5e5e819995bb2123 -> 
  custom:scripting/monoscript/fileName/BonePoseDNAConverterPlugin.cs: 28918f83136ffac52583ad5b9a682658 -> 
  custom:scripting/monoscript/fileName/UMABoneVisualizer.cs: c41cdfb228347cc1b6b889898bae7e0e -> 
  custom:scripting/monoscript/fileName/UMABonePosePropertyDrawer.cs: c3152ef74ea2dfd8dde462e0b3e6203e -> 
  custom:scripting/monoscript/fileName/DynamicDNAPluginMasterWeightDrawer.cs: c6f229cbb409be29dd82f92ab47f6045 -> 
  custom:scripting/monoscript/fileName/DynamicCharacterAvatar.cs: 6f9c86fdb5d496139b0385eeed9c05c0 -> 
  custom:scripting/monoscript/fileName/UmaRaceUpdaterWindow.cs: 7f4e99055e2e2792b40e5c3250f076f3 -> 
  custom:scripting/monoscript/fileName/DNADelegatesExample.cs: 346716e5d922be13ef83fe5075fb0107 -> 
  custom:scripting/monoscript/fileName/SlotDataAssetInspector.cs: 8e6df804351f0a09e6f7ec724e956303 -> 
  custom:scripting/monoscript/fileName/CodeGenTemplate.cs: 2e68bc6335426612b2eb74e600ea0862 -> 
  custom:scripting/monoscript/fileName/UMAAnimationTargetRenamer.cs: a2c288711ba4ae88291ddc83ce391f15 -> 
  custom:container-demuxer-webm: 4f35f7cbe854078d1ac9338744f61a02 -> 
  custom:scripting/monoscript/fileName/SlotDataAsset.cs: fde6d069b4a4bf1c6a8834681753c46f -> 
  custom:scripting/monoscript/fileName/MeshHideAsset.cs: 6c2f058d2cb2609fbae3827816b027ad -> 
  custom:scripting/monoscript/fileName/DecalDefinition.cs: c4e5cdfb119c9e91c3ff9a59dfa01587 -> 
  custom:scripting/monoscript/fileName/BinaryAssetWrapper.cs: be17c60c0f573c57634e62b2ab4828e1 -> 
  custom:scripting/monoscript/fileName/UMARandomAvatar.cs: c11aec423647a746034d75a671b9872e -> 
  custom:scripting/monoscript/fileName/JiggleButtEditor.cs: 82de61eecfeb19eb1a300b0a708dbf38 -> 
  custom:scripting/monoscript/fileName/InspectorUtlity.cs: 4ceca7565db74be2ab627d1311668d4f -> 
  custom:scripting/monoscript/fileName/UMAGenericPopupChoice.cs: 3373bc69d0cc40cb4ab0cee9dfd69ec8 -> 
  custom:scripting/monoscript/fileName/SlotBuilderParameters.cs: 294e1f9d243a7ac19bcd6d9bae9bd4f4 -> 
  custom:scripting/monoscript/fileName/SkeletonDNAConverterPlugin.cs: 050e91d0c24fa1d8e173d198fa3f7221 -> 
  custom:scripting/monoscript/fileName/EnumFlagsAttributeDrawer.cs: a754343d39ad8ca7fe99ba650fef11ae -> 
  custom:scripting/monoscript/fileName/UMAEvents.cs: 7da8fa7ba127609f4ca8530a062b13c8 -> 
  custom:scripting/monoscript/fileName/UMABonePoseBuildWindow.cs: 7b85af171af64b989b9755dd1942c061 -> 
  custom:scripting/monoscript/fileName/MeshModifierInspector.cs: 265d7fee28d65e29592c035c9d7c11fb -> 
  custom:scripting/monoscript/fileName/UMAMaterial.cs: 426c0c8ba9c3bc57c37e1feb553c6411 -> 
  custom:scripting/monoscript/fileName/UmaRaceTrack.cs: e0e2b9ac6fe1c5b80bca9848aa5608d3 -> 
  custom:scripting/monoscript/fileName/UMABoneVisualizerEditor.cs: 87343a84ce11c0352b06dbf2b0883bbb -> 
  custom:scripting/monoscript/fileName/IUMAIndexOptions.cs: d92dc5c00fbff3904d2d83cd6faa287d -> 
  custom:scripting/monoscript/fileName/BaseCharacterModifierPropertyDrawer.cs: fb0f67230c3a14aa5be8e8d8d60e6eae -> 
  custom:scripting/monoscript/fileName/WardrobeHandler.cs: 4dcc4acd49f08b27375eeb76d83d1b2d -> 
  custom:scripting/monoscript/fileName/SceneWalker.cs: 0e287aedbe56ddf19cc5f178dd187f1e -> 
  custom:scripting/monoscript/fileName/AssetItem.cs: 14d64c5e868e90e8c08785ba41339919 -> 
  custom:scripting/monoscript/fileName/UMASettingsProvider.cs: 560a4035087301b019c37674e07cd7e7 -> 
  custom:scripting/monoscript/fileName/UMAWardrobeCollection.cs: e026082f86f26972232464fe55b43965 -> 
  custom:scripting/monoscript/fileName/UMADnaHumanoid.cs: d47de6453cd6570e202b3c36f92953a2 -> 
  custom:scripting/monoscript/fileName/TutorialDNAConverterBehaviour.cs: d58f01d7ef61b2a92600f3576aa9669a -> 
  custom:scripting/monoscript/fileName/UMAPredefinedDNA.cs: 4b1755a845dd944a7fce85e03d0c562a -> 
  custom:scripting/monoscript/fileName/CachedReorderableList.cs: ac79fda0c5296d656fc25246321b917c -> 
  custom:scripting/monoscript/fileName/UMAJiggleBone.cs: 5eed003ff9b71bb362a60c724b47376a -> 
  custom:scripting/monoscript/fileName/DNAEvaluatorList.cs: fc52711450654838bd49ba3965453b6f -> 
  custom:scripting/monoscript/fileName/OptionsGUI.cs: 9bc0f4840cc6ff2a8cfba61b8c8044c1 -> 
  custom:scripting/monoscript/fileName/IDynamicDNAConverter.cs: 70bc5e39b206caf3fb2ab153b60d448b -> 
  custom:scripting/monoscript/fileName/UMAData.cs: 780fe4831ab59b5da2f68b9f29415896 -> 
  custom:scripting/monoscript/fileName/LocomotionSlotScript.cs: c8d23735fa97fe389654ff16d80a15cc -> 
  custom:scripting/monoscript/fileName/BlendshapeDNAConverterPlugin.cs: d062a3498e2100b406e08612589c35cf -> 
  custom:scripting/monoscript/fileName/allevents.cs: 6d267ad9469f86c02f4abf3a97d4f3c9 -> 
  custom:scripting/monoscript/fileName/EnvPresetChooser.cs: d6e9de2734fbdf44e9e2345055d66c20 -> 
  custom:scripting/monoscript/fileName/ShaderPackageImporter.cs: fb788ab3fdd39b9262df25019571477a -> 
  custom:scripting/monoscript/fileName/TextureProcessPro.cs: f82ed1000dfa14dfef5c4beaae7c54cf -> 
  custom:scripting/monoscript/fileName/SlotHandler.cs: dd558b467166bf946ef6abd5db74253b -> 
  custom:scripting/monoscript/fileName/UMADestroyLogger.cs: c72ba5471942a173ae1a7c33f20ece88 -> 
  custom:scripting/monoscript/fileName/UMADnaBase.cs: a3bf03a9db6fd61f168b4b147802c0e1 -> 
  custom:scripting/monoscript/fileName/DnaGUI.cs: 2dd9f2ebe32f01406b71f60fdf125a2f -> 
  custom:scripting/monoscript/fileName/UmaDnaClip.cs: d25d60e8a1b45ad245a7aea01b3fadff -> 
  custom:scripting/monoscript/fileName/EnvPreset.cs: df5ebdadf19c1f7c0725661b4108508f -> 
  custom:scripting/monoscript/fileName/TextureMerge.cs: a5757dee0803265f18c1bc8c046ad436 -> 
  custom:scripting/monoscript/fileName/FPSWalkerEnhanced.cs: d2686931f9798825a9e41e7326af10ee -> 
  custom:scripting/monoscript/fileName/DNAEffector.cs: e6914c023c36c26b7f5ce5ba24dc39ba -> 
  custom:scripting/monoscript/fileName/UmaWardrobeTrack.cs: 5b272da9cdcedb5d17986692e3b04bf1 -> 
  custom:scripting/monoscript/fileName/GUIHelper.cs: 0d724e4ba4f8dec4184f24be7017a055 -> d29ec1b6faa47dc3c531ea76fa2fa9e6
  custom:scripting/monoscript/fileName/UMAClothPropertiesInspector.cs: 0ad4b81aaf8abf0fd7013df16c632717 -> 
  custom:scripting/monoscript/fileName/DNARangeAsset.cs: bfd2e732d3d5cda0a5fcc1f99cd98f5e -> 
  custom:scripting/monoscript/fileName/UMAAssetCollection.cs: b5b2120572f4916d7e88331cea475580 -> 
  custom:scripting/monoscript/fileName/MyListPool.cs: 90647cc400823b41df847a6cbfc29026 -> 
  custom:scripting/monoscript/fileName/OverlayDataAsset.cs: 9674bef9074017278ab7153360770c9f -> 
  custom:scripting/monoscript/fileName/WelcomeToUMA.cs: dcce3ba7dac1a1e329e6f6ee62853388 -> 
  custom:scripting/monoscript/fileName/WardrobeCollectionDemoUI.cs: 813cf9159ffe132a16dd7748cce95cf0 -> 
  custom:container-muxer-webm: aa71ff27fc2769a1b78a27578f13a17b -> 
  custom:scripting/monoscript/fileName/DropdownWithColor.cs: 21226236368cdff03cc121d35e33e85b -> 
  custom:scripting/monoscript/fileName/DNASliderHandler.cs: 2b975e307dcb4f2f15767941a8879ba6 -> 
  custom:scripting/monoscript/fileName/UMAUVAttachedItem.cs: aacb0e9a5d997226f4d6552e2fc0d9db -> 
  custom:scripting/monoscript/fileName/DynamicUMADnaAssetEditor.cs: 15b09f71de8117fb39aa91cfaf79a5db -> 
  custom:scripting/monoscript/fileName/ReadmeEditor.cs: ff7ced1e41c1b99ddf5dfefc88f6bd50 -> 
  custom:scripting/monoscript/fileName/IEditorScene.cs: 71d2d3a4726a934118c1473309a01421 -> 
  custom:scripting/monoscript/fileName/OverallScaleDNAConverterPlugin.cs: 37785b8fefca885d7efe2dea4f4c1c3c -> 
  custom:scripting/monoscript/fileName/UMARandomizer.cs: d7c08d322c81373afcdd0dccdbc747ef -> 
  custom:scripting/monoscript/fileName/ColliderDefinition.cs: 3a53fcece84b5fe15254a135a2a4b907 -> 
  custom:video-decoder-webm-vp8: 9c59270c3fd7afecdb556c50c9e8de78 -> 
  custom:scripting/monoscript/fileName/UMARecipeCrowd.cs: 54c4317cdf62b503457ed4f4baeb524c -> 
  custom:scripting/monoscript/fileName/RecalculationSlot.cs: 8d92d34df906b66ca9221c6be5a56110 -> 
  custom:scripting/monoscript/fileName/UmaColorClip.cs: e762e8f742d4fe9dde5555e076a2c66f -> 
  custom:scripting/monoscript/fileName/PhotoBooth.cs: 73db0c4214bcedddbf2ef0301eb943d3 -> 
  custom:scripting/monoscript/fileName/UMAGlobalForceApplier.cs: c7af6e7d09343723996ea96b5cd912b9 -> 
  custom:scripting/monoscript/fileName/DynamicExpressionList.cs: 0a92869ac563b2979158a446159b5fa4 -> 
  custom:scripting/monoscript/fileName/ConstructDCAFromScratch.cs: 8dc7787c3a35bf98f1b5411906444bbb -> 
  custom:scripting/monoscript/fileName/ExpressionSlotScript.cs: b36e8d2cabda775b654630d49e90d5d1 -> 
  custom:scripting/monoscript/fileName/EnvPresetSwitch.cs: 1cc12e5a3c54fa9c790f04a0c477a654 -> 
  custom:scripting/monoscript/fileName/DNAEditor.cs: 1f2abfc40e5f7141692095417626f81c -> 
  custom:scripting/monoscript/fileName/DynamicCharacterAvatarEditor.cs: 419ac5a9f8321ad7fccdd87b1c9ed453 -> 
  custom:scripting/monoscript/fileName/AvailableColorsHandler.cs: 2ceea2a39a9044cdb6cba1f8acf3d975 -> 
  custom:scripting/monoscript/fileName/OverlayColorDataPropertyDrawer.cs: 5edb8f9ec5ee5fc3fa9dc24327278097 -> 
  custom:SearchIndexIgnoredProperties: e643bd26f0fe6173181afceb89e7c659 -> 
  custom:scripting/monoscript/fileName/SlotLibrary.cs: 0da0e6419144b047711e15384dbc1c0d -> 
  custom:scripting/monoscript/fileName/EditModeExpressionPreview.cs: bca2bdfb338e670d3c9bdd5e6cd2688a -> 
  custom:scripting/monoscript/fileName/StandAloneDNA.cs: b1910ba987630de8e8ef641e6c0665fe -> 
  custom:scripting/monoscript/fileName/ColorHandler.cs: 8f443dd9f151f1f719ebd738d6cb8af3 -> 
  custom:scripting/monoscript/fileName/UmaColorTrackEditor.cs: 3639105bbd5cd91868d4ff1e50db0f20 -> 
  custom:scripting/monoscript/fileName/SlotLibraryEditor.cs: 4713937095db22c2787ffa504c8e93fc -> 
  custom:scripting/monoscript/fileName/ColorSchemeAssetInspector.cs: 30a0dfd3f74d06d367a5fdfc8b8a54d5 -> 
  custom:AudioImporter_EditorPlatform: d09bf68614088b80899f8185d706f6e7 -> 
  custom:scripting/monoscript/fileName/DynamicCharacterSystemEditor.cs: 24be00ff2545921c1ebd39a50a6e7d3c -> 
  custom:scripting/monoscript/fileName/LODDisplay.cs: a854e6df6ba1cfba73ebac4d80a48868 -> 
  custom:scripting/monoscript/fileName/UMAUVAttachedItemBlendshapeAdjuster.cs: 8220d720548d456fccd78fdc8f29c8e1 -> 
  custom:scripting/monoscript/fileName/pWardrobeRecipeEditor.cs: 0cdf409b5aa8d4c25876d72b5c6a3b60 -> 
  custom:scripting/monoscript/fileName/UmaAboutWindow.cs: 629480ba67cae035e4fb363b02013d43 -> 
  custom:scripting/monoscript/fileName/ClothHelper.cs: 0a4f012cdac591de0576f8e1a338df23 -> 
  custom:scripting/monoscript/fileName/UMADynamicCharacterAvatarRecipeEditor.cs: 3f69c3168e66682eee886d869f9e8b6e -> 
  custom:scripting/monoscript/fileName/UMAMountedItem.cs: 4f5274cfff75be0ffab6f2dc6e1bf75c -> 
  custom:scripting/monoscript/fileName/Preloader.cs: e62fc63f994018c6c087ab2a192e2d8b -> 
  custom:scripting/monoscript/fileName/SaveAndLoadSample.cs: 7a44f0c23379b4f35bb66f08dfdbd51d -> 
  custom:scripting/monoscript/fileName/ClothHelperEditor.cs: bd394e556d1016d268483e8588c28661 -> 
  custom:scripting/monoscript/fileName/UMAFavorite.cs: b2121bd978afa4e4e2a65d4cbb289529 -> 
  custom:scripting/monoscript/fileName/InteractiveWindow.cs: 2acdc8755469425d7f06e0074dd38739 -> 
  custom:scripting/monoscript/fileName/SkeletonModifier.cs: fd28b14e44a310e3469cc87074cb3025 -> 
  custom:scripting/monoscript/fileName/UMAObjExporter.cs: 12f42fc4fba91bc71bf35f049e258269 -> 
  custom:scripting/monoscript/fileName/MeshHideInspector.cs: 4bb55cc120fc0c12f2d7ccb3e96fca9b -> 
  custom:scripting/monoscript/fileName/UMAPostProcess.cs: 02f28fb63844bb8270d01935f609f8cd -> 
  custom:scripting/monoscript/fileName/UMAAvatarLoadSaveMenuItems.cs: 4441393304752b46499c62406e37b7fc -> 
  custom:scripting/monoscript/fileName/UMAMouseOrbitImproved.cs: 303f4a83bb57d70d7e5afc768a19cb85 -> 
  custom:scripting/monoscript/fileName/DynamicOverlayLibraryEditor.cs: c92d9401f4903c8d21243ded58d81ee1 -> 
  custom:scripting/monoscript/fileName/UMAWardrobeRecipe.cs: cf3329a4aab88bff47c92b6014380f3a -> 
  custom:scripting/monoscript/fileName/UMAPhysicsAvatar.cs: e47bbe668c2fe587b94a70b1d5e192ea -> 
  custom:scripting/monoscript/fileName/HumanoidDNAConverterBehaviour.cs: 48733b359a0a11b506b48b7d54e0dfd2 -> 
  custom:scripting/monoscript/fileName/DynamicUMADnaAsset.cs: 1b5a1c90af646d9945837bcfe36c72ef -> 
  custom:scripting/monoscript/fileName/UMASettings.cs: 2ad8db19091104384d47b5231fe4d6c0 -> 
  custom:scripting/monoscript/fileName/DynamicUMADna.cs: 65d5f8253be6f15bea7a26709c34ae75 -> 
  custom:scripting/monoscript/fileName/UMABonePoseEditorContext.cs: ab7763119fc955150cc41f8d66a87f9d -> 
  custom:scripting/monoscript/fileName/UMAMaterialInspector.cs: dfb8c23f0b470ebc4bc6ac5ee665784f -> 
  custom:scripting/monoscript/fileName/UMACrowdRandomSet.cs: 9f84f48d0a1f4bb6ee7b48730f38e130 -> 
  custom:scripting/monoscript/fileName/IColorSelector.cs: 2339a7ab0f0a99ff2dddbe950711793a -> 
  custom:scripting/monoscript/fileName/VertexAdjustmentCollection.cs: 1511bc2bc8b4b3487863a3afee09b75a -> 
  custom:scripting/monoscript/fileName/UmaRaceClip.cs: aec6ddbc0f6acd5f5cc70a2ccf1ecdc3 -> 
  custom:scripting/monoscript/fileName/DisplayListWindow.cs: 6365030e4499970245d70d80c3a90780 -> 
  custom:scripting/monoscript/fileName/DNAConverterField.cs: 7c5f766c46e95231488074152598ce3f -> 
  custom:scripting/monoscript/fileName/DynamicCharacterSystem.cs: f96cb30f7dbddfab3616e0b8ae831122 -> 
  custom:scripting/monoscript/fileName/SerializedPropertyExtensions.cs: 23dd8e889fd764d7f6724efaed182f3a -> 
  custom:scripting/monoscript/fileName/InspectorButton.cs: 8c6c7e1b6d90211158326baffd779cf2 -> 
  custom:scripting/monoscript/fileName/UMAGeneratorGlibEditor.cs: e3dd6bc008386294d14c63241a3f05be -> 
  custom:scripting/monoscript/fileName/DynamicCharacterSystemBase.cs: 2456bea76faaf56d71f7890291a8992d -> 
  custom:scripting/monoscript/fileName/UMAPlayOnAwake.cs: ea74d879b178158a1ccd1bf7857bb8c9 -> 
  custom:scripting/monoscript/fileName/UmaTPoseInspector.cs: 993a6cad702aec03936d2f401e61f0a6 -> 
  custom:scripting/monoscript/fileName/UMAGeneratorEditor.cs: f03518b78ec4d74e86b6d4bce1b23aaa -> 
  custom:scripting/monoscript/fileName/CustomPreviewStage.cs: 11fc2387f926c0c2fc36c1b47eb46ecd -> 
  custom:scripting/monoscript/fileName/UMAExpressionSetInspector.cs: 4805ee078f73fb5fcf8f3ffa695a131d -> 
  custom:scripting/monoscript/fileName/DNAEvaluationGraphPresetLibrary.cs: 6d9e3baf957804e7703d28909c285ea6 -> 
  custom:scripting/monoscript/fileName/UMAWelcomeScenesEditor.cs: b9a62de40579f956b978ddb4a401f8a0 -> 
  custom:scripting/monoscript/fileName/SeamRemoval.cs: 0e016d120b49c05941065f9ef0be62e4 -> 
  custom:scripting/monoscript/fileName/UMADynamicBoneJiggle.cs: e50d63855e011cc451223a9cfdc184bc -> 
  custom:scripting/monoscript/fileName/DynamicDNAPlugin.cs: 03a573e152f92d23bc542c40848c71d3 -> 
  custom:scripting/monoscript/fileName/ColorPickerGUI.cs: 3b3b2f84bcee6cffd12812d6e69f629f -> 
  custom:scripting/monoscript/fileName/UMA_JiggleElement.cs: 74e54a7c0c920430b938bf9cfc0c42d9 -> 
  custom:scripting/monoscript/fileName/FileUtils.cs: 63e62842badc837cd4f0561dafc0d755 -> 
  custom:scripting/monoscript/fileName/UMAPhysicsElement.cs: f2623c6490e2be88995e139e72f5a810 -> 
  custom:scripting/monoscript/fileName/UMAWebGLSetup.cs: 3dde4607c6fb257296de4fe8a205f323 -> 
  custom:scripting/monoscript/fileName/PreviewWindow.cs: 53ff858c55f6e5e10f9d30f83fac734b -> 
  custom:scripting/monoscript/fileName/MouseLook.cs: a364a816c5a70eac40dd93c32c47709b -> 02bafd22af827e561c2131ae88bbd075
  custom:scripting/monoscript/fileName/UMARecipeMixer.cs: 47106181a1f9a7892f3541817c0607d4 -> 
  custom:scripting/monoscript/fileName/EnumFlagsAttribute.cs: 35fae2b96d6fee5c0fa3788d54fd2493 -> 
  custom:scripting/monoscript/fileName/UMAWardrobeRecipeEditor.cs: ba21b9d2f458e6fb9d7385abd2eb9ff3 -> 
  custom:scripting/monoscript/fileName/UMA_JiggleButt.cs: 94ecf42a7178deae052f9d6443a6dea3 -> 
  custom:scripting/monoscript/fileName/MeshModifier.cs: 7c1780adc6c94172ec4ad5d66643ebcb -> 
  custom:scripting/monoscript/fileName/ColorDNAConverterPropertyDrawers.cs: a91fa6d72a10441d9b2e78497d855387 -> 
  custom:scripting/monoscript/fileName/UMAPhysicsSlotDefinition.cs: c68c5daa8a6602857129194e5de56367 -> 
  custom:scripting/monoscript/fileName/UMAGenericPopupSelection.cs: d1433b7b8bb92788613dec5fc49abb30 -> 
  custom:scripting/monoscript/fileName/IDynamicExpression.cs: a5ba58e8f7fd6b6988831bc1d383b2f5 -> 
  custom:scripting/monoscript/fileName/OverlayDataAssetInspector.cs: c30a0bf1979891b0d8d2a6fd0a938ebe -> 
  custom:scripting/monoscript/fileName/TextureCombiner.cs: e8d8e8e814c2fc0909c2139b8897bb7e -> 
  custom:scripting/monoscript/fileName/UmaDnaTrack.cs: 04cb4080c73a29cd1bc919ed537fe36a -> 
  custom:scripting/monoscript/fileName/ExpressionPlayer.cs: 068efb5e8c68ab7a8de3c4a2c1c4078b -> 
  custom:scripting/monoscript/fileName/UMAChannelCombiner.cs: 5beda8700a15cea103c4314b1095efe4 -> 
  custom:scripting/monoscript/fileName/DynamicDNAConverterController.cs: de41c61552cebae012827320d5ef2de8 -> 
  custom:scripting/monoscript/fileName/SharedColorTableEditor.cs: 8b1d7c7c6304bc57610913cb9885d06a -> 
  custom:scripting/monoscript/fileName/UMAPhysicsAvatarEditor.cs: 837a4e2c04ec7729b5a7a2ede24d41ad -> 
  custom:scripting/monoscript/fileName/OverlayLibraryEditor.cs: e49e29aa25700a7581ac8df95ed13290 -> 
  custom:scripting/monoscript/fileName/OverlayLibraryBase.cs: ca4f0d3597d80b240e670811997679bc -> 
  custom:scripting/monoscript/fileName/UMADefaultMeshCombiner.cs: c45b6e03ac843c393626170fcd8ca1b6 -> 
  custom:scripting/monoscript/fileName/ShaderPackageImporterEditor.cs: 06f789fa7be74db4c17968ebf834f9d8 -> 
  custom:scripting/monoscript/fileName/TreeModel.cs: 90647cc400823b41df847a6cbfc29026 -> 
  custom:scripting/monoscript/fileName/FPSCounter.cs: 9c8b395bab3714e78baa59d2fab75d3c -> 
  custom:scripting/monoscript/fileName/UMASimpleLODEditor.cs: 70034b0b5ded45ad515caa814ac4a938 -> 
  custom:scripting/monoscript/fileName/NewUMAGUI.cs: 99e96c83e1ae7855b8d84cb1053d4c80 -> 
  custom:scripting/monoscript/fileName/ConstructDCAFromAPrefab.cs: 9db8dc9d5343a4fd0bbd0c78a2414d1d -> 
  custom:scripting/monoscript/fileName/AssetTreeElement.cs: f83bf6a2a982eaa43c0f49052e20bf46 -> 
  custom:scripting/monoscript/fileName/DynamicRaceLibrary.cs: 34c0385d146d94554f2f55f1e7db7c48 -> 
  custom:scripting/monoscript/fileName/IUMAEventHookup.cs: a1eeb3a084495e02bd8394c8429dc8cb -> 
  custom:scripting/monoscript/fileName/SkinnedMeshAligner.cs: 980f31f70efe1442a17b7ddb523ed06f -> 
  custom:scripting/monoscript/fileName/UMASimpleLOD.cs: eea0fe7ec4764a910c64cfef247c8574 -> 
  custom:scripting/monoscript/fileName/INameProvider.cs: 786b9a95e4146f3cafddef3d19c0262e -> 
  custom:scripting/monoscript/fileName/UMABoneCleaner.cs: f5eaca84475952258357c5404eb70f37 -> 
  custom:scripting/monoscript/fileName/UmaSlotBuilderWindow.cs: 1c930615742655ca40b03094d36046d5 -> 
  custom:scripting/monoscript/fileName/SpeedCheck.cs: 54d1baab5c6760fad0bd635587675545 -> 
  custom:scripting/monoscript/fileName/GeometrySelector.cs: f4b0a4438609550aaa4bee0e7b8ce1c0 -> 
  custom:scripting/monoscript/fileName/pUMATextRecipe.cs: 5e2ab9cfe81e04de31d18dbafae66b8c -> 
  custom:scripting/monoscript/fileName/RenderTexToCPU.cs: 2e485faf88447d47bb7891be73e15cfb -> 
  custom:scripting/monoscript/fileName/EnumExtensions.cs: aef4f61f974f9e10f719873723b9d6ec -> 872fcb89b813d64606e680211dede528
  custom:scripting/monoscript/fileName/RaceLibrary.cs: c5c4802823848f33569477f3cb11b5cb -> 
  custom:scripting/monoscript/fileName/UMASlotVerifyWizard.cs: 0b8a5f2824350963e8debf4e461b9cee -> 
  custom:scripting/monoscript/fileName/UMABonePoseEditor.cs: 9f907287d58b8120de0b228c03910c62 -> 
  custom:video-encoder-webm-vp8: eb34c28f22e8b96e1ab97ce403110664 -> 
  custom:scripting/monoscript/fileName/LogToText.cs: 5f21700d4586c84e97d163ae8313f04b -> 
  custom:scripting/monoscript/fileName/UMARandomizerEditor.cs: 3938b03220edb5ad0ec75745ba2459ff -> 
  custom:scripting/monoscript/fileName/SwayBone.cs: d6c06726aed14b10097052addd5a3f62 -> 
  custom:scripting/monoscript/fileName/SmoothMouseLook.cs: 873dbd5cf57037779b978a5baa117678 -> 
  custom:scripting/monoscript/fileName/UMAPhysicsSlotEditor.cs: 485f66e39776b6296177641af3d9cdf3 -> 
  custom:scripting/monoscript/fileName/UMAAssetFieldVisible.cs: f9b259d7c53c9eb3a1735e62b476f8fa -> 
  custom:scripting/monoscript/fileName/UMA_JiggleBreasts.cs: c5aaae757e5dbd9de9312f5e9c8b4a5e -> 
  custom:scripting/monoscript/fileName/RaceAnimatorListPropertyDrawer.cs: 96c003ef61893a6cf6e33f486ecc9583 -> 
  custom:scripting/monoscript/fileName/PopupAssetInspector.cs: 01cf53c92eecbee121d8744fe2439ea2 -> 
  custom:audio-decoder-ogg-vorbis: bf7c407c2cedff20999df2af8eb42d56 -> 
  custom:scripting/monoscript/fileName/TreeElementUtility.cs: 54dee75625b3fbb9cbec7969c750e8cc -> 
  custom:scripting/monoscript/fileName/WardrobeCollectionDemoBtn.cs: 6b3c7c2fabf39d88ae00c812043a5e75 -> 
  custom:scripting/monoscript/fileName/UMAAssetCollectionEditor.cs: 1319385bc72dcc49f41aaf6291489952 -> 
  custom:scripting/monoscript/fileName/DynamicRaceLibraryEditor.cs: 92d5c19d0050732891000e04d46a15be -> 
  custom:scripting/monoscript/fileName/UMAGeneratorStub.cs: 8a625632c20f0c2d7aa7d3c1935d1607 -> 
  custom:scripting/monoscript/fileName/TreeViewWithTreeModel.cs: 0cdf409b5aa8d4c25876d72b5c6a3b60 -> 
  custom:scripting/monoscript/fileName/DynamicOverlayLibrary.cs: 556d47bc827eda245a06a096e9cdd45b -> 
  custom:scripting/monoscript/fileName/TreeElement.cs: 3819718650101ed8174da82864567d10 -> 
  custom:scripting/monoscript/fileName/UMAGeneratorPro.cs: 631a707b2190174a6b57186b57a665b6 -> 
  custom:scripting/monoscript/fileName/UMAPackedRecipeBase.cs: 6d6267ea4cbc13afb207a5211bc1e5c4 -> 
  custom:scripting/monoscript/fileName/UMAMeshData.cs: 3193dbfe081452e796120bc2758376e7 -> 
  custom:scripting/monoscript/fileName/ActiveObjectSwitcher.cs: 53ebf0e7200b4ef778df5a6cf15197cb -> 
  custom:scripting/monoscript/fileName/UMAGeneratorBuiltin.cs: 9dd77b74a6641823ff5cebba0a3ecec0 -> 
  custom:scripting/monoscript/fileName/SlotToMesh.cs: fc949e98e4254f1513da8d2a614e6bb3 -> 
  custom:scripting/monoscript/fileName/pUMAAssetIndexer.cs: 90647cc400823b41df847a6cbfc29026 -> 
  custom:scripting/monoscript/fileName/ItemEffector.cs: a6c7940b58b7f01fd3d57cd4d7ef820a -> 
  custom:scripting/monoscript/fileName/PowerToolsIntegration.cs: 0088fb368ac019d493588f7d04b79d89 -> 
  custom:scripting/monoscript/fileName/UMALODConversionSetEditor.cs: 4f913f69c8af0f6c759e9cdb1c564c68 -> 
  custom:scripting/monoscript/fileName/UMAUVAttachedItemManager.cs: c82432d1e87975810ff2853a7309dad4 -> 
  custom:scripting/monoscript/fileName/UMAAvatarBase.cs: 33985a8e9922a574158833936f4b6e9a -> 
  custom:scripting/monoscript/fileName/DNARangeInspector.cs: 87b785675427978a4472fafb91e6dfdb -> 
  custom:scripting/monoscript/fileName/UMAUtils.cs: 4da54b8fad1dbf6a7678e52087295bad -> 
  custom:scripting/monoscript/fileName/DNAConverterListPropertyDrawer.cs: 40119da9c572297b7db3eaba40173744 -> 
  custom:scripting/monoscript/fileName/UMAUpdateProcessor.cs: 24d611e88551d21edf27e49196067cd6 -> 
  custom:scripting/monoscript/fileName/UMARendererAsset.cs: 0d4ce87561d157c2540c17b1f42e3d64 -> 
  custom:scripting/monoscript/fileName/DecalEditor.cs: 732928e1c5567a37b2f6d3776f579be5 -> 
  custom:scripting/monoscript/fileName/DNAEvaluationGraphPresetLibraryInspector.cs: 82ffb8ea472d4d16f8eb61f2930c6fd8 -> 
  custom:scripting/monoscript/fileName/UMADynamicAvatar.cs: dd3845b84bfe75793521684e64d1970c -> 
  custom:scripting/monoscript/fileName/UMADna_Generated.cs: df8e117b63cfd2561a1c381a0f5706ea -> 
  custom:scripting/monoscript/fileName/UMAResourceNotFoundException.cs: c56df80791210e4b85aaf5f1ccab49a9 -> 
  custom:scripting/monoscript/fileName/UmaRaceBehaviour.cs: 956f8e2495c6eeb93fe906ffb1c52ec0 -> 
  custom:scripting/monoscript/fileName/DynamicUMADnaBase.cs: 1dff3148eb0a83152bd0de6cbdee00c9 -> 
  custom:scripting/monoscript/fileName/BRDFLookupTexture.cs: 914cde7f86a7c1c488f6412eca7f9787 -> 
  custom:scripting/monoscript/fileName/ExpressionPlayerInspector.cs: ac5a3679a748cd7116dd68176808a88b -> 
  custom:scripting/monoscript/fileName/OverlayInspector.cs: bad27a29619cbcf89cafcb0b3da6892a -> 
  custom:scripting/monoscript/fileName/UMAExpressionSet.cs: 071c4208986d1c246d9fc6a68ebaded9 -> 
  custom:scripting/monoscript/fileName/MeshModifierEditor.cs: 37e10ad396c5cd2786ccca383a2d1750 -> 
  custom:scripting/monoscript/fileName/UMA_JiggleBelly.cs: 957c5d66dc7812b2ae5f406fd55d6017 -> 
  custom:scripting/monoscript/fileName/UMAExpressionPlayer.cs: 09c13b19144b932f5b835eda01ef2cf5 -> 
  custom:scripting/monoscript/fileName/UMAMountedItemSample.cs: 2b8f19dad10496381f2fc96050be8219 -> 
  custom:scripting/monoscript/fileName/UmaColorMixerBehaviour.cs: 19ad19478ac67fd1ed29a1ad3e805c1c -> 
  custom:scripting/monoscript/fileName/UMAUVAttachedItemPreprocessor.cs: 74bc375d3ffa70b28275db137c9d3350 -> 
  custom:scripting/monoscript/fileName/UMAUVAttachedItemLauncher.cs: 1f5707965ee4b1eb5a34d1656697725a -> 
  custom:scripting/monoscript/fileName/TestCustomizerDD.cs: 629f22e091bbd8791cab6df25b2b58a6 -> 
  custom:scripting/monoscript/fileName/Locomotion.cs: 30e74cbd7f2eaa8db862947eab187352 -> 
  custom:scripting/monoscript/fileName/RaceLibraryBase.cs: e5d9a0846e126f44453e8ae7fea2ea66 -> 
  custom:scripting/monoscript/fileName/AvatarDefinition.cs: aee6969321f95026de7fb416eb0beccd -> 
  custom:scripting/monoscript/fileName/IUMAAddressablePlugin.cs: b6e6f0ab7bef81d5ac8623d814aef662 -> 
  custom:scripting/monoscript/fileName/UMAColorFader.cs: bc91112d554ba9a8f7c8d7f5bb602b5b -> 
  custom:scripting/monoscript/fileName/UMACharacterCustomization.cs: 6309278b418a30aac6728102add55b57 -> 
  custom:scripting/monoscript/fileName/UMATextureCombiner.cs: 8421194fff2018667513dc6b8ba01a3b -> 
  custom:scripting/monoscript/fileName/IDNAConverter.cs: b4c67ac01788d30fdeb9beb395da98e8 -> 
  custom:scripting/monoscript/fileName/UMADNAToBonePoseWindow.cs: c560833e1d469322f5db998e5806d700 -> 
  custom:scripting/monoscript/fileName/DnaConverterBehaviour.cs: 861f735a3231a0387a965aa738fa39c4 -> 
  custom:scripting/monoscript/fileName/CSColorChangerDD.cs: a6f84f4f90d405def2b9cdc480bc5d5e -> 
  custom:scripting/monoscript/fileName/UmaColorBehaviour.cs: 94ae4163a6d9a55b6ee28929f4f233fe -> 
  custom:scripting/monoscript/fileName/OverlayData.cs: 4ed8f6e0f5b517c36bbbe115bdb58808 -> 
  custom:scripting/monoscript/fileName/SRPAdjuster.cs: 9500caf996d8fad34e73462ed8a1755c -> 
  custom:scripting/monoscript/fileName/CapsuleColliderSlotScript.cs: 34c7d6b3c68fb059e66f667c8f58eee6 -> 
  custom:scripting/monoscript/fileName/UMADNAHelperTools.cs: c80b0db54a47e6a59fd1f8b2624317c0 -> 
  custom:scripting/monoscript/fileName/ShaderPackagePostProcessor.cs: 74998fb3237666b26c16c3ffbc5f6f1d -> 
  custom:audio-encoder-webm-vorbis: bf7c407c2cedff20999df2af8eb42d56 -> 
  custom:scripting/monoscript/fileName/MaxRectsBinPack.cs: b29c113a01f21bc93d0f3ef2c5d0a61c -> 
  custom:scripting/monoscript/fileName/DynamicExpressionBonePose.cs: 0c52bbe3b21990224937db4e60b659b4 -> 
  custom:scripting/monoscript/fileName/UMALODDemoScript.cs: cc5649334f76a34eaec5bb78d906a345 -> 
  custom:scripting/monoscript/fileName/UMAFavoriteWindow.cs: a2c9fd7d112c129fe060df449ad336c3 -> 
  custom:scripting/monoscript/fileName/Rotator.cs: d89a0d253809f9121d3d8b83de3166a0 -> 
  custom:scripting/monoscript/fileName/DynamicDNAConverterControllerPropertyDrawer.cs: 460329574a590ba2ecbcaef2b43b1602 -> 
  custom:scripting/monoscript/fileName/SkinnedMeshCombiner.cs: b60c0206b4dfcc7f3fec0d917aa6a32e -> 
  custom:scripting/monoscript/fileName/transformdeepchildextension.cs: 67e708fff7b31d428ec401404dae0d83 -> 
  custom:scripting/monoscript/fileName/UMAGlobalContext.cs: 6edd8e6e2df93ec66d63402278929ca7 -> 
  custom:scripting/monoscript/fileName/UMADnaTweaker.cs: 59202901b81b8d568425f2b249a273d8 -> 
  custom:scripting/monoscript/fileName/UmaWardrobeClip.cs: 22eee0fa3af1faba5d09f78472260360 -> 
  custom:scripting/monoscript/fileName/TwistBones.cs: 7536849104c42772737e6f5e648ac722 -> 
  custom:scripting/monoscript/fileName/UmaDnaMixerBehaviour.cs: 1e014093ffde8aa2469af0b09e9e7c1c -> 
  custom:scripting/monoscript/fileName/UMANormalViewer.cs: b96e498781386f1a439ab1ac9bfaf071 -> 
  custom:scripting/monoscript/fileName/DNAEvaluationGraph.cs: 8de93b4b0f55275b35ce67c6b634e1c7 -> 
  custom:scripting/monoscript/fileName/UMARecipeBase.cs: ef6b95d4e1172e59c2d3f1d6f7fede38 -> 
  custom:scripting/monoscript/fileName/UmaTPose.cs: 88782b7fc85b7be25dae52074e0d6ccb -> 
  custom:scripting/monoscript/fileName/ImportProcessor.cs: cdee403c54d658ac8409dd652b2d1ae7 -> 
  custom:scripting/monoscript/fileName/ForearmTwistSlotScript.cs: 62b4a38c199f128aa27c3586314c59a5 -> 
  custom:scripting/monoscript/fileName/UMADnaTutorial.cs: f6970cc8a4309337062fc009fc3136a7 -> 
  custom:scripting/monoscript/fileName/SceneLoader.cs: cae4e9c1d887c32c8ec8308c0f1acb66 -> 
  custom:scripting/monoscript/fileName/DynamicSlotLibrary.cs: fa184b08f85e4f5d4bc4b12249691fc8 -> 
  custom:scripting/monoscript/fileName/CameraTrack.cs: b67b615a9aee9854cb11aca7c081c14f -> 
  custom:scripting/monoscript/fileName/ConvertToSubstance.cs: 66bc718956c8a898cdb9de7da592dfcb -> 
  custom:scripting/monoscript/fileName/UMACrowd.cs: 9e06de634c082113d5e505fb08660989 -> 
  custom:scripting/monoscript/fileName/UMAContext.cs: ab7ffcd51b36767ad34fca4eda0d9c8c -> 
  custom:scripting/monoscript/fileName/DNAConverterList.cs: c9763b0ffb3d45bb8b8fbae744a922df -> 
  custom:scripting/monoscript/fileName/EnvPresetChooserEd.cs: f82f0750314e5eb4ba7a4dbb75069531 -> 
  custom:scripting/monoscript/fileName/GeometrySelectorWindow.cs: 58a931072d8b22d04a81ec32adffddc4 -> 
  custom:scripting/monoscript/fileName/SimpleCameraController.cs: 639b45e76fa5fda920a92b90c69d9e74 -> 
  custom:scripting/monoscript/fileName/MobileAddressablesSampleCode.cs: 2acee02fb99405de20ebd4a468683c33 -> 
  custom:scripting/monoscript/fileName/UMAWardrobeCollectionEditor.cs: a2d1200ed872aad112cbb4460473e506 -> 
  custom:scripting/monoscript/fileName/pRaceData.cs: 94f8e54b68df661c8d45e8cea71cf2f5 -> 
  custom:scripting/monoscript/fileName/PhotoBoothInspector.cs: bff18cffdcf8895860480b3146ec5116 -> 
  custom:scripting/monoscript/fileName/IUMARecipePlugin.cs: 965b4d2019f24af5f221c45edaa547aa -> 
  custom:scripting/monoscript/fileName/UMAMountedItemEditor.cs: 79d0258c8c6ea7450316d93a0546ccea -> 
  custom:scripting/monoscript/fileName/UMAWelcomeScenes.cs: 65ef4999eae8c907514578d0e09b3744 -> 
========================================================================
Received Prepare
Caller must complete domain reload
Begin MonoManager ReloadAssembly
- Loaded All Assemblies, in  0.255 seconds
Native extension for WindowsStandalone target not found
Mono: successfully reloaded assembly
- Finished resetting the current domain, in  0.492 seconds
Domain Reload Profiling: 747ms
	BeginReloadAssembly (93ms)
		ExecutionOrderSort (0ms)
		DisableScriptedObjects (7ms)
		BackupInstance (0ms)
		ReleaseScriptingObjects (0ms)
		CreateAndSetChildDomain (15ms)
	RebuildCommonClasses (19ms)
	RebuildNativeTypeToScriptingClass (6ms)
	initialDomainReloadingComplete (19ms)
	LoadAllAssembliesAndSetupDomain (117ms)
		LoadAssemblies (155ms)
		RebuildTransferFunctionScriptingTraits (0ms)
		AnalyzeDomain (11ms)
			TypeCache.Refresh (5ms)
				TypeCache.ScanAssembly (0ms)
			ScanForSourceGeneratedMonoScriptInfo (0ms)
			ResolveRequiredComponents (3ms)
	FinalizeReload (492ms)
		ReleaseScriptCaches (0ms)
		RebuildScriptCaches (0ms)
		SetupLoadedEditorAssemblies (260ms)
			LogAssemblyErrors (0ms)
			InitializePlatformSupportModulesInManaged (5ms)
			SetLoadedEditorAssemblies (3ms)
			RefreshPlugins (0ms)
			BeforeProcessingInitializeOnLoad (42ms)
			ProcessInitializeOnLoadAttributes (192ms)
			ProcessInitializeOnLoadMethodAttributes (15ms)
			AfterProcessingInitializeOnLoad (4ms)
			EditorAssembliesLoaded (0ms)
		ExecutionOrderSort2 (0ms)
		AwakeInstancesAfterBackupRestoration (5ms)
Refreshing native plugins compatible for Editor in 1.97 ms, found 4 plugins.
Preloading 0 native plugins for Editor in 0.00 ms.
Unloading 3522 Unused Serialized files (Serialized files now loaded: 0)
Unloading 17 unused Assets / (30.0 KB). Loaded Objects now: 4028.
Memory consumption went from 138.1 MB to 138.1 MB.
Total: 2.249000 ms (FindLiveObjects: 0.147300 ms CreateObjectMapping: 0.045500 ms MarkObjects: 2.021600 ms  DeleteObjects: 0.034000 ms)

Prepare: number of updated asset objects reloaded= 0
AssetImportParameters requested are different than current active one (requested -> active):
  custom:scripting/monoscript/fileName/SharedColorTable.cs: b29c7754538ee047ea44798a660ea872 -> 
  custom:scripting/monoscript/fileName/DCARendererManagerEditor.cs: 67ef15e8b1aa313829bf52e55af0d477 -> 
  custom:scripting/monoscript/fileName/CreateCleanAnimationMenu.cs: 6616098c6a37d0186f8ecbdfbc7058ac -> 
  custom:scripting/monoscript/fileName/UMAAddressablesSupport.cs: 6fdbe5a5f00c901e3fa772816a9379c3 -> 
  custom:scripting/monoscript/fileName/UMAGenerator.cs: 7a60fcb671e738c86c899020cc2dd0ce -> 
  custom:scripting/monoscript/fileName/SkeletonModifierPropertyDrawer.cs: 803dd4c8a5a389e51870ed353af9007e -> 
  custom:scripting/monoscript/fileName/IItemSelector.cs: 2fc90b8d45ccc5807f98200bbaad0300 -> 
  custom:scripting/monoscript/fileName/UMASlotProcessingUtil.cs: 7b1c52f7696398519b1f9f349b94c65b -> 
  custom:scripting/monoscript/fileName/UMABonePoseUtilities.cs: cbc63700817303c17390d46920a9adab -> 
  custom:scripting/monoscript/fileName/AssetIndexerWindow.cs: 300b315a67d22844623b77c40d8ddc14 -> 
  custom:scripting/monoscript/fileName/DNAEvaluator.cs: 1401bdd3d771a51f79a80982c680825b -> 
  custom:scripting/monoscript/fileName/OverlayViewer.cs: 614502dfd04a9a690c461ec28f9269f7 -> 
  custom:scripting/monoscript/fileName/DNAConverterFieldPropertyDrawer.cs: c2ac47777841cb73f9215153dbd0b351 -> 
  custom:scripting/monoscript/fileName/UMAExtendedAvatar.cs: 93177ff9d53f6faf85797198a468383e -> 
  custom:scripting/monoscript/fileName/DynamicDNAPluginInspector.cs: bf7766b190ac11f5a6d683d6cba23075 -> 
  custom:scripting/monoscript/fileName/FindComponentUsages.cs: edcd7cba1ba6bbf2bcb89e34626eed5b -> 
  custom:scripting/monoscript/fileName/MassChangeImporterSettings.cs: ce3ecd9186161f5966d920d4eb828845 -> 
  custom:container-demuxer-ogg: 62fdf1f143b41e24485cea50d1cbac27 -> 
  custom:scripting/monoscript/fileName/UMAMaterialPropertyBlockDrawer.cs: b0d7ce2101bdc87405f6445280a49493 -> 
  custom:scripting/monoscript/fileName/DynamicUMADnaAssetPropertyDrawer.cs: 358c7b177d2c2b8f88e2c7af1ced1ac4 -> 
  custom:scripting/monoscript/fileName/UMAGeneratorBuiltinEditor.cs: cfbf169a8d103bb7b80ae175fd01e7f5 -> 
  custom:scripting/monoscript/fileName/DNAPanel.cs: 02c175fc4b90040042d9f65eccc66a8d -> 
  custom:scripting/monoscript/fileName/ColorDNAConverterPlugin.cs: 6e36e9a457152acfc72bb0c91e227082 -> 
  custom:scripting/monoscript/fileName/OverlayLibrary.cs: d6821827359c3f54dfe6d747d6dd2c08 -> 
  custom:scripting/monoscript/fileName/UMALODLogger.cs: f556ad8a039ff34d74df6d4c4c24bfe7 -> 
  custom:scripting/monoscript/fileName/VertexAdjuster.cs: 028ab02f410de692eb17eaee9c87e6bf -> 
  custom:scripting/monoscript/fileName/SliderController.cs: 775367cfdc6573803e33539864036ff9 -> 
  custom:scripting/monoscript/fileName/UMABlendShapeExpressions.cs: 327628553453743ed9dc2e196e336322 -> 
  custom:scripting/monoscript/fileName/UMAMaterialPropertyBlock.cs: b1042a1175cceb39201cdc87fed0d603 -> 
  custom:scripting/monoscript/fileName/UMAClothProperties.cs: 202102d0fc505693925e116b8028b1ba -> 
  custom:scripting/monoscript/fileName/DynamicDNAConverterControllerInspector.cs: 1e19c3a75c964a2abb0beb95bf672995 -> 
  custom:scripting/monoscript/fileName/CSLoadableItem.cs: cd777e66a70f7d1e085cd670331d146b -> 
  custom:scripting/monoscript/fileName/UmaWardrobeBehaviourEditor.cs: 79b6626d153e4e21141efbb19e5e79e9 -> 
  custom:scripting/monoscript/fileName/pTextRecipeEditor.cs: 90647cc400823b41df847a6cbfc29026 -> 
  custom:scripting/monoscript/fileName/BuildPreprocessor.cs: 6f046dd131e52d15508df7771814521d -> 
  custom:scripting/monoscript/fileName/WorkerCoroutine.cs: 72f3a875cd0c1930230a04a916cdb128 -> 
  custom:scripting/monoscript/fileName/ColorEffector.cs: f60b99292208c8135f7d50b6e13a40df -> 
  custom:video-codec-MediaFoundation-h265: 746d11721c4dcdbdad8f713fa42b33f4 -> 
  custom:scripting/monoscript/fileName/UMAMeshDataPropertyDrawer.cs: 86eead05783829d19253294123c031e6 -> 
  custom:scripting/monoscript/fileName/SkeletonTools.cs: addc8377764095ca70526db8e5685e86 -> 
  custom:scripting/monoscript/fileName/GeometryUVEditorWindow.cs: 59a291c62a5ceff6be0c13b5c1048e8b -> 
  custom:scripting/monoscript/fileName/CharacterMovement.cs: 1673cf7be67e51b75e632a5978bb31f2 -> 
  custom:scripting/monoscript/fileName/UMADnaHumanoid_Generated.cs: c0d5559e6b7da8e89d7051416941d713 -> 
  custom:scripting/monoscript/fileName/UMA_JiggleBoneDiagnostic.cs: 22bbc06af61f46a0700d95a8f7f5b75f -> 
  custom:scripting/monoscript/fileName/UMACustomization.cs: 0bfebee64d84be6be874873347ade9f4 -> 
  custom:scripting/monoscript/fileName/TPoseExtracter.cs: dc0ae4190681d77f68b011420a576782 -> 
  custom:scripting/monoscript/fileName/SlotData.cs: cdd2771502e14360bbbf9ba89a215dce -> 
  custom:scripting/monoscript/fileName/UMAMaterialAnimatorInspector.cs: 0b780311278b5c27fdca01920691cd92 -> 
  custom:scripting/monoscript/fileName/DictionaryCustomFormatter.cs: cd1da038a4db9e9c60e1c2d9349c2d27 -> 
  custom:scripting/monoscript/fileName/RaceInspector.cs: 43ac7279eb206ea719b99c6440507ad1 -> 
  custom:scripting/monoscript/fileName/UmaRaceClipEditor.cs: dddef32dc289de7a3039979d8d9c530b -> 
  custom:scripting/monoscript/fileName/CamSaver.cs: 88a7a057f4bf23e2cbecc4b046715d5f -> 
  custom:scripting/monoscript/fileName/UMAMeshCombiner.cs: 741218f3b84fc03c20a9c060ffa50bd9 -> 
  custom:scripting/monoscript/fileName/UmaWardrobeBehaviour.cs: 032129ef3f923156bc1cf785ee43a397 -> 
  custom:scripting/monoscript/fileName/SwayRootBone.cs: 60e2de0414eb5d2033a5eaff814180dc -> 
  custom:scripting/monoscript/fileName/SampleCode.cs: 59a53ce3b088a75283f71e317fedf446 -> 
  custom:scripting/monoscript/fileName/RenderPipelineDefine.cs: 86dbd9ca7c2259a84c8299c1ef893d86 -> 
  custom:scripting/monoscript/fileName/UMADataEditor.cs: a1076c40e29ee6d30cb9d83cb56edf74 -> 
  custom:video-decoder-ogg-theora: a1e56fd34408186e4bbccfd4996cb3dc -> 
  custom:scripting/monoscript/fileName/UMADnaTutorial_Generated.cs: 0094a0d9352ba4ed30c9eb64036fe92d -> 
  custom:scripting/monoscript/fileName/UmaBoneBuilderWindow.cs: ec6b4577f99032bde2bcbf3e8fa43779 -> 
  custom:scripting/monoscript/fileName/UMARemoveComponents.cs: 608b19d8b32639c59292df2d282c1500 -> 
  custom:scripting/monoscript/fileName/JiggleBreastEditor.cs: 5f3704670aaed660f6d3d577e2b6eade -> 
  custom:scripting/monoscript/fileName/UMAIndexers.cs: 7029f9cbef9d1253cc39dce103dafb15 -> 
  custom:scripting/monoscript/fileName/DecalIndicator.cs: eb86aad5eb5186010296fc9ad80d776d -> 
  custom:scripting/monoscript/fileName/SkeletonDNAConverterPluginInspector.cs: 979699b2b703f2a99bb7b0dbe4cfebbc -> 
  custom:scripting/monoscript/fileName/UMAPreset.cs: b033c49891177d569432c64ca49bcabe -> 
  custom:scripting/monoscript/fileName/DemoTextHelper.cs: 568e0eec10b0c73fb4e875d85f203916 -> 
  custom:scripting/monoscript/fileName/UMASkeleton.cs: e81650376d73b9f65e8a034d9b9eefa1 -> 
  custom:scripting/monoscript/fileName/MirrorCam.cs: a4c62a74eeb60d913308230852a5ee5c -> 
  custom:scripting/monoscript/fileName/BlendShapeDnaSlider.cs: 14dd9692acce5867bdf4a4ce2f6c4679 -> 
  custom:scripting/monoscript/fileName/UMAFavoriteList.cs: 658303e5a25b58d8b6b087a0a6852c2a -> 
  custom:scripting/monoscript/fileName/UmaColorTrack.cs: 747a174de1702d64d6c667b0f29771e4 -> 
  custom:scripting/monoscript/fileName/UMAPhysicsElementEditor.cs: 192cdb0d4df9b85f3058cf1529830ed9 -> 
  custom:scripting/monoscript/fileName/DNAEvaluatorPropertyDrawer.cs: 1a77015f15ae5ddd5bc6cc2cdf61b0cc -> 
  custom:scripting/monoscript/fileName/BRDFLookupTextureInspector.cs: f59ad9fd8f65a740aaa31c2222075175 -> 
  custom:framework-win-MediaFoundation: 216162199b28c13a410421893ffa2e32 -> 
  custom:scripting/monoscript/fileName/DNAHandler.cs: 3cd605ae16af07996a794b92fcf1b8de -> 
  custom:scripting/monoscript/fileName/UMAMaterialAnimator.cs: 8c642f1dcee961af033f961432355a0a -> 
  custom:scripting/monoscript/fileName/UMAContextBase.cs: f41a2a5672ff913a70bd58daeff4f4e0 -> 
  custom:scripting/monoscript/fileName/DNAEvaluationGraphPresetsPopupContent.cs: af63be4d5ab9f4d354b8a9446f4a25dc -> 
  custom:scripting/monoscript/fileName/UMAColorScheme.cs: 791f552e0eeadb85d4af4b281de8bfbc -> 
  custom:scripting/monoscript/fileName/UMADna.cs: df8e117b63cfd2561a1c381a0f5706ea -> 
  custom:scripting/monoscript/fileName/TagsEditor.cs: 32d0aa20ed57dced138541f03b87b5f2 -> 
  custom:scripting/monoscript/fileName/BaseCharacterModifier.cs: a3a52dbad70fa7e25f2aaa4cde4f1064 -> 
  custom:scripting/monoscript/fileName/HUDFPS.cs: 33d22ac59b093aaf84a5fece9ccf5d4c -> 
  custom:scripting/monoscript/fileName/AssetIndexerFilterEditor.cs: 8dd8817eabc6c81d6716ec2218ede1cf -> 
  custom:scripting/monoscript/fileName/DNASetter.cs: e14392cc3955591d7b099cdb44d5b26f -> 
  custom:scripting/monoscript/fileName/ExtensionMethods.cs: 5ee22639b99e35ca6ffe158367f87fac -> 5e205a9a0143be9c429b7836974d9d2d
  custom:scripting/monoscript/fileName/MyObjectPool.cs: 90647cc400823b41df847a6cbfc29026 -> 
  custom:scripting/monoscript/fileName/UmaDnaBehaviour.cs: dd1ecaf78b1d5ea85456171f510b38db -> 
  custom:scripting/monoscript/fileName/PonytailSlotScript.cs: fcdb4dfd3f644731390dae94844e53a1 -> 
  custom:scripting/monoscript/fileName/OverlayViewerEditor.cs: 8156449cccca690e82475812baf9f4d6 -> 
  custom:scripting/monoscript/fileName/UMADynamicCharacterAvatarRecipe.cs: 689df231eb14d7dc49746fbc198285ef -> 
  custom:scripting/monoscript/fileName/UMAAssetTreeView.cs: 2902ea944a63a1fc4010dbd85774c538 -> 
  custom:scripting/monoscript/fileName/WardrobeRecipeListPropertyDrawer.cs: 58b52fb27a3b680fac760dfd1ce6ebaa -> 
  custom:scripting/monoscript/fileName/CharacterBaseEditor.cs: 0e569b9eac9e3df96e7ff2bb0ee420a3 -> 
  custom:scripting/monoscript/fileName/CollisionMatrixFixer.cs: cd6113373fde1411d5d03f678dda76e9 -> 
  custom:scripting/monoscript/fileName/ClothAccelerationPanelScript.cs: d7e2e627ea0d987f29b1a895bfab2057 -> 
  custom:scripting/monoscript/fileName/OverlayColorData.cs: 99edd8224fbac59301e38a516dd74abc -> 
  custom:scripting/monoscript/fileName/DCSStandardTypes.cs: b7d6d1f34fb3d5b4a2bdf0a404dce299 -> 
  custom:scripting/monoscript/fileName/DNAEvaluationGraphPropertyDrawer.cs: 106dd74bdd76ed6b530002d9462342d8 -> 
  custom:scripting/monoscript/fileName/RaceSetterPropertyDrawer.cs: c175922818f1ed192568a199f83e0de9 -> 
  custom:scripting/monoscript/fileName/UMABonePose.cs: a8026a8a75673e34d9a85330fad63073 -> 
  custom:scripting/monoscript/fileName/SimpleDecal.cs: db1915aa06c6471edafa2765e9771405 -> 
  custom:scripting/monoscript/fileName/UMAShooter.cs: 0176f20b02b54375d5a8bb8ea5f7c640 -> 
  custom:scripting/monoscript/fileName/ISlotDataObject.cs: 06638f0a6958bc5e058137bafe42e5fe -> 
  custom:scripting/monoscript/fileName/VertexEditorStage.cs: 009588a5113cc35aa8e387afa31ae8b4 -> 
  custom:scripting/monoscript/fileName/WardrobeCollectionLibrary.cs: 5f58e3539aca7a90c6b7164c59132f34 -> 
  custom:scripting/monoscript/fileName/SliderExpressionTest.cs: 14fe76db81cfeefcfdb59426a70d15bd -> 
  custom:scripting/monoscript/fileName/pDCSRecipeEditor.cs: 5e2ab9cfe81e04de31d18dbafae66b8c -> 
  custom:scripting/monoscript/fileName/UMAMountObject.cs: fe889fc778c125b28f26edb2973d22c8 -> 
  custom:scripting/monoscript/fileName/UMABonePoseMixerWindow.cs: 5cdb9fce1c5a87292459959cd42c7892 -> 
  custom:scripting/monoscript/fileName/DecalManager.cs: fcc56e96b345aa0657c3cb0df45847d6 -> 
  custom:scripting/monoscript/fileName/CSWardrobeSlotChangerDD.cs: 33983d33734bdab1982164aabe4d4e25 -> 
  custom:scripting/monoscript/fileName/ShaderPackage.cs: 938afabb6949ef6ec79c7914d21b4923 -> 
  custom:scripting/monoscript/fileName/UMATime.cs: ca4e3a1cc5254c5254360613eb685374 -> 
  custom:scripting/monoscript/fileName/UMAGeneratorBaseEditor.cs: 2be21793e5a9ab65f600225fdb46c592 -> 
  custom:scripting/monoscript/fileName/CursorLock.cs: fa510114fc78c2cda1befc9c04383697 -> 
  custom:scripting/monoscript/fileName/UMAGeneratorGLIB.cs: 342be92488b53772e12106bedf082ba4 -> 
  custom:scripting/monoscript/fileName/UMAGeneratorBase.cs: 46ecf48928278538449cdc71bcc36d9d -> 
  custom:scripting/monoscript/fileName/SlotLibraryBase.cs: 2b3a444ed6ed71e668923134332faa2b -> 
  custom:scripting/monoscript/fileName/UMALODConversionSet.cs: d831e0d167953fd24773cf00350b3923 -> 
  custom:scripting/monoscript/fileName/DCARendererManager.cs: 1b127e165e2f413d6cdadf900d88f0f0 -> 
  custom:scripting/monoscript/fileName/CustomAssetUtility.cs: 4e65e74782ade968c56638ea5a27c786 -> 
  custom:CustomObjectIndexerAttribute: 9a22284fe3817be447336de3de66b15e -> 
  custom:scripting/monoscript/fileName/Readme.cs: 5aedf578fb2663036982fb7b05aaf325 -> 
  custom:scripting/monoscript/fileName/UMALODConversionEntry.cs: de6ed5ede1824d17f6da8613f73a2fa4 -> 
  custom:scripting/monoscript/fileName/DynamicSlotLibraryEditor.cs: b8991abe3c98f9667b681346f5b34500 -> 
  custom:scripting/monoscript/fileName/UMATestEventsScript.cs: 90c6f9ed445d8a0b01696a22b1cfe154 -> 
  custom:scripting/monoscript/fileName/DNAEvaluatorListPropertyDrawer.cs: f615412680de25e1af103a26bda02409 -> 
  custom:scripting/monoscript/fileName/IDNASelector.cs: f3e7554fa70d39dbe640dfad062adbaa -> 
  custom:scripting/monoscript/fileName/UMAEditorUtilities.cs: 5783eb9290163e1d5e5e819995bb2123 -> 
  custom:scripting/monoscript/fileName/BonePoseDNAConverterPlugin.cs: 28918f83136ffac52583ad5b9a682658 -> 
  custom:scripting/monoscript/fileName/UMABoneVisualizer.cs: c41cdfb228347cc1b6b889898bae7e0e -> 
  custom:scripting/monoscript/fileName/UMABonePosePropertyDrawer.cs: c3152ef74ea2dfd8dde462e0b3e6203e -> 
  custom:scripting/monoscript/fileName/DynamicDNAPluginMasterWeightDrawer.cs: c6f229cbb409be29dd82f92ab47f6045 -> 
  custom:scripting/monoscript/fileName/DynamicCharacterAvatar.cs: 6f9c86fdb5d496139b0385eeed9c05c0 -> 
  custom:scripting/monoscript/fileName/UmaRaceUpdaterWindow.cs: 7f4e99055e2e2792b40e5c3250f076f3 -> 
  custom:scripting/monoscript/fileName/DNADelegatesExample.cs: 346716e5d922be13ef83fe5075fb0107 -> 
  custom:scripting/monoscript/fileName/SlotDataAssetInspector.cs: 8e6df804351f0a09e6f7ec724e956303 -> 
  custom:scripting/monoscript/fileName/CodeGenTemplate.cs: 2e68bc6335426612b2eb74e600ea0862 -> 
  custom:scripting/monoscript/fileName/UMAAnimationTargetRenamer.cs: a2c288711ba4ae88291ddc83ce391f15 -> 
  custom:container-demuxer-webm: 4f35f7cbe854078d1ac9338744f61a02 -> 
  custom:scripting/monoscript/fileName/SlotDataAsset.cs: fde6d069b4a4bf1c6a8834681753c46f -> 
  custom:scripting/monoscript/fileName/MeshHideAsset.cs: 6c2f058d2cb2609fbae3827816b027ad -> 
  custom:scripting/monoscript/fileName/DecalDefinition.cs: c4e5cdfb119c9e91c3ff9a59dfa01587 -> 
  custom:scripting/monoscript/fileName/BinaryAssetWrapper.cs: be17c60c0f573c57634e62b2ab4828e1 -> 
  custom:scripting/monoscript/fileName/UMARandomAvatar.cs: c11aec423647a746034d75a671b9872e -> 
  custom:scripting/monoscript/fileName/JiggleButtEditor.cs: 82de61eecfeb19eb1a300b0a708dbf38 -> 
  custom:scripting/monoscript/fileName/InspectorUtlity.cs: 4ceca7565db74be2ab627d1311668d4f -> 
  custom:scripting/monoscript/fileName/UMAGenericPopupChoice.cs: 3373bc69d0cc40cb4ab0cee9dfd69ec8 -> 
  custom:scripting/monoscript/fileName/SlotBuilderParameters.cs: 294e1f9d243a7ac19bcd6d9bae9bd4f4 -> 
  custom:scripting/monoscript/fileName/SkeletonDNAConverterPlugin.cs: 050e91d0c24fa1d8e173d198fa3f7221 -> 
  custom:scripting/monoscript/fileName/EnumFlagsAttributeDrawer.cs: a754343d39ad8ca7fe99ba650fef11ae -> 
  custom:scripting/monoscript/fileName/UMAEvents.cs: 7da8fa7ba127609f4ca8530a062b13c8 -> 
  custom:scripting/monoscript/fileName/UMABonePoseBuildWindow.cs: 7b85af171af64b989b9755dd1942c061 -> 
  custom:scripting/monoscript/fileName/MeshModifierInspector.cs: 265d7fee28d65e29592c035c9d7c11fb -> 
  custom:scripting/monoscript/fileName/UMAMaterial.cs: 426c0c8ba9c3bc57c37e1feb553c6411 -> 
  custom:scripting/monoscript/fileName/UmaRaceTrack.cs: e0e2b9ac6fe1c5b80bca9848aa5608d3 -> 
  custom:scripting/monoscript/fileName/UMABoneVisualizerEditor.cs: 87343a84ce11c0352b06dbf2b0883bbb -> 
  custom:scripting/monoscript/fileName/IUMAIndexOptions.cs: d92dc5c00fbff3904d2d83cd6faa287d -> 
  custom:scripting/monoscript/fileName/BaseCharacterModifierPropertyDrawer.cs: fb0f67230c3a14aa5be8e8d8d60e6eae -> 
  custom:scripting/monoscript/fileName/WardrobeHandler.cs: 4dcc4acd49f08b27375eeb76d83d1b2d -> 
  custom:scripting/monoscript/fileName/SceneWalker.cs: 0e287aedbe56ddf19cc5f178dd187f1e -> 
  custom:scripting/monoscript/fileName/AssetItem.cs: 14d64c5e868e90e8c08785ba41339919 -> 
  custom:scripting/monoscript/fileName/UMASettingsProvider.cs: 560a4035087301b019c37674e07cd7e7 -> 
  custom:scripting/monoscript/fileName/UMAWardrobeCollection.cs: e026082f86f26972232464fe55b43965 -> 
  custom:scripting/monoscript/fileName/UMADnaHumanoid.cs: d47de6453cd6570e202b3c36f92953a2 -> 
  custom:scripting/monoscript/fileName/TutorialDNAConverterBehaviour.cs: d58f01d7ef61b2a92600f3576aa9669a -> 
  custom:scripting/monoscript/fileName/UMAPredefinedDNA.cs: 4b1755a845dd944a7fce85e03d0c562a -> 
  custom:scripting/monoscript/fileName/CachedReorderableList.cs: ac79fda0c5296d656fc25246321b917c -> 
  custom:scripting/monoscript/fileName/UMAJiggleBone.cs: 5eed003ff9b71bb362a60c724b47376a -> 
  custom:scripting/monoscript/fileName/DNAEvaluatorList.cs: fc52711450654838bd49ba3965453b6f -> 
  custom:scripting/monoscript/fileName/OptionsGUI.cs: 9bc0f4840cc6ff2a8cfba61b8c8044c1 -> 
  custom:scripting/monoscript/fileName/IDynamicDNAConverter.cs: 70bc5e39b206caf3fb2ab153b60d448b -> 
  custom:scripting/monoscript/fileName/UMAData.cs: 780fe4831ab59b5da2f68b9f29415896 -> 
  custom:scripting/monoscript/fileName/LocomotionSlotScript.cs: c8d23735fa97fe389654ff16d80a15cc -> 
  custom:scripting/monoscript/fileName/BlendshapeDNAConverterPlugin.cs: d062a3498e2100b406e08612589c35cf -> 
  custom:scripting/monoscript/fileName/allevents.cs: 6d267ad9469f86c02f4abf3a97d4f3c9 -> 
  custom:scripting/monoscript/fileName/EnvPresetChooser.cs: d6e9de2734fbdf44e9e2345055d66c20 -> 
  custom:scripting/monoscript/fileName/ShaderPackageImporter.cs: fb788ab3fdd39b9262df25019571477a -> 
  custom:scripting/monoscript/fileName/TextureProcessPro.cs: f82ed1000dfa14dfef5c4beaae7c54cf -> 
  custom:scripting/monoscript/fileName/SlotHandler.cs: dd558b467166bf946ef6abd5db74253b -> 
  custom:scripting/monoscript/fileName/UMADestroyLogger.cs: c72ba5471942a173ae1a7c33f20ece88 -> 
  custom:scripting/monoscript/fileName/UMADnaBase.cs: a3bf03a9db6fd61f168b4b147802c0e1 -> 
  custom:scripting/monoscript/fileName/DnaGUI.cs: 2dd9f2ebe32f01406b71f60fdf125a2f -> 
  custom:scripting/monoscript/fileName/UmaDnaClip.cs: d25d60e8a1b45ad245a7aea01b3fadff -> 
  custom:scripting/monoscript/fileName/EnvPreset.cs: df5ebdadf19c1f7c0725661b4108508f -> 
  custom:scripting/monoscript/fileName/TextureMerge.cs: a5757dee0803265f18c1bc8c046ad436 -> 
  custom:scripting/monoscript/fileName/FPSWalkerEnhanced.cs: d2686931f9798825a9e41e7326af10ee -> 
  custom:scripting/monoscript/fileName/DNAEffector.cs: e6914c023c36c26b7f5ce5ba24dc39ba -> 
  custom:scripting/monoscript/fileName/UmaWardrobeTrack.cs: 5b272da9cdcedb5d17986692e3b04bf1 -> 
  custom:scripting/monoscript/fileName/GUIHelper.cs: 0d724e4ba4f8dec4184f24be7017a055 -> d29ec1b6faa47dc3c531ea76fa2fa9e6
  custom:scripting/monoscript/fileName/UMAClothPropertiesInspector.cs: 0ad4b81aaf8abf0fd7013df16c632717 -> 
  custom:scripting/monoscript/fileName/DNARangeAsset.cs: bfd2e732d3d5cda0a5fcc1f99cd98f5e -> 
  custom:scripting/monoscript/fileName/UMAAssetCollection.cs: b5b2120572f4916d7e88331cea475580 -> 
  custom:scripting/monoscript/fileName/MyListPool.cs: 90647cc400823b41df847a6cbfc29026 -> 
  custom:scripting/monoscript/fileName/OverlayDataAsset.cs: 9674bef9074017278ab7153360770c9f -> 
  custom:scripting/monoscript/fileName/WelcomeToUMA.cs: dcce3ba7dac1a1e329e6f6ee62853388 -> 
  custom:scripting/monoscript/fileName/WardrobeCollectionDemoUI.cs: 813cf9159ffe132a16dd7748cce95cf0 -> 
  custom:container-muxer-webm: aa71ff27fc2769a1b78a27578f13a17b -> 
  custom:scripting/monoscript/fileName/DropdownWithColor.cs: 21226236368cdff03cc121d35e33e85b -> 
  custom:scripting/monoscript/fileName/DNASliderHandler.cs: 2b975e307dcb4f2f15767941a8879ba6 -> 
  custom:scripting/monoscript/fileName/UMAUVAttachedItem.cs: aacb0e9a5d997226f4d6552e2fc0d9db -> 
  custom:scripting/monoscript/fileName/DynamicUMADnaAssetEditor.cs: 15b09f71de8117fb39aa91cfaf79a5db -> 
  custom:scripting/monoscript/fileName/ReadmeEditor.cs: ff7ced1e41c1b99ddf5dfefc88f6bd50 -> 
  custom:scripting/monoscript/fileName/IEditorScene.cs: 71d2d3a4726a934118c1473309a01421 -> 
  custom:scripting/monoscript/fileName/OverallScaleDNAConverterPlugin.cs: 37785b8fefca885d7efe2dea4f4c1c3c -> 
  custom:scripting/monoscript/fileName/UMARandomizer.cs: d7c08d322c81373afcdd0dccdbc747ef -> 
  custom:scripting/monoscript/fileName/ColliderDefinition.cs: 3a53fcece84b5fe15254a135a2a4b907 -> 
  custom:video-decoder-webm-vp8: 9c59270c3fd7afecdb556c50c9e8de78 -> 
  custom:scripting/monoscript/fileName/UMARecipeCrowd.cs: 54c4317cdf62b503457ed4f4baeb524c -> 
  custom:scripting/monoscript/fileName/RecalculationSlot.cs: 8d92d34df906b66ca9221c6be5a56110 -> 
  custom:scripting/monoscript/fileName/UmaColorClip.cs: e762e8f742d4fe9dde5555e076a2c66f -> 
  custom:scripting/monoscript/fileName/PhotoBooth.cs: 73db0c4214bcedddbf2ef0301eb943d3 -> 
  custom:scripting/monoscript/fileName/UMAGlobalForceApplier.cs: c7af6e7d09343723996ea96b5cd912b9 -> 
  custom:scripting/monoscript/fileName/DynamicExpressionList.cs: 0a92869ac563b2979158a446159b5fa4 -> 
  custom:scripting/monoscript/fileName/ConstructDCAFromScratch.cs: 8dc7787c3a35bf98f1b5411906444bbb -> 
  custom:scripting/monoscript/fileName/ExpressionSlotScript.cs: b36e8d2cabda775b654630d49e90d5d1 -> 
  custom:scripting/monoscript/fileName/EnvPresetSwitch.cs: 1cc12e5a3c54fa9c790f04a0c477a654 -> 
  custom:scripting/monoscript/fileName/DNAEditor.cs: 1f2abfc40e5f7141692095417626f81c -> 
  custom:scripting/monoscript/fileName/DynamicCharacterAvatarEditor.cs: 419ac5a9f8321ad7fccdd87b1c9ed453 -> 
  custom:scripting/monoscript/fileName/AvailableColorsHandler.cs: 2ceea2a39a9044cdb6cba1f8acf3d975 -> 
  custom:scripting/monoscript/fileName/OverlayColorDataPropertyDrawer.cs: 5edb8f9ec5ee5fc3fa9dc24327278097 -> 
  custom:SearchIndexIgnoredProperties: e643bd26f0fe6173181afceb89e7c659 -> 
  custom:scripting/monoscript/fileName/SlotLibrary.cs: 0da0e6419144b047711e15384dbc1c0d -> 
  custom:scripting/monoscript/fileName/EditModeExpressionPreview.cs: bca2bdfb338e670d3c9bdd5e6cd2688a -> 
  custom:scripting/monoscript/fileName/StandAloneDNA.cs: b1910ba987630de8e8ef641e6c0665fe -> 
  custom:scripting/monoscript/fileName/ColorHandler.cs: 8f443dd9f151f1f719ebd738d6cb8af3 -> 
  custom:scripting/monoscript/fileName/UmaColorTrackEditor.cs: 3639105bbd5cd91868d4ff1e50db0f20 -> 
  custom:scripting/monoscript/fileName/SlotLibraryEditor.cs: 4713937095db22c2787ffa504c8e93fc -> 
  custom:scripting/monoscript/fileName/ColorSchemeAssetInspector.cs: 30a0dfd3f74d06d367a5fdfc8b8a54d5 -> 
  custom:AudioImporter_EditorPlatform: d09bf68614088b80899f8185d706f6e7 -> 
  custom:scripting/monoscript/fileName/DynamicCharacterSystemEditor.cs: 24be00ff2545921c1ebd39a50a6e7d3c -> 
  custom:scripting/monoscript/fileName/LODDisplay.cs: a854e6df6ba1cfba73ebac4d80a48868 -> 
  custom:scripting/monoscript/fileName/UMAUVAttachedItemBlendshapeAdjuster.cs: 8220d720548d456fccd78fdc8f29c8e1 -> 
  custom:scripting/monoscript/fileName/pWardrobeRecipeEditor.cs: 0cdf409b5aa8d4c25876d72b5c6a3b60 -> 
  custom:scripting/monoscript/fileName/UmaAboutWindow.cs: 629480ba67cae035e4fb363b02013d43 -> 
  custom:scripting/monoscript/fileName/ClothHelper.cs: 0a4f012cdac591de0576f8e1a338df23 -> 
  custom:scripting/monoscript/fileName/UMADynamicCharacterAvatarRecipeEditor.cs: 3f69c3168e66682eee886d869f9e8b6e -> 
  custom:scripting/monoscript/fileName/UMAMountedItem.cs: 4f5274cfff75be0ffab6f2dc6e1bf75c -> 
  custom:scripting/monoscript/fileName/Preloader.cs: e62fc63f994018c6c087ab2a192e2d8b -> 
  custom:scripting/monoscript/fileName/SaveAndLoadSample.cs: 7a44f0c23379b4f35bb66f08dfdbd51d -> 
  custom:scripting/monoscript/fileName/ClothHelperEditor.cs: bd394e556d1016d268483e8588c28661 -> 
  custom:scripting/monoscript/fileName/UMAFavorite.cs: b2121bd978afa4e4e2a65d4cbb289529 -> 
  custom:scripting/monoscript/fileName/InteractiveWindow.cs: 2acdc8755469425d7f06e0074dd38739 -> 
  custom:scripting/monoscript/fileName/SkeletonModifier.cs: fd28b14e44a310e3469cc87074cb3025 -> 
  custom:scripting/monoscript/fileName/UMAObjExporter.cs: 12f42fc4fba91bc71bf35f049e258269 -> 
  custom:scripting/monoscript/fileName/MeshHideInspector.cs: 4bb55cc120fc0c12f2d7ccb3e96fca9b -> 
  custom:scripting/monoscript/fileName/UMAPostProcess.cs: 02f28fb63844bb8270d01935f609f8cd -> 
  custom:scripting/monoscript/fileName/UMAAvatarLoadSaveMenuItems.cs: 4441393304752b46499c62406e37b7fc -> 
  custom:scripting/monoscript/fileName/UMAMouseOrbitImproved.cs: 303f4a83bb57d70d7e5afc768a19cb85 -> 
  custom:scripting/monoscript/fileName/DynamicOverlayLibraryEditor.cs: c92d9401f4903c8d21243ded58d81ee1 -> 
  custom:scripting/monoscript/fileName/UMAWardrobeRecipe.cs: cf3329a4aab88bff47c92b6014380f3a -> 
  custom:scripting/monoscript/fileName/UMAPhysicsAvatar.cs: e47bbe668c2fe587b94a70b1d5e192ea -> 
  custom:scripting/monoscript/fileName/HumanoidDNAConverterBehaviour.cs: 48733b359a0a11b506b48b7d54e0dfd2 -> 
  custom:scripting/monoscript/fileName/DynamicUMADnaAsset.cs: 1b5a1c90af646d9945837bcfe36c72ef -> 
  custom:scripting/monoscript/fileName/UMASettings.cs: 2ad8db19091104384d47b5231fe4d6c0 -> 
  custom:scripting/monoscript/fileName/DynamicUMADna.cs: 65d5f8253be6f15bea7a26709c34ae75 -> 
  custom:scripting/monoscript/fileName/UMABonePoseEditorContext.cs: ab7763119fc955150cc41f8d66a87f9d -> 
  custom:scripting/monoscript/fileName/UMAMaterialInspector.cs: dfb8c23f0b470ebc4bc6ac5ee665784f -> 
  custom:scripting/monoscript/fileName/UMACrowdRandomSet.cs: 9f84f48d0a1f4bb6ee7b48730f38e130 -> 
  custom:scripting/monoscript/fileName/IColorSelector.cs: 2339a7ab0f0a99ff2dddbe950711793a -> 
  custom:scripting/monoscript/fileName/VertexAdjustmentCollection.cs: 1511bc2bc8b4b3487863a3afee09b75a -> 
  custom:scripting/monoscript/fileName/UmaRaceClip.cs: aec6ddbc0f6acd5f5cc70a2ccf1ecdc3 -> 
  custom:scripting/monoscript/fileName/DisplayListWindow.cs: 6365030e4499970245d70d80c3a90780 -> 
  custom:scripting/monoscript/fileName/DNAConverterField.cs: 7c5f766c46e95231488074152598ce3f -> 
  custom:scripting/monoscript/fileName/DynamicCharacterSystem.cs: f96cb30f7dbddfab3616e0b8ae831122 -> 
  custom:scripting/monoscript/fileName/SerializedPropertyExtensions.cs: 23dd8e889fd764d7f6724efaed182f3a -> 
  custom:scripting/monoscript/fileName/InspectorButton.cs: 8c6c7e1b6d90211158326baffd779cf2 -> 
  custom:scripting/monoscript/fileName/UMAGeneratorGlibEditor.cs: e3dd6bc008386294d14c63241a3f05be -> 
  custom:scripting/monoscript/fileName/DynamicCharacterSystemBase.cs: 2456bea76faaf56d71f7890291a8992d -> 
  custom:scripting/monoscript/fileName/UMAPlayOnAwake.cs: ea74d879b178158a1ccd1bf7857bb8c9 -> 
  custom:scripting/monoscript/fileName/UmaTPoseInspector.cs: 993a6cad702aec03936d2f401e61f0a6 -> 
  custom:scripting/monoscript/fileName/UMAGeneratorEditor.cs: f03518b78ec4d74e86b6d4bce1b23aaa -> 
  custom:scripting/monoscript/fileName/CustomPreviewStage.cs: 11fc2387f926c0c2fc36c1b47eb46ecd -> 
  custom:scripting/monoscript/fileName/UMAExpressionSetInspector.cs: 4805ee078f73fb5fcf8f3ffa695a131d -> 
  custom:scripting/monoscript/fileName/DNAEvaluationGraphPresetLibrary.cs: 6d9e3baf957804e7703d28909c285ea6 -> 
  custom:scripting/monoscript/fileName/UMAWelcomeScenesEditor.cs: b9a62de40579f956b978ddb4a401f8a0 -> 
  custom:scripting/monoscript/fileName/SeamRemoval.cs: 0e016d120b49c05941065f9ef0be62e4 -> 
  custom:scripting/monoscript/fileName/UMADynamicBoneJiggle.cs: e50d63855e011cc451223a9cfdc184bc -> 
  custom:scripting/monoscript/fileName/DynamicDNAPlugin.cs: 03a573e152f92d23bc542c40848c71d3 -> 
  custom:scripting/monoscript/fileName/ColorPickerGUI.cs: 3b3b2f84bcee6cffd12812d6e69f629f -> 
  custom:scripting/monoscript/fileName/UMA_JiggleElement.cs: 74e54a7c0c920430b938bf9cfc0c42d9 -> 
  custom:scripting/monoscript/fileName/FileUtils.cs: 63e62842badc837cd4f0561dafc0d755 -> 
  custom:scripting/monoscript/fileName/UMAPhysicsElement.cs: f2623c6490e2be88995e139e72f5a810 -> 
  custom:scripting/monoscript/fileName/UMAWebGLSetup.cs: 3dde4607c6fb257296de4fe8a205f323 -> 
  custom:scripting/monoscript/fileName/PreviewWindow.cs: 53ff858c55f6e5e10f9d30f83fac734b -> 
  custom:scripting/monoscript/fileName/MouseLook.cs: a364a816c5a70eac40dd93c32c47709b -> 02bafd22af827e561c2131ae88bbd075
  custom:scripting/monoscript/fileName/UMARecipeMixer.cs: 47106181a1f9a7892f3541817c0607d4 -> 
  custom:scripting/monoscript/fileName/EnumFlagsAttribute.cs: 35fae2b96d6fee5c0fa3788d54fd2493 -> 
  custom:scripting/monoscript/fileName/UMAWardrobeRecipeEditor.cs: ba21b9d2f458e6fb9d7385abd2eb9ff3 -> 
  custom:scripting/monoscript/fileName/UMA_JiggleButt.cs: 94ecf42a7178deae052f9d6443a6dea3 -> 
  custom:scripting/monoscript/fileName/MeshModifier.cs: 7c1780adc6c94172ec4ad5d66643ebcb -> 
  custom:scripting/monoscript/fileName/ColorDNAConverterPropertyDrawers.cs: a91fa6d72a10441d9b2e78497d855387 -> 
  custom:scripting/monoscript/fileName/UMAPhysicsSlotDefinition.cs: c68c5daa8a6602857129194e5de56367 -> 
  custom:scripting/monoscript/fileName/UMAGenericPopupSelection.cs: d1433b7b8bb92788613dec5fc49abb30 -> 
  custom:scripting/monoscript/fileName/IDynamicExpression.cs: a5ba58e8f7fd6b6988831bc1d383b2f5 -> 
  custom:scripting/monoscript/fileName/OverlayDataAssetInspector.cs: c30a0bf1979891b0d8d2a6fd0a938ebe -> 
  custom:scripting/monoscript/fileName/TextureCombiner.cs: e8d8e8e814c2fc0909c2139b8897bb7e -> 
  custom:scripting/monoscript/fileName/UmaDnaTrack.cs: 04cb4080c73a29cd1bc919ed537fe36a -> 
  custom:scripting/monoscript/fileName/ExpressionPlayer.cs: 068efb5e8c68ab7a8de3c4a2c1c4078b -> 
  custom:scripting/monoscript/fileName/UMAChannelCombiner.cs: 5beda8700a15cea103c4314b1095efe4 -> 
  custom:scripting/monoscript/fileName/DynamicDNAConverterController.cs: de41c61552cebae012827320d5ef2de8 -> 
  custom:scripting/monoscript/fileName/SharedColorTableEditor.cs: 8b1d7c7c6304bc57610913cb9885d06a -> 
  custom:scripting/monoscript/fileName/UMAPhysicsAvatarEditor.cs: 837a4e2c04ec7729b5a7a2ede24d41ad -> 
  custom:scripting/monoscript/fileName/OverlayLibraryEditor.cs: e49e29aa25700a7581ac8df95ed13290 -> 
  custom:scripting/monoscript/fileName/OverlayLibraryBase.cs: ca4f0d3597d80b240e670811997679bc -> 
  custom:scripting/monoscript/fileName/UMADefaultMeshCombiner.cs: c45b6e03ac843c393626170fcd8ca1b6 -> 
  custom:scripting/monoscript/fileName/ShaderPackageImporterEditor.cs: 06f789fa7be74db4c17968ebf834f9d8 -> 
  custom:scripting/monoscript/fileName/TreeModel.cs: 90647cc400823b41df847a6cbfc29026 -> 
  custom:scripting/monoscript/fileName/FPSCounter.cs: 9c8b395bab3714e78baa59d2fab75d3c -> 
  custom:scripting/monoscript/fileName/UMASimpleLODEditor.cs: 70034b0b5ded45ad515caa814ac4a938 -> 
  custom:scripting/monoscript/fileName/NewUMAGUI.cs: 99e96c83e1ae7855b8d84cb1053d4c80 -> 
  custom:scripting/monoscript/fileName/ConstructDCAFromAPrefab.cs: 9db8dc9d5343a4fd0bbd0c78a2414d1d -> 
  custom:scripting/monoscript/fileName/AssetTreeElement.cs: f83bf6a2a982eaa43c0f49052e20bf46 -> 
  custom:scripting/monoscript/fileName/DynamicRaceLibrary.cs: 34c0385d146d94554f2f55f1e7db7c48 -> 
  custom:scripting/monoscript/fileName/IUMAEventHookup.cs: a1eeb3a084495e02bd8394c8429dc8cb -> 
  custom:scripting/monoscript/fileName/SkinnedMeshAligner.cs: 980f31f70efe1442a17b7ddb523ed06f -> 
  custom:scripting/monoscript/fileName/UMASimpleLOD.cs: eea0fe7ec4764a910c64cfef247c8574 -> 
  custom:scripting/monoscript/fileName/INameProvider.cs: 786b9a95e4146f3cafddef3d19c0262e -> 
  custom:scripting/monoscript/fileName/UMABoneCleaner.cs: f5eaca84475952258357c5404eb70f37 -> 
  custom:scripting/monoscript/fileName/UmaSlotBuilderWindow.cs: 1c930615742655ca40b03094d36046d5 -> 
  custom:scripting/monoscript/fileName/SpeedCheck.cs: 54d1baab5c6760fad0bd635587675545 -> 
  custom:scripting/monoscript/fileName/GeometrySelector.cs: f4b0a4438609550aaa4bee0e7b8ce1c0 -> 
  custom:scripting/monoscript/fileName/pUMATextRecipe.cs: 5e2ab9cfe81e04de31d18dbafae66b8c -> 
  custom:scripting/monoscript/fileName/RenderTexToCPU.cs: 2e485faf88447d47bb7891be73e15cfb -> 
  custom:scripting/monoscript/fileName/EnumExtensions.cs: aef4f61f974f9e10f719873723b9d6ec -> 872fcb89b813d64606e680211dede528
  custom:scripting/monoscript/fileName/RaceLibrary.cs: c5c4802823848f33569477f3cb11b5cb -> 
  custom:scripting/monoscript/fileName/UMASlotVerifyWizard.cs: 0b8a5f2824350963e8debf4e461b9cee -> 
  custom:scripting/monoscript/fileName/UMABonePoseEditor.cs: 9f907287d58b8120de0b228c03910c62 -> 
  custom:video-encoder-webm-vp8: eb34c28f22e8b96e1ab97ce403110664 -> 
  custom:scripting/monoscript/fileName/LogToText.cs: 5f21700d4586c84e97d163ae8313f04b -> 
  custom:scripting/monoscript/fileName/UMARandomizerEditor.cs: 3938b03220edb5ad0ec75745ba2459ff -> 
  custom:scripting/monoscript/fileName/SwayBone.cs: d6c06726aed14b10097052addd5a3f62 -> 
  custom:scripting/monoscript/fileName/SmoothMouseLook.cs: 873dbd5cf57037779b978a5baa117678 -> 
  custom:scripting/monoscript/fileName/UMAPhysicsSlotEditor.cs: 485f66e39776b6296177641af3d9cdf3 -> 
  custom:scripting/monoscript/fileName/UMAAssetFieldVisible.cs: f9b259d7c53c9eb3a1735e62b476f8fa -> 
  custom:scripting/monoscript/fileName/UMA_JiggleBreasts.cs: c5aaae757e5dbd9de9312f5e9c8b4a5e -> 
  custom:scripting/monoscript/fileName/RaceAnimatorListPropertyDrawer.cs: 96c003ef61893a6cf6e33f486ecc9583 -> 
  custom:scripting/monoscript/fileName/PopupAssetInspector.cs: 01cf53c92eecbee121d8744fe2439ea2 -> 
  custom:audio-decoder-ogg-vorbis: bf7c407c2cedff20999df2af8eb42d56 -> 
  custom:scripting/monoscript/fileName/TreeElementUtility.cs: 54dee75625b3fbb9cbec7969c750e8cc -> 
  custom:scripting/monoscript/fileName/WardrobeCollectionDemoBtn.cs: 6b3c7c2fabf39d88ae00c812043a5e75 -> 
  custom:scripting/monoscript/fileName/UMAAssetCollectionEditor.cs: 1319385bc72dcc49f41aaf6291489952 -> 
  custom:scripting/monoscript/fileName/DynamicRaceLibraryEditor.cs: 92d5c19d0050732891000e04d46a15be -> 
  custom:scripting/monoscript/fileName/UMAGeneratorStub.cs: 8a625632c20f0c2d7aa7d3c1935d1607 -> 
  custom:scripting/monoscript/fileName/TreeViewWithTreeModel.cs: 0cdf409b5aa8d4c25876d72b5c6a3b60 -> 
  custom:scripting/monoscript/fileName/DynamicOverlayLibrary.cs: 556d47bc827eda245a06a096e9cdd45b -> 
  custom:scripting/monoscript/fileName/TreeElement.cs: 3819718650101ed8174da82864567d10 -> 
  custom:scripting/monoscript/fileName/UMAGeneratorPro.cs: 631a707b2190174a6b57186b57a665b6 -> 
  custom:scripting/monoscript/fileName/UMAPackedRecipeBase.cs: 6d6267ea4cbc13afb207a5211bc1e5c4 -> 
  custom:scripting/monoscript/fileName/UMAMeshData.cs: 3193dbfe081452e796120bc2758376e7 -> 
  custom:scripting/monoscript/fileName/ActiveObjectSwitcher.cs: 53ebf0e7200b4ef778df5a6cf15197cb -> 
  custom:scripting/monoscript/fileName/UMAGeneratorBuiltin.cs: 9dd77b74a6641823ff5cebba0a3ecec0 -> 
  custom:scripting/monoscript/fileName/SlotToMesh.cs: fc949e98e4254f1513da8d2a614e6bb3 -> 
  custom:scripting/monoscript/fileName/pUMAAssetIndexer.cs: 90647cc400823b41df847a6cbfc29026 -> 
  custom:scripting/monoscript/fileName/ItemEffector.cs: a6c7940b58b7f01fd3d57cd4d7ef820a -> 
  custom:scripting/monoscript/fileName/PowerToolsIntegration.cs: 0088fb368ac019d493588f7d04b79d89 -> 
  custom:scripting/monoscript/fileName/UMALODConversionSetEditor.cs: 4f913f69c8af0f6c759e9cdb1c564c68 -> 
  custom:scripting/monoscript/fileName/UMAUVAttachedItemManager.cs: c82432d1e87975810ff2853a7309dad4 -> 
  custom:scripting/monoscript/fileName/UMAAvatarBase.cs: 33985a8e9922a574158833936f4b6e9a -> 
  custom:scripting/monoscript/fileName/DNARangeInspector.cs: 87b785675427978a4472fafb91e6dfdb -> 
  custom:scripting/monoscript/fileName/UMAUtils.cs: 4da54b8fad1dbf6a7678e52087295bad -> 
  custom:scripting/monoscript/fileName/DNAConverterListPropertyDrawer.cs: 40119da9c572297b7db3eaba40173744 -> 
  custom:scripting/monoscript/fileName/UMAUpdateProcessor.cs: 24d611e88551d21edf27e49196067cd6 -> 
  custom:scripting/monoscript/fileName/UMARendererAsset.cs: 0d4ce87561d157c2540c17b1f42e3d64 -> 
  custom:scripting/monoscript/fileName/DecalEditor.cs: 732928e1c5567a37b2f6d3776f579be5 -> 
  custom:scripting/monoscript/fileName/DNAEvaluationGraphPresetLibraryInspector.cs: 82ffb8ea472d4d16f8eb61f2930c6fd8 -> 
  custom:scripting/monoscript/fileName/UMADynamicAvatar.cs: dd3845b84bfe75793521684e64d1970c -> 
  custom:scripting/monoscript/fileName/UMADna_Generated.cs: df8e117b63cfd2561a1c381a0f5706ea -> 
  custom:scripting/monoscript/fileName/UMAResourceNotFoundException.cs: c56df80791210e4b85aaf5f1ccab49a9 -> 
  custom:scripting/monoscript/fileName/UmaRaceBehaviour.cs: 956f8e2495c6eeb93fe906ffb1c52ec0 -> 
  custom:scripting/monoscript/fileName/DynamicUMADnaBase.cs: 1dff3148eb0a83152bd0de6cbdee00c9 -> 
  custom:scripting/monoscript/fileName/BRDFLookupTexture.cs: 914cde7f86a7c1c488f6412eca7f9787 -> 
  custom:scripting/monoscript/fileName/ExpressionPlayerInspector.cs: ac5a3679a748cd7116dd68176808a88b -> 
  custom:scripting/monoscript/fileName/OverlayInspector.cs: bad27a29619cbcf89cafcb0b3da6892a -> 
  custom:scripting/monoscript/fileName/UMAExpressionSet.cs: 071c4208986d1c246d9fc6a68ebaded9 -> 
  custom:scripting/monoscript/fileName/MeshModifierEditor.cs: 37e10ad396c5cd2786ccca383a2d1750 -> 
  custom:scripting/monoscript/fileName/UMA_JiggleBelly.cs: 957c5d66dc7812b2ae5f406fd55d6017 -> 
  custom:scripting/monoscript/fileName/UMAExpressionPlayer.cs: 09c13b19144b932f5b835eda01ef2cf5 -> 
  custom:scripting/monoscript/fileName/UMAMountedItemSample.cs: 2b8f19dad10496381f2fc96050be8219 -> 
  custom:scripting/monoscript/fileName/UmaColorMixerBehaviour.cs: 19ad19478ac67fd1ed29a1ad3e805c1c -> 
  custom:scripting/monoscript/fileName/UMAUVAttachedItemPreprocessor.cs: 74bc375d3ffa70b28275db137c9d3350 -> 
  custom:scripting/monoscript/fileName/UMAUVAttachedItemLauncher.cs: 1f5707965ee4b1eb5a34d1656697725a -> 
  custom:scripting/monoscript/fileName/TestCustomizerDD.cs: 629f22e091bbd8791cab6df25b2b58a6 -> 
  custom:scripting/monoscript/fileName/Locomotion.cs: 30e74cbd7f2eaa8db862947eab187352 -> 
  custom:scripting/monoscript/fileName/RaceLibraryBase.cs: e5d9a0846e126f44453e8ae7fea2ea66 -> 
  custom:scripting/monoscript/fileName/AvatarDefinition.cs: aee6969321f95026de7fb416eb0beccd -> 
  custom:scripting/monoscript/fileName/IUMAAddressablePlugin.cs: b6e6f0ab7bef81d5ac8623d814aef662 -> 
  custom:scripting/monoscript/fileName/UMAColorFader.cs: bc91112d554ba9a8f7c8d7f5bb602b5b -> 
  custom:scripting/monoscript/fileName/UMACharacterCustomization.cs: 6309278b418a30aac6728102add55b57 -> 
  custom:scripting/monoscript/fileName/UMATextureCombiner.cs: 8421194fff2018667513dc6b8ba01a3b -> 
  custom:scripting/monoscript/fileName/IDNAConverter.cs: b4c67ac01788d30fdeb9beb395da98e8 -> 
  custom:scripting/monoscript/fileName/UMADNAToBonePoseWindow.cs: c560833e1d469322f5db998e5806d700 -> 
  custom:scripting/monoscript/fileName/DnaConverterBehaviour.cs: 861f735a3231a0387a965aa738fa39c4 -> 
  custom:scripting/monoscript/fileName/CSColorChangerDD.cs: a6f84f4f90d405def2b9cdc480bc5d5e -> 
  custom:scripting/monoscript/fileName/UmaColorBehaviour.cs: 94ae4163a6d9a55b6ee28929f4f233fe -> 
  custom:scripting/monoscript/fileName/OverlayData.cs: 4ed8f6e0f5b517c36bbbe115bdb58808 -> 
  custom:scripting/monoscript/fileName/SRPAdjuster.cs: 9500caf996d8fad34e73462ed8a1755c -> 
  custom:scripting/monoscript/fileName/CapsuleColliderSlotScript.cs: 34c7d6b3c68fb059e66f667c8f58eee6 -> 
  custom:scripting/monoscript/fileName/UMADNAHelperTools.cs: c80b0db54a47e6a59fd1f8b2624317c0 -> 
  custom:scripting/monoscript/fileName/ShaderPackagePostProcessor.cs: 74998fb3237666b26c16c3ffbc5f6f1d -> 
  custom:audio-encoder-webm-vorbis: bf7c407c2cedff20999df2af8eb42d56 -> 
  custom:scripting/monoscript/fileName/MaxRectsBinPack.cs: b29c113a01f21bc93d0f3ef2c5d0a61c -> 
  custom:scripting/monoscript/fileName/DynamicExpressionBonePose.cs: 0c52bbe3b21990224937db4e60b659b4 -> 
  custom:scripting/monoscript/fileName/UMALODDemoScript.cs: cc5649334f76a34eaec5bb78d906a345 -> 
  custom:scripting/monoscript/fileName/UMAFavoriteWindow.cs: a2c9fd7d112c129fe060df449ad336c3 -> 
  custom:scripting/monoscript/fileName/Rotator.cs: d89a0d253809f9121d3d8b83de3166a0 -> 
  custom:scripting/monoscript/fileName/DynamicDNAConverterControllerPropertyDrawer.cs: 460329574a590ba2ecbcaef2b43b1602 -> 
  custom:scripting/monoscript/fileName/SkinnedMeshCombiner.cs: b60c0206b4dfcc7f3fec0d917aa6a32e -> 
  custom:scripting/monoscript/fileName/transformdeepchildextension.cs: 67e708fff7b31d428ec401404dae0d83 -> 
  custom:scripting/monoscript/fileName/UMAGlobalContext.cs: 6edd8e6e2df93ec66d63402278929ca7 -> 
  custom:scripting/monoscript/fileName/UMADnaTweaker.cs: 59202901b81b8d568425f2b249a273d8 -> 
  custom:scripting/monoscript/fileName/UmaWardrobeClip.cs: 22eee0fa3af1faba5d09f78472260360 -> 
  custom:scripting/monoscript/fileName/TwistBones.cs: 7536849104c42772737e6f5e648ac722 -> 
  custom:scripting/monoscript/fileName/UmaDnaMixerBehaviour.cs: 1e014093ffde8aa2469af0b09e9e7c1c -> 
  custom:scripting/monoscript/fileName/UMANormalViewer.cs: b96e498781386f1a439ab1ac9bfaf071 -> 
  custom:scripting/monoscript/fileName/DNAEvaluationGraph.cs: 8de93b4b0f55275b35ce67c6b634e1c7 -> 
  custom:scripting/monoscript/fileName/UMARecipeBase.cs: ef6b95d4e1172e59c2d3f1d6f7fede38 -> 
  custom:scripting/monoscript/fileName/UmaTPose.cs: 88782b7fc85b7be25dae52074e0d6ccb -> 
  custom:scripting/monoscript/fileName/ImportProcessor.cs: cdee403c54d658ac8409dd652b2d1ae7 -> 
  custom:scripting/monoscript/fileName/ForearmTwistSlotScript.cs: 62b4a38c199f128aa27c3586314c59a5 -> 
  custom:scripting/monoscript/fileName/UMADnaTutorial.cs: f6970cc8a4309337062fc009fc3136a7 -> 
  custom:scripting/monoscript/fileName/SceneLoader.cs: cae4e9c1d887c32c8ec8308c0f1acb66 -> 
  custom:scripting/monoscript/fileName/DynamicSlotLibrary.cs: fa184b08f85e4f5d4bc4b12249691fc8 -> 
  custom:scripting/monoscript/fileName/CameraTrack.cs: b67b615a9aee9854cb11aca7c081c14f -> 
  custom:scripting/monoscript/fileName/ConvertToSubstance.cs: 66bc718956c8a898cdb9de7da592dfcb -> 
  custom:scripting/monoscript/fileName/UMACrowd.cs: 9e06de634c082113d5e505fb08660989 -> 
  custom:scripting/monoscript/fileName/UMAContext.cs: ab7ffcd51b36767ad34fca4eda0d9c8c -> 
  custom:scripting/monoscript/fileName/DNAConverterList.cs: c9763b0ffb3d45bb8b8fbae744a922df -> 
  custom:scripting/monoscript/fileName/EnvPresetChooserEd.cs: f82f0750314e5eb4ba7a4dbb75069531 -> 
  custom:scripting/monoscript/fileName/GeometrySelectorWindow.cs: 58a931072d8b22d04a81ec32adffddc4 -> 
  custom:scripting/monoscript/fileName/SimpleCameraController.cs: 639b45e76fa5fda920a92b90c69d9e74 -> 
  custom:scripting/monoscript/fileName/MobileAddressablesSampleCode.cs: 2acee02fb99405de20ebd4a468683c33 -> 
  custom:scripting/monoscript/fileName/UMAWardrobeCollectionEditor.cs: a2d1200ed872aad112cbb4460473e506 -> 
  custom:scripting/monoscript/fileName/pRaceData.cs: 94f8e54b68df661c8d45e8cea71cf2f5 -> 
  custom:scripting/monoscript/fileName/PhotoBoothInspector.cs: bff18cffdcf8895860480b3146ec5116 -> 
  custom:scripting/monoscript/fileName/IUMARecipePlugin.cs: 965b4d2019f24af5f221c45edaa547aa -> 
  custom:scripting/monoscript/fileName/UMAMountedItemEditor.cs: 79d0258c8c6ea7450316d93a0546ccea -> 
  custom:scripting/monoscript/fileName/UMAWelcomeScenes.cs: 65ef4999eae8c907514578d0e09b3744 -> 
========================================================================
Received Prepare
Caller must complete domain reload
Begin MonoManager ReloadAssembly
- Loaded All Assemblies, in  0.260 seconds
Native extension for WindowsStandalone target not found
Mono: successfully reloaded assembly
- Finished resetting the current domain, in  0.490 seconds
Domain Reload Profiling: 749ms
	BeginReloadAssembly (92ms)
		ExecutionOrderSort (0ms)
		DisableScriptedObjects (3ms)
		BackupInstance (0ms)
		ReleaseScriptingObjects (0ms)
		CreateAndSetChildDomain (15ms)
	RebuildCommonClasses (24ms)
	RebuildNativeTypeToScriptingClass (6ms)
	initialDomainReloadingComplete (16ms)
	LoadAllAssembliesAndSetupDomain (121ms)
		LoadAssemblies (163ms)
		RebuildTransferFunctionScriptingTraits (0ms)
		AnalyzeDomain (11ms)
			TypeCache.Refresh (5ms)
				TypeCache.ScanAssembly (0ms)
			ScanForSourceGeneratedMonoScriptInfo (0ms)
			ResolveRequiredComponents (3ms)
	FinalizeReload (490ms)
		ReleaseScriptCaches (0ms)
		RebuildScriptCaches (0ms)
		SetupLoadedEditorAssemblies (265ms)
			LogAssemblyErrors (0ms)
			InitializePlatformSupportModulesInManaged (4ms)
			SetLoadedEditorAssemblies (3ms)
			RefreshPlugins (0ms)
			BeforeProcessingInitializeOnLoad (41ms)
			ProcessInitializeOnLoadAttributes (196ms)
			ProcessInitializeOnLoadMethodAttributes (16ms)
			AfterProcessingInitializeOnLoad (5ms)
			EditorAssembliesLoaded (0ms)
		ExecutionOrderSort2 (0ms)
		AwakeInstancesAfterBackupRestoration (5ms)
Refreshing native plugins compatible for Editor in 1.87 ms, found 4 plugins.
Preloading 0 native plugins for Editor in 0.00 ms.
Unloading 3522 Unused Serialized files (Serialized files now loaded: 0)
Unloading 17 unused Assets / (30.1 KB). Loaded Objects now: 4032.
Memory consumption went from 138.1 MB to 138.1 MB.
Total: 1.847400 ms (FindLiveObjects: 0.148600 ms CreateObjectMapping: 0.042700 ms MarkObjects: 1.623800 ms  DeleteObjects: 0.031800 ms)

Prepare: number of updated asset objects reloaded= 0
AssetImportParameters requested are different than current active one (requested -> active):
  custom:scripting/monoscript/fileName/SharedColorTable.cs: b29c7754538ee047ea44798a660ea872 -> 
  custom:scripting/monoscript/fileName/DCARendererManagerEditor.cs: 67ef15e8b1aa313829bf52e55af0d477 -> 
  custom:scripting/monoscript/fileName/CreateCleanAnimationMenu.cs: 6616098c6a37d0186f8ecbdfbc7058ac -> 
  custom:scripting/monoscript/fileName/UMAAddressablesSupport.cs: 6fdbe5a5f00c901e3fa772816a9379c3 -> 
  custom:scripting/monoscript/fileName/UMAGenerator.cs: 7a60fcb671e738c86c899020cc2dd0ce -> 
  custom:scripting/monoscript/fileName/SkeletonModifierPropertyDrawer.cs: 803dd4c8a5a389e51870ed353af9007e -> 
  custom:scripting/monoscript/fileName/IItemSelector.cs: 2fc90b8d45ccc5807f98200bbaad0300 -> 
  custom:scripting/monoscript/fileName/UMASlotProcessingUtil.cs: 7b1c52f7696398519b1f9f349b94c65b -> 
  custom:scripting/monoscript/fileName/UMABonePoseUtilities.cs: cbc63700817303c17390d46920a9adab -> 
  custom:scripting/monoscript/fileName/AssetIndexerWindow.cs: 300b315a67d22844623b77c40d8ddc14 -> 
  custom:scripting/monoscript/fileName/DNAEvaluator.cs: 1401bdd3d771a51f79a80982c680825b -> 
  custom:scripting/monoscript/fileName/OverlayViewer.cs: 614502dfd04a9a690c461ec28f9269f7 -> 
  custom:scripting/monoscript/fileName/DNAConverterFieldPropertyDrawer.cs: c2ac47777841cb73f9215153dbd0b351 -> 
  custom:scripting/monoscript/fileName/UMAExtendedAvatar.cs: 93177ff9d53f6faf85797198a468383e -> 
  custom:scripting/monoscript/fileName/DynamicDNAPluginInspector.cs: bf7766b190ac11f5a6d683d6cba23075 -> 
  custom:scripting/monoscript/fileName/FindComponentUsages.cs: edcd7cba1ba6bbf2bcb89e34626eed5b -> 
  custom:scripting/monoscript/fileName/MassChangeImporterSettings.cs: ce3ecd9186161f5966d920d4eb828845 -> 
  custom:container-demuxer-ogg: 62fdf1f143b41e24485cea50d1cbac27 -> 
  custom:scripting/monoscript/fileName/UMAMaterialPropertyBlockDrawer.cs: b0d7ce2101bdc87405f6445280a49493 -> 
  custom:scripting/monoscript/fileName/DynamicUMADnaAssetPropertyDrawer.cs: 358c7b177d2c2b8f88e2c7af1ced1ac4 -> 
  custom:scripting/monoscript/fileName/UMAGeneratorBuiltinEditor.cs: cfbf169a8d103bb7b80ae175fd01e7f5 -> 
  custom:scripting/monoscript/fileName/DNAPanel.cs: 02c175fc4b90040042d9f65eccc66a8d -> 
  custom:scripting/monoscript/fileName/ColorDNAConverterPlugin.cs: 6e36e9a457152acfc72bb0c91e227082 -> 
  custom:scripting/monoscript/fileName/OverlayLibrary.cs: d6821827359c3f54dfe6d747d6dd2c08 -> 
  custom:scripting/monoscript/fileName/UMALODLogger.cs: f556ad8a039ff34d74df6d4c4c24bfe7 -> 
  custom:scripting/monoscript/fileName/VertexAdjuster.cs: 028ab02f410de692eb17eaee9c87e6bf -> 
  custom:scripting/monoscript/fileName/SliderController.cs: 775367cfdc6573803e33539864036ff9 -> 
  custom:scripting/monoscript/fileName/UMABlendShapeExpressions.cs: 327628553453743ed9dc2e196e336322 -> 
  custom:scripting/monoscript/fileName/UMAMaterialPropertyBlock.cs: b1042a1175cceb39201cdc87fed0d603 -> 
  custom:scripting/monoscript/fileName/UMAClothProperties.cs: 202102d0fc505693925e116b8028b1ba -> 
  custom:scripting/monoscript/fileName/DynamicDNAConverterControllerInspector.cs: 1e19c3a75c964a2abb0beb95bf672995 -> 
  custom:scripting/monoscript/fileName/CSLoadableItem.cs: cd777e66a70f7d1e085cd670331d146b -> 
  custom:scripting/monoscript/fileName/UmaWardrobeBehaviourEditor.cs: 79b6626d153e4e21141efbb19e5e79e9 -> 
  custom:scripting/monoscript/fileName/pTextRecipeEditor.cs: 90647cc400823b41df847a6cbfc29026 -> 
  custom:scripting/monoscript/fileName/BuildPreprocessor.cs: 6f046dd131e52d15508df7771814521d -> 
  custom:scripting/monoscript/fileName/WorkerCoroutine.cs: 72f3a875cd0c1930230a04a916cdb128 -> 
  custom:scripting/monoscript/fileName/ColorEffector.cs: f60b99292208c8135f7d50b6e13a40df -> 
  custom:video-codec-MediaFoundation-h265: 746d11721c4dcdbdad8f713fa42b33f4 -> 
  custom:scripting/monoscript/fileName/UMAMeshDataPropertyDrawer.cs: 86eead05783829d19253294123c031e6 -> 
  custom:scripting/monoscript/fileName/SkeletonTools.cs: addc8377764095ca70526db8e5685e86 -> 
  custom:scripting/monoscript/fileName/GeometryUVEditorWindow.cs: 59a291c62a5ceff6be0c13b5c1048e8b -> 
  custom:scripting/monoscript/fileName/CharacterMovement.cs: 1673cf7be67e51b75e632a5978bb31f2 -> 
  custom:scripting/monoscript/fileName/UMADnaHumanoid_Generated.cs: c0d5559e6b7da8e89d7051416941d713 -> 
  custom:scripting/monoscript/fileName/UMA_JiggleBoneDiagnostic.cs: 22bbc06af61f46a0700d95a8f7f5b75f -> 
  custom:scripting/monoscript/fileName/UMACustomization.cs: 0bfebee64d84be6be874873347ade9f4 -> 
  custom:scripting/monoscript/fileName/TPoseExtracter.cs: dc0ae4190681d77f68b011420a576782 -> 
  custom:scripting/monoscript/fileName/SlotData.cs: cdd2771502e14360bbbf9ba89a215dce -> 
  custom:scripting/monoscript/fileName/UMAMaterialAnimatorInspector.cs: 0b780311278b5c27fdca01920691cd92 -> 
  custom:scripting/monoscript/fileName/DictionaryCustomFormatter.cs: cd1da038a4db9e9c60e1c2d9349c2d27 -> 
  custom:scripting/monoscript/fileName/RaceInspector.cs: 43ac7279eb206ea719b99c6440507ad1 -> 
  custom:scripting/monoscript/fileName/UmaRaceClipEditor.cs: dddef32dc289de7a3039979d8d9c530b -> 
  custom:scripting/monoscript/fileName/CamSaver.cs: 88a7a057f4bf23e2cbecc4b046715d5f -> 
  custom:scripting/monoscript/fileName/UMAMeshCombiner.cs: 741218f3b84fc03c20a9c060ffa50bd9 -> 
  custom:scripting/monoscript/fileName/UmaWardrobeBehaviour.cs: 032129ef3f923156bc1cf785ee43a397 -> 
  custom:scripting/monoscript/fileName/SwayRootBone.cs: 60e2de0414eb5d2033a5eaff814180dc -> 
  custom:scripting/monoscript/fileName/SampleCode.cs: 59a53ce3b088a75283f71e317fedf446 -> 
  custom:scripting/monoscript/fileName/RenderPipelineDefine.cs: 86dbd9ca7c2259a84c8299c1ef893d86 -> 
  custom:scripting/monoscript/fileName/UMADataEditor.cs: a1076c40e29ee6d30cb9d83cb56edf74 -> 
  custom:video-decoder-ogg-theora: a1e56fd34408186e4bbccfd4996cb3dc -> 
  custom:scripting/monoscript/fileName/UMADnaTutorial_Generated.cs: 0094a0d9352ba4ed30c9eb64036fe92d -> 
  custom:scripting/monoscript/fileName/UmaBoneBuilderWindow.cs: ec6b4577f99032bde2bcbf3e8fa43779 -> 
  custom:scripting/monoscript/fileName/UMARemoveComponents.cs: 608b19d8b32639c59292df2d282c1500 -> 
  custom:scripting/monoscript/fileName/JiggleBreastEditor.cs: 5f3704670aaed660f6d3d577e2b6eade -> 
  custom:scripting/monoscript/fileName/UMAIndexers.cs: 7029f9cbef9d1253cc39dce103dafb15 -> 
  custom:scripting/monoscript/fileName/DecalIndicator.cs: eb86aad5eb5186010296fc9ad80d776d -> 
  custom:scripting/monoscript/fileName/SkeletonDNAConverterPluginInspector.cs: 979699b2b703f2a99bb7b0dbe4cfebbc -> 
  custom:scripting/monoscript/fileName/UMAPreset.cs: b033c49891177d569432c64ca49bcabe -> 
  custom:scripting/monoscript/fileName/DemoTextHelper.cs: 568e0eec10b0c73fb4e875d85f203916 -> 
  custom:scripting/monoscript/fileName/UMASkeleton.cs: e81650376d73b9f65e8a034d9b9eefa1 -> 
  custom:scripting/monoscript/fileName/MirrorCam.cs: a4c62a74eeb60d913308230852a5ee5c -> 
  custom:scripting/monoscript/fileName/BlendShapeDnaSlider.cs: 14dd9692acce5867bdf4a4ce2f6c4679 -> 
  custom:scripting/monoscript/fileName/UMAFavoriteList.cs: 658303e5a25b58d8b6b087a0a6852c2a -> 
  custom:scripting/monoscript/fileName/UmaColorTrack.cs: 747a174de1702d64d6c667b0f29771e4 -> 
  custom:scripting/monoscript/fileName/UMAPhysicsElementEditor.cs: 192cdb0d4df9b85f3058cf1529830ed9 -> 
  custom:scripting/monoscript/fileName/DNAEvaluatorPropertyDrawer.cs: 1a77015f15ae5ddd5bc6cc2cdf61b0cc -> 
  custom:scripting/monoscript/fileName/BRDFLookupTextureInspector.cs: f59ad9fd8f65a740aaa31c2222075175 -> 
  custom:framework-win-MediaFoundation: 216162199b28c13a410421893ffa2e32 -> 
  custom:scripting/monoscript/fileName/DNAHandler.cs: 3cd605ae16af07996a794b92fcf1b8de -> 
  custom:scripting/monoscript/fileName/UMAMaterialAnimator.cs: 8c642f1dcee961af033f961432355a0a -> 
  custom:scripting/monoscript/fileName/UMAContextBase.cs: f41a2a5672ff913a70bd58daeff4f4e0 -> 
  custom:scripting/monoscript/fileName/DNAEvaluationGraphPresetsPopupContent.cs: af63be4d5ab9f4d354b8a9446f4a25dc -> 
  custom:scripting/monoscript/fileName/UMAColorScheme.cs: 791f552e0eeadb85d4af4b281de8bfbc -> 
  custom:scripting/monoscript/fileName/UMADna.cs: df8e117b63cfd2561a1c381a0f5706ea -> 
  custom:scripting/monoscript/fileName/TagsEditor.cs: 32d0aa20ed57dced138541f03b87b5f2 -> 
  custom:scripting/monoscript/fileName/BaseCharacterModifier.cs: a3a52dbad70fa7e25f2aaa4cde4f1064 -> 
  custom:scripting/monoscript/fileName/HUDFPS.cs: 33d22ac59b093aaf84a5fece9ccf5d4c -> 
  custom:scripting/monoscript/fileName/AssetIndexerFilterEditor.cs: 8dd8817eabc6c81d6716ec2218ede1cf -> 
  custom:scripting/monoscript/fileName/DNASetter.cs: e14392cc3955591d7b099cdb44d5b26f -> 
  custom:scripting/monoscript/fileName/ExtensionMethods.cs: 5ee22639b99e35ca6ffe158367f87fac -> 5e205a9a0143be9c429b7836974d9d2d
  custom:scripting/monoscript/fileName/MyObjectPool.cs: 90647cc400823b41df847a6cbfc29026 -> 
  custom:scripting/monoscript/fileName/UmaDnaBehaviour.cs: dd1ecaf78b1d5ea85456171f510b38db -> 
  custom:scripting/monoscript/fileName/PonytailSlotScript.cs: fcdb4dfd3f644731390dae94844e53a1 -> 
  custom:scripting/monoscript/fileName/OverlayViewerEditor.cs: 8156449cccca690e82475812baf9f4d6 -> 
  custom:scripting/monoscript/fileName/UMADynamicCharacterAvatarRecipe.cs: 689df231eb14d7dc49746fbc198285ef -> 
  custom:scripting/monoscript/fileName/UMAAssetTreeView.cs: 2902ea944a63a1fc4010dbd85774c538 -> 
  custom:scripting/monoscript/fileName/WardrobeRecipeListPropertyDrawer.cs: 58b52fb27a3b680fac760dfd1ce6ebaa -> 
  custom:scripting/monoscript/fileName/CharacterBaseEditor.cs: 0e569b9eac9e3df96e7ff2bb0ee420a3 -> 
  custom:scripting/monoscript/fileName/CollisionMatrixFixer.cs: cd6113373fde1411d5d03f678dda76e9 -> 
  custom:scripting/monoscript/fileName/ClothAccelerationPanelScript.cs: d7e2e627ea0d987f29b1a895bfab2057 -> 
  custom:scripting/monoscript/fileName/OverlayColorData.cs: 99edd8224fbac59301e38a516dd74abc -> 
  custom:scripting/monoscript/fileName/DCSStandardTypes.cs: b7d6d1f34fb3d5b4a2bdf0a404dce299 -> 
  custom:scripting/monoscript/fileName/DNAEvaluationGraphPropertyDrawer.cs: 106dd74bdd76ed6b530002d9462342d8 -> 
  custom:scripting/monoscript/fileName/RaceSetterPropertyDrawer.cs: c175922818f1ed192568a199f83e0de9 -> 
  custom:scripting/monoscript/fileName/UMABonePose.cs: a8026a8a75673e34d9a85330fad63073 -> 
  custom:scripting/monoscript/fileName/SimpleDecal.cs: db1915aa06c6471edafa2765e9771405 -> 
  custom:scripting/monoscript/fileName/UMAShooter.cs: 0176f20b02b54375d5a8bb8ea5f7c640 -> 
  custom:scripting/monoscript/fileName/ISlotDataObject.cs: 06638f0a6958bc5e058137bafe42e5fe -> 
  custom:scripting/monoscript/fileName/VertexEditorStage.cs: 009588a5113cc35aa8e387afa31ae8b4 -> 
  custom:scripting/monoscript/fileName/WardrobeCollectionLibrary.cs: 5f58e3539aca7a90c6b7164c59132f34 -> 
  custom:scripting/monoscript/fileName/SliderExpressionTest.cs: 14fe76db81cfeefcfdb59426a70d15bd -> 
  custom:scripting/monoscript/fileName/pDCSRecipeEditor.cs: 5e2ab9cfe81e04de31d18dbafae66b8c -> 
  custom:scripting/monoscript/fileName/UMAMountObject.cs: fe889fc778c125b28f26edb2973d22c8 -> 
  custom:scripting/monoscript/fileName/UMABonePoseMixerWindow.cs: 5cdb9fce1c5a87292459959cd42c7892 -> 
  custom:scripting/monoscript/fileName/DecalManager.cs: fcc56e96b345aa0657c3cb0df45847d6 -> 
  custom:scripting/monoscript/fileName/CSWardrobeSlotChangerDD.cs: 33983d33734bdab1982164aabe4d4e25 -> 
  custom:scripting/monoscript/fileName/ShaderPackage.cs: 938afabb6949ef6ec79c7914d21b4923 -> 
  custom:scripting/monoscript/fileName/UMATime.cs: ca4e3a1cc5254c5254360613eb685374 -> 
  custom:scripting/monoscript/fileName/UMAGeneratorBaseEditor.cs: 2be21793e5a9ab65f600225fdb46c592 -> 
  custom:scripting/monoscript/fileName/CursorLock.cs: fa510114fc78c2cda1befc9c04383697 -> 
  custom:scripting/monoscript/fileName/UMAGeneratorGLIB.cs: 342be92488b53772e12106bedf082ba4 -> 
  custom:scripting/monoscript/fileName/UMAGeneratorBase.cs: 46ecf48928278538449cdc71bcc36d9d -> 
  custom:scripting/monoscript/fileName/SlotLibraryBase.cs: 2b3a444ed6ed71e668923134332faa2b -> 
  custom:scripting/monoscript/fileName/UMALODConversionSet.cs: d831e0d167953fd24773cf00350b3923 -> 
  custom:scripting/monoscript/fileName/DCARendererManager.cs: 1b127e165e2f413d6cdadf900d88f0f0 -> 
  custom:scripting/monoscript/fileName/CustomAssetUtility.cs: 4e65e74782ade968c56638ea5a27c786 -> 
  custom:CustomObjectIndexerAttribute: 9a22284fe3817be447336de3de66b15e -> 
  custom:scripting/monoscript/fileName/Readme.cs: 5aedf578fb2663036982fb7b05aaf325 -> 
  custom:scripting/monoscript/fileName/UMALODConversionEntry.cs: de6ed5ede1824d17f6da8613f73a2fa4 -> 
  custom:scripting/monoscript/fileName/DynamicSlotLibraryEditor.cs: b8991abe3c98f9667b681346f5b34500 -> 
  custom:scripting/monoscript/fileName/UMATestEventsScript.cs: 90c6f9ed445d8a0b01696a22b1cfe154 -> 
  custom:scripting/monoscript/fileName/DNAEvaluatorListPropertyDrawer.cs: f615412680de25e1af103a26bda02409 -> 
  custom:scripting/monoscript/fileName/IDNASelector.cs: f3e7554fa70d39dbe640dfad062adbaa -> 
  custom:scripting/monoscript/fileName/UMAEditorUtilities.cs: 5783eb9290163e1d5e5e819995bb2123 -> 
  custom:scripting/monoscript/fileName/BonePoseDNAConverterPlugin.cs: 28918f83136ffac52583ad5b9a682658 -> 
  custom:scripting/monoscript/fileName/UMABoneVisualizer.cs: c41cdfb228347cc1b6b889898bae7e0e -> 
  custom:scripting/monoscript/fileName/UMABonePosePropertyDrawer.cs: c3152ef74ea2dfd8dde462e0b3e6203e -> 
  custom:scripting/monoscript/fileName/DynamicDNAPluginMasterWeightDrawer.cs: c6f229cbb409be29dd82f92ab47f6045 -> 
  custom:scripting/monoscript/fileName/DynamicCharacterAvatar.cs: 6f9c86fdb5d496139b0385eeed9c05c0 -> 
  custom:scripting/monoscript/fileName/UmaRaceUpdaterWindow.cs: 7f4e99055e2e2792b40e5c3250f076f3 -> 
  custom:scripting/monoscript/fileName/DNADelegatesExample.cs: 346716e5d922be13ef83fe5075fb0107 -> 
  custom:scripting/monoscript/fileName/SlotDataAssetInspector.cs: 8e6df804351f0a09e6f7ec724e956303 -> 
  custom:scripting/monoscript/fileName/CodeGenTemplate.cs: 2e68bc6335426612b2eb74e600ea0862 -> 
  custom:scripting/monoscript/fileName/UMAAnimationTargetRenamer.cs: a2c288711ba4ae88291ddc83ce391f15 -> 
  custom:container-demuxer-webm: 4f35f7cbe854078d1ac9338744f61a02 -> 
  custom:scripting/monoscript/fileName/SlotDataAsset.cs: fde6d069b4a4bf1c6a8834681753c46f -> 
  custom:scripting/monoscript/fileName/MeshHideAsset.cs: 6c2f058d2cb2609fbae3827816b027ad -> 
  custom:scripting/monoscript/fileName/DecalDefinition.cs: c4e5cdfb119c9e91c3ff9a59dfa01587 -> 
  custom:scripting/monoscript/fileName/BinaryAssetWrapper.cs: be17c60c0f573c57634e62b2ab4828e1 -> 
  custom:scripting/monoscript/fileName/UMARandomAvatar.cs: c11aec423647a746034d75a671b9872e -> 
  custom:scripting/monoscript/fileName/JiggleButtEditor.cs: 82de61eecfeb19eb1a300b0a708dbf38 -> 
  custom:scripting/monoscript/fileName/InspectorUtlity.cs: 4ceca7565db74be2ab627d1311668d4f -> 
  custom:scripting/monoscript/fileName/UMAGenericPopupChoice.cs: 3373bc69d0cc40cb4ab0cee9dfd69ec8 -> 
  custom:scripting/monoscript/fileName/SlotBuilderParameters.cs: 294e1f9d243a7ac19bcd6d9bae9bd4f4 -> 
  custom:scripting/monoscript/fileName/SkeletonDNAConverterPlugin.cs: 050e91d0c24fa1d8e173d198fa3f7221 -> 
  custom:scripting/monoscript/fileName/EnumFlagsAttributeDrawer.cs: a754343d39ad8ca7fe99ba650fef11ae -> 
  custom:scripting/monoscript/fileName/UMAEvents.cs: 7da8fa7ba127609f4ca8530a062b13c8 -> 
  custom:scripting/monoscript/fileName/UMABonePoseBuildWindow.cs: 7b85af171af64b989b9755dd1942c061 -> 
  custom:scripting/monoscript/fileName/MeshModifierInspector.cs: 265d7fee28d65e29592c035c9d7c11fb -> 
  custom:scripting/monoscript/fileName/UMAMaterial.cs: 426c0c8ba9c3bc57c37e1feb553c6411 -> 
  custom:scripting/monoscript/fileName/UmaRaceTrack.cs: e0e2b9ac6fe1c5b80bca9848aa5608d3 -> 
  custom:scripting/monoscript/fileName/UMABoneVisualizerEditor.cs: 87343a84ce11c0352b06dbf2b0883bbb -> 
  custom:scripting/monoscript/fileName/IUMAIndexOptions.cs: d92dc5c00fbff3904d2d83cd6faa287d -> 
  custom:scripting/monoscript/fileName/BaseCharacterModifierPropertyDrawer.cs: fb0f67230c3a14aa5be8e8d8d60e6eae -> 
  custom:scripting/monoscript/fileName/WardrobeHandler.cs: 4dcc4acd49f08b27375eeb76d83d1b2d -> 
  custom:scripting/monoscript/fileName/SceneWalker.cs: 0e287aedbe56ddf19cc5f178dd187f1e -> 
  custom:scripting/monoscript/fileName/AssetItem.cs: 14d64c5e868e90e8c08785ba41339919 -> 
  custom:scripting/monoscript/fileName/UMASettingsProvider.cs: 560a4035087301b019c37674e07cd7e7 -> 
  custom:scripting/monoscript/fileName/UMAWardrobeCollection.cs: e026082f86f26972232464fe55b43965 -> 
  custom:scripting/monoscript/fileName/UMADnaHumanoid.cs: d47de6453cd6570e202b3c36f92953a2 -> 
  custom:scripting/monoscript/fileName/TutorialDNAConverterBehaviour.cs: d58f01d7ef61b2a92600f3576aa9669a -> 
  custom:scripting/monoscript/fileName/UMAPredefinedDNA.cs: 4b1755a845dd944a7fce85e03d0c562a -> 
  custom:scripting/monoscript/fileName/CachedReorderableList.cs: ac79fda0c5296d656fc25246321b917c -> 
  custom:scripting/monoscript/fileName/UMAJiggleBone.cs: 5eed003ff9b71bb362a60c724b47376a -> 
  custom:scripting/monoscript/fileName/DNAEvaluatorList.cs: fc52711450654838bd49ba3965453b6f -> 
  custom:scripting/monoscript/fileName/OptionsGUI.cs: 9bc0f4840cc6ff2a8cfba61b8c8044c1 -> 
  custom:scripting/monoscript/fileName/IDynamicDNAConverter.cs: 70bc5e39b206caf3fb2ab153b60d448b -> 
  custom:scripting/monoscript/fileName/UMAData.cs: 780fe4831ab59b5da2f68b9f29415896 -> 
  custom:scripting/monoscript/fileName/LocomotionSlotScript.cs: c8d23735fa97fe389654ff16d80a15cc -> 
  custom:scripting/monoscript/fileName/BlendshapeDNAConverterPlugin.cs: d062a3498e2100b406e08612589c35cf -> 
  custom:scripting/monoscript/fileName/allevents.cs: 6d267ad9469f86c02f4abf3a97d4f3c9 -> 
  custom:scripting/monoscript/fileName/EnvPresetChooser.cs: d6e9de2734fbdf44e9e2345055d66c20 -> 
  custom:scripting/monoscript/fileName/ShaderPackageImporter.cs: fb788ab3fdd39b9262df25019571477a -> 
  custom:scripting/monoscript/fileName/TextureProcessPro.cs: f82ed1000dfa14dfef5c4beaae7c54cf -> 
  custom:scripting/monoscript/fileName/SlotHandler.cs: dd558b467166bf946ef6abd5db74253b -> 
  custom:scripting/monoscript/fileName/UMADestroyLogger.cs: c72ba5471942a173ae1a7c33f20ece88 -> 
  custom:scripting/monoscript/fileName/UMADnaBase.cs: a3bf03a9db6fd61f168b4b147802c0e1 -> 
  custom:scripting/monoscript/fileName/DnaGUI.cs: 2dd9f2ebe32f01406b71f60fdf125a2f -> 
  custom:scripting/monoscript/fileName/UmaDnaClip.cs: d25d60e8a1b45ad245a7aea01b3fadff -> 
  custom:scripting/monoscript/fileName/EnvPreset.cs: df5ebdadf19c1f7c0725661b4108508f -> 
  custom:scripting/monoscript/fileName/TextureMerge.cs: a5757dee0803265f18c1bc8c046ad436 -> 
  custom:scripting/monoscript/fileName/FPSWalkerEnhanced.cs: d2686931f9798825a9e41e7326af10ee -> 
  custom:scripting/monoscript/fileName/DNAEffector.cs: e6914c023c36c26b7f5ce5ba24dc39ba -> 
  custom:scripting/monoscript/fileName/UmaWardrobeTrack.cs: 5b272da9cdcedb5d17986692e3b04bf1 -> 
  custom:scripting/monoscript/fileName/GUIHelper.cs: 0d724e4ba4f8dec4184f24be7017a055 -> d29ec1b6faa47dc3c531ea76fa2fa9e6
  custom:scripting/monoscript/fileName/UMAClothPropertiesInspector.cs: 0ad4b81aaf8abf0fd7013df16c632717 -> 
  custom:scripting/monoscript/fileName/DNARangeAsset.cs: bfd2e732d3d5cda0a5fcc1f99cd98f5e -> 
  custom:scripting/monoscript/fileName/UMAAssetCollection.cs: b5b2120572f4916d7e88331cea475580 -> 
  custom:scripting/monoscript/fileName/MyListPool.cs: 90647cc400823b41df847a6cbfc29026 -> 
  custom:scripting/monoscript/fileName/OverlayDataAsset.cs: 9674bef9074017278ab7153360770c9f -> 
  custom:scripting/monoscript/fileName/WelcomeToUMA.cs: dcce3ba7dac1a1e329e6f6ee62853388 -> 
  custom:scripting/monoscript/fileName/WardrobeCollectionDemoUI.cs: 813cf9159ffe132a16dd7748cce95cf0 -> 
  custom:container-muxer-webm: aa71ff27fc2769a1b78a27578f13a17b -> 
  custom:scripting/monoscript/fileName/DropdownWithColor.cs: 21226236368cdff03cc121d35e33e85b -> 
  custom:scripting/monoscript/fileName/DNASliderHandler.cs: 2b975e307dcb4f2f15767941a8879ba6 -> 
  custom:scripting/monoscript/fileName/UMAUVAttachedItem.cs: aacb0e9a5d997226f4d6552e2fc0d9db -> 
  custom:scripting/monoscript/fileName/DynamicUMADnaAssetEditor.cs: 15b09f71de8117fb39aa91cfaf79a5db -> 
  custom:scripting/monoscript/fileName/ReadmeEditor.cs: ff7ced1e41c1b99ddf5dfefc88f6bd50 -> 
  custom:scripting/monoscript/fileName/IEditorScene.cs: 71d2d3a4726a934118c1473309a01421 -> 
  custom:scripting/monoscript/fileName/OverallScaleDNAConverterPlugin.cs: 37785b8fefca885d7efe2dea4f4c1c3c -> 
  custom:scripting/monoscript/fileName/UMARandomizer.cs: d7c08d322c81373afcdd0dccdbc747ef -> 
  custom:scripting/monoscript/fileName/ColliderDefinition.cs: 3a53fcece84b5fe15254a135a2a4b907 -> 
  custom:video-decoder-webm-vp8: 9c59270c3fd7afecdb556c50c9e8de78 -> 
  custom:scripting/monoscript/fileName/UMARecipeCrowd.cs: 54c4317cdf62b503457ed4f4baeb524c -> 
  custom:scripting/monoscript/fileName/RecalculationSlot.cs: 8d92d34df906b66ca9221c6be5a56110 -> 
  custom:scripting/monoscript/fileName/UmaColorClip.cs: e762e8f742d4fe9dde5555e076a2c66f -> 
  custom:scripting/monoscript/fileName/PhotoBooth.cs: 73db0c4214bcedddbf2ef0301eb943d3 -> 
  custom:scripting/monoscript/fileName/UMAGlobalForceApplier.cs: c7af6e7d09343723996ea96b5cd912b9 -> 
  custom:scripting/monoscript/fileName/DynamicExpressionList.cs: 0a92869ac563b2979158a446159b5fa4 -> 
  custom:scripting/monoscript/fileName/ConstructDCAFromScratch.cs: 8dc7787c3a35bf98f1b5411906444bbb -> 
  custom:scripting/monoscript/fileName/ExpressionSlotScript.cs: b36e8d2cabda775b654630d49e90d5d1 -> 
  custom:scripting/monoscript/fileName/EnvPresetSwitch.cs: 1cc12e5a3c54fa9c790f04a0c477a654 -> 
  custom:scripting/monoscript/fileName/DNAEditor.cs: 1f2abfc40e5f7141692095417626f81c -> 
  custom:scripting/monoscript/fileName/DynamicCharacterAvatarEditor.cs: 419ac5a9f8321ad7fccdd87b1c9ed453 -> 
  custom:scripting/monoscript/fileName/AvailableColorsHandler.cs: 2ceea2a39a9044cdb6cba1f8acf3d975 -> 
  custom:scripting/monoscript/fileName/OverlayColorDataPropertyDrawer.cs: 5edb8f9ec5ee5fc3fa9dc24327278097 -> 
  custom:SearchIndexIgnoredProperties: e643bd26f0fe6173181afceb89e7c659 -> 
  custom:scripting/monoscript/fileName/SlotLibrary.cs: 0da0e6419144b047711e15384dbc1c0d -> 
  custom:scripting/monoscript/fileName/EditModeExpressionPreview.cs: bca2bdfb338e670d3c9bdd5e6cd2688a -> 
  custom:scripting/monoscript/fileName/StandAloneDNA.cs: b1910ba987630de8e8ef641e6c0665fe -> 
  custom:scripting/monoscript/fileName/ColorHandler.cs: 8f443dd9f151f1f719ebd738d6cb8af3 -> 
  custom:scripting/monoscript/fileName/UmaColorTrackEditor.cs: 3639105bbd5cd91868d4ff1e50db0f20 -> 
  custom:scripting/monoscript/fileName/SlotLibraryEditor.cs: 4713937095db22c2787ffa504c8e93fc -> 
  custom:scripting/monoscript/fileName/ColorSchemeAssetInspector.cs: 30a0dfd3f74d06d367a5fdfc8b8a54d5 -> 
  custom:AudioImporter_EditorPlatform: d09bf68614088b80899f8185d706f6e7 -> 
  custom:scripting/monoscript/fileName/DynamicCharacterSystemEditor.cs: 24be00ff2545921c1ebd39a50a6e7d3c -> 
  custom:scripting/monoscript/fileName/LODDisplay.cs: a854e6df6ba1cfba73ebac4d80a48868 -> 
  custom:scripting/monoscript/fileName/UMAUVAttachedItemBlendshapeAdjuster.cs: 8220d720548d456fccd78fdc8f29c8e1 -> 
  custom:scripting/monoscript/fileName/pWardrobeRecipeEditor.cs: 0cdf409b5aa8d4c25876d72b5c6a3b60 -> 
  custom:scripting/monoscript/fileName/UmaAboutWindow.cs: 629480ba67cae035e4fb363b02013d43 -> 
  custom:scripting/monoscript/fileName/ClothHelper.cs: 0a4f012cdac591de0576f8e1a338df23 -> 
  custom:scripting/monoscript/fileName/UMADynamicCharacterAvatarRecipeEditor.cs: 3f69c3168e66682eee886d869f9e8b6e -> 
  custom:scripting/monoscript/fileName/UMAMountedItem.cs: 4f5274cfff75be0ffab6f2dc6e1bf75c -> 
  custom:scripting/monoscript/fileName/Preloader.cs: e62fc63f994018c6c087ab2a192e2d8b -> 
  custom:scripting/monoscript/fileName/SaveAndLoadSample.cs: 7a44f0c23379b4f35bb66f08dfdbd51d -> 
  custom:scripting/monoscript/fileName/ClothHelperEditor.cs: bd394e556d1016d268483e8588c28661 -> 
  custom:scripting/monoscript/fileName/UMAFavorite.cs: b2121bd978afa4e4e2a65d4cbb289529 -> 
  custom:scripting/monoscript/fileName/InteractiveWindow.cs: 2acdc8755469425d7f06e0074dd38739 -> 
  custom:scripting/monoscript/fileName/SkeletonModifier.cs: fd28b14e44a310e3469cc87074cb3025 -> 
  custom:scripting/monoscript/fileName/UMAObjExporter.cs: 12f42fc4fba91bc71bf35f049e258269 -> 
  custom:scripting/monoscript/fileName/MeshHideInspector.cs: 4bb55cc120fc0c12f2d7ccb3e96fca9b -> 
  custom:scripting/monoscript/fileName/UMAPostProcess.cs: 02f28fb63844bb8270d01935f609f8cd -> 
  custom:scripting/monoscript/fileName/UMAAvatarLoadSaveMenuItems.cs: 4441393304752b46499c62406e37b7fc -> 
  custom:scripting/monoscript/fileName/UMAMouseOrbitImproved.cs: 303f4a83bb57d70d7e5afc768a19cb85 -> 
  custom:scripting/monoscript/fileName/DynamicOverlayLibraryEditor.cs: c92d9401f4903c8d21243ded58d81ee1 -> 
  custom:scripting/monoscript/fileName/UMAWardrobeRecipe.cs: cf3329a4aab88bff47c92b6014380f3a -> 
  custom:scripting/monoscript/fileName/UMAPhysicsAvatar.cs: e47bbe668c2fe587b94a70b1d5e192ea -> 
  custom:scripting/monoscript/fileName/HumanoidDNAConverterBehaviour.cs: 48733b359a0a11b506b48b7d54e0dfd2 -> 
  custom:scripting/monoscript/fileName/DynamicUMADnaAsset.cs: 1b5a1c90af646d9945837bcfe36c72ef -> 
  custom:scripting/monoscript/fileName/UMASettings.cs: 2ad8db19091104384d47b5231fe4d6c0 -> 
  custom:scripting/monoscript/fileName/DynamicUMADna.cs: 65d5f8253be6f15bea7a26709c34ae75 -> 
  custom:scripting/monoscript/fileName/UMABonePoseEditorContext.cs: ab7763119fc955150cc41f8d66a87f9d -> 
  custom:scripting/monoscript/fileName/UMAMaterialInspector.cs: dfb8c23f0b470ebc4bc6ac5ee665784f -> 
  custom:scripting/monoscript/fileName/UMACrowdRandomSet.cs: 9f84f48d0a1f4bb6ee7b48730f38e130 -> 
  custom:scripting/monoscript/fileName/IColorSelector.cs: 2339a7ab0f0a99ff2dddbe950711793a -> 
  custom:scripting/monoscript/fileName/VertexAdjustmentCollection.cs: 1511bc2bc8b4b3487863a3afee09b75a -> 
  custom:scripting/monoscript/fileName/UmaRaceClip.cs: aec6ddbc0f6acd5f5cc70a2ccf1ecdc3 -> 
  custom:scripting/monoscript/fileName/DisplayListWindow.cs: 6365030e4499970245d70d80c3a90780 -> 
  custom:scripting/monoscript/fileName/DNAConverterField.cs: 7c5f766c46e95231488074152598ce3f -> 
  custom:scripting/monoscript/fileName/DynamicCharacterSystem.cs: f96cb30f7dbddfab3616e0b8ae831122 -> 
  custom:scripting/monoscript/fileName/SerializedPropertyExtensions.cs: 23dd8e889fd764d7f6724efaed182f3a -> 
  custom:scripting/monoscript/fileName/InspectorButton.cs: 8c6c7e1b6d90211158326baffd779cf2 -> 
  custom:scripting/monoscript/fileName/UMAGeneratorGlibEditor.cs: e3dd6bc008386294d14c63241a3f05be -> 
  custom:scripting/monoscript/fileName/DynamicCharacterSystemBase.cs: 2456bea76faaf56d71f7890291a8992d -> 
  custom:scripting/monoscript/fileName/UMAPlayOnAwake.cs: ea74d879b178158a1ccd1bf7857bb8c9 -> 
  custom:scripting/monoscript/fileName/UmaTPoseInspector.cs: 993a6cad702aec03936d2f401e61f0a6 -> 
  custom:scripting/monoscript/fileName/UMAGeneratorEditor.cs: f03518b78ec4d74e86b6d4bce1b23aaa -> 
  custom:scripting/monoscript/fileName/CustomPreviewStage.cs: 11fc2387f926c0c2fc36c1b47eb46ecd -> 
  custom:scripting/monoscript/fileName/UMAExpressionSetInspector.cs: 4805ee078f73fb5fcf8f3ffa695a131d -> 
  custom:scripting/monoscript/fileName/DNAEvaluationGraphPresetLibrary.cs: 6d9e3baf957804e7703d28909c285ea6 -> 
  custom:scripting/monoscript/fileName/UMAWelcomeScenesEditor.cs: b9a62de40579f956b978ddb4a401f8a0 -> 
  custom:scripting/monoscript/fileName/SeamRemoval.cs: 0e016d120b49c05941065f9ef0be62e4 -> 
  custom:scripting/monoscript/fileName/UMADynamicBoneJiggle.cs: e50d63855e011cc451223a9cfdc184bc -> 
  custom:scripting/monoscript/fileName/DynamicDNAPlugin.cs: 03a573e152f92d23bc542c40848c71d3 -> 
  custom:scripting/monoscript/fileName/ColorPickerGUI.cs: 3b3b2f84bcee6cffd12812d6e69f629f -> 
  custom:scripting/monoscript/fileName/UMA_JiggleElement.cs: 74e54a7c0c920430b938bf9cfc0c42d9 -> 
  custom:scripting/monoscript/fileName/FileUtils.cs: 63e62842badc837cd4f0561dafc0d755 -> 
  custom:scripting/monoscript/fileName/UMAPhysicsElement.cs: f2623c6490e2be88995e139e72f5a810 -> 
  custom:scripting/monoscript/fileName/UMAWebGLSetup.cs: 3dde4607c6fb257296de4fe8a205f323 -> 
  custom:scripting/monoscript/fileName/PreviewWindow.cs: 53ff858c55f6e5e10f9d30f83fac734b -> 
  custom:scripting/monoscript/fileName/MouseLook.cs: a364a816c5a70eac40dd93c32c47709b -> 02bafd22af827e561c2131ae88bbd075
  custom:scripting/monoscript/fileName/UMARecipeMixer.cs: 47106181a1f9a7892f3541817c0607d4 -> 
  custom:scripting/monoscript/fileName/EnumFlagsAttribute.cs: 35fae2b96d6fee5c0fa3788d54fd2493 -> 
  custom:scripting/monoscript/fileName/UMAWardrobeRecipeEditor.cs: ba21b9d2f458e6fb9d7385abd2eb9ff3 -> 
  custom:scripting/monoscript/fileName/UMA_JiggleButt.cs: 94ecf42a7178deae052f9d6443a6dea3 -> 
  custom:scripting/monoscript/fileName/MeshModifier.cs: 7c1780adc6c94172ec4ad5d66643ebcb -> 
  custom:scripting/monoscript/fileName/ColorDNAConverterPropertyDrawers.cs: a91fa6d72a10441d9b2e78497d855387 -> 
  custom:scripting/monoscript/fileName/UMAPhysicsSlotDefinition.cs: c68c5daa8a6602857129194e5de56367 -> 
  custom:scripting/monoscript/fileName/UMAGenericPopupSelection.cs: d1433b7b8bb92788613dec5fc49abb30 -> 
  custom:scripting/monoscript/fileName/IDynamicExpression.cs: a5ba58e8f7fd6b6988831bc1d383b2f5 -> 
  custom:scripting/monoscript/fileName/OverlayDataAssetInspector.cs: c30a0bf1979891b0d8d2a6fd0a938ebe -> 
  custom:scripting/monoscript/fileName/TextureCombiner.cs: e8d8e8e814c2fc0909c2139b8897bb7e -> 
  custom:scripting/monoscript/fileName/UmaDnaTrack.cs: 04cb4080c73a29cd1bc919ed537fe36a -> 
  custom:scripting/monoscript/fileName/ExpressionPlayer.cs: 068efb5e8c68ab7a8de3c4a2c1c4078b -> 
  custom:scripting/monoscript/fileName/UMAChannelCombiner.cs: 5beda8700a15cea103c4314b1095efe4 -> 
  custom:scripting/monoscript/fileName/DynamicDNAConverterController.cs: de41c61552cebae012827320d5ef2de8 -> 
  custom:scripting/monoscript/fileName/SharedColorTableEditor.cs: 8b1d7c7c6304bc57610913cb9885d06a -> 
  custom:scripting/monoscript/fileName/UMAPhysicsAvatarEditor.cs: 837a4e2c04ec7729b5a7a2ede24d41ad -> 
  custom:scripting/monoscript/fileName/OverlayLibraryEditor.cs: e49e29aa25700a7581ac8df95ed13290 -> 
  custom:scripting/monoscript/fileName/OverlayLibraryBase.cs: ca4f0d3597d80b240e670811997679bc -> 
  custom:scripting/monoscript/fileName/UMADefaultMeshCombiner.cs: c45b6e03ac843c393626170fcd8ca1b6 -> 
  custom:scripting/monoscript/fileName/ShaderPackageImporterEditor.cs: 06f789fa7be74db4c17968ebf834f9d8 -> 
  custom:scripting/monoscript/fileName/TreeModel.cs: 90647cc400823b41df847a6cbfc29026 -> 
  custom:scripting/monoscript/fileName/FPSCounter.cs: 9c8b395bab3714e78baa59d2fab75d3c -> 
  custom:scripting/monoscript/fileName/UMASimpleLODEditor.cs: 70034b0b5ded45ad515caa814ac4a938 -> 
  custom:scripting/monoscript/fileName/NewUMAGUI.cs: 99e96c83e1ae7855b8d84cb1053d4c80 -> 
  custom:scripting/monoscript/fileName/ConstructDCAFromAPrefab.cs: 9db8dc9d5343a4fd0bbd0c78a2414d1d -> 
  custom:scripting/monoscript/fileName/AssetTreeElement.cs: f83bf6a2a982eaa43c0f49052e20bf46 -> 
  custom:scripting/monoscript/fileName/DynamicRaceLibrary.cs: 34c0385d146d94554f2f55f1e7db7c48 -> 
  custom:scripting/monoscript/fileName/IUMAEventHookup.cs: a1eeb3a084495e02bd8394c8429dc8cb -> 
  custom:scripting/monoscript/fileName/SkinnedMeshAligner.cs: 980f31f70efe1442a17b7ddb523ed06f -> 
  custom:scripting/monoscript/fileName/UMASimpleLOD.cs: eea0fe7ec4764a910c64cfef247c8574 -> 
  custom:scripting/monoscript/fileName/INameProvider.cs: 786b9a95e4146f3cafddef3d19c0262e -> 
  custom:scripting/monoscript/fileName/UMABoneCleaner.cs: f5eaca84475952258357c5404eb70f37 -> 
  custom:scripting/monoscript/fileName/UmaSlotBuilderWindow.cs: 1c930615742655ca40b03094d36046d5 -> 
  custom:scripting/monoscript/fileName/SpeedCheck.cs: 54d1baab5c6760fad0bd635587675545 -> 
  custom:scripting/monoscript/fileName/GeometrySelector.cs: f4b0a4438609550aaa4bee0e7b8ce1c0 -> 
  custom:scripting/monoscript/fileName/pUMATextRecipe.cs: 5e2ab9cfe81e04de31d18dbafae66b8c -> 
  custom:scripting/monoscript/fileName/RenderTexToCPU.cs: 2e485faf88447d47bb7891be73e15cfb -> 
  custom:scripting/monoscript/fileName/EnumExtensions.cs: aef4f61f974f9e10f719873723b9d6ec -> 872fcb89b813d64606e680211dede528
  custom:scripting/monoscript/fileName/RaceLibrary.cs: c5c4802823848f33569477f3cb11b5cb -> 
  custom:scripting/monoscript/fileName/UMASlotVerifyWizard.cs: 0b8a5f2824350963e8debf4e461b9cee -> 
  custom:scripting/monoscript/fileName/UMABonePoseEditor.cs: 9f907287d58b8120de0b228c03910c62 -> 
  custom:video-encoder-webm-vp8: eb34c28f22e8b96e1ab97ce403110664 -> 
  custom:scripting/monoscript/fileName/LogToText.cs: 5f21700d4586c84e97d163ae8313f04b -> 
  custom:scripting/monoscript/fileName/UMARandomizerEditor.cs: 3938b03220edb5ad0ec75745ba2459ff -> 
  custom:scripting/monoscript/fileName/SwayBone.cs: d6c06726aed14b10097052addd5a3f62 -> 
  custom:scripting/monoscript/fileName/SmoothMouseLook.cs: 873dbd5cf57037779b978a5baa117678 -> 
  custom:scripting/monoscript/fileName/UMAPhysicsSlotEditor.cs: 485f66e39776b6296177641af3d9cdf3 -> 
  custom:scripting/monoscript/fileName/UMAAssetFieldVisible.cs: f9b259d7c53c9eb3a1735e62b476f8fa -> 
  custom:scripting/monoscript/fileName/UMA_JiggleBreasts.cs: c5aaae757e5dbd9de9312f5e9c8b4a5e -> 
  custom:scripting/monoscript/fileName/RaceAnimatorListPropertyDrawer.cs: 96c003ef61893a6cf6e33f486ecc9583 -> 
  custom:scripting/monoscript/fileName/PopupAssetInspector.cs: 01cf53c92eecbee121d8744fe2439ea2 -> 
  custom:audio-decoder-ogg-vorbis: bf7c407c2cedff20999df2af8eb42d56 -> 
  custom:scripting/monoscript/fileName/TreeElementUtility.cs: 54dee75625b3fbb9cbec7969c750e8cc -> 
  custom:scripting/monoscript/fileName/WardrobeCollectionDemoBtn.cs: 6b3c7c2fabf39d88ae00c812043a5e75 -> 
  custom:scripting/monoscript/fileName/UMAAssetCollectionEditor.cs: 1319385bc72dcc49f41aaf6291489952 -> 
  custom:scripting/monoscript/fileName/DynamicRaceLibraryEditor.cs: 92d5c19d0050732891000e04d46a15be -> 
  custom:scripting/monoscript/fileName/UMAGeneratorStub.cs: 8a625632c20f0c2d7aa7d3c1935d1607 -> 
  custom:scripting/monoscript/fileName/TreeViewWithTreeModel.cs: 0cdf409b5aa8d4c25876d72b5c6a3b60 -> 
  custom:scripting/monoscript/fileName/DynamicOverlayLibrary.cs: 556d47bc827eda245a06a096e9cdd45b -> 
  custom:scripting/monoscript/fileName/TreeElement.cs: 3819718650101ed8174da82864567d10 -> 
  custom:scripting/monoscript/fileName/UMAGeneratorPro.cs: 631a707b2190174a6b57186b57a665b6 -> 
  custom:scripting/monoscript/fileName/UMAPackedRecipeBase.cs: 6d6267ea4cbc13afb207a5211bc1e5c4 -> 
  custom:scripting/monoscript/fileName/UMAMeshData.cs: 3193dbfe081452e796120bc2758376e7 -> 
  custom:scripting/monoscript/fileName/ActiveObjectSwitcher.cs: 53ebf0e7200b4ef778df5a6cf15197cb -> 
  custom:scripting/monoscript/fileName/UMAGeneratorBuiltin.cs: 9dd77b74a6641823ff5cebba0a3ecec0 -> 
  custom:scripting/monoscript/fileName/SlotToMesh.cs: fc949e98e4254f1513da8d2a614e6bb3 -> 
  custom:scripting/monoscript/fileName/pUMAAssetIndexer.cs: 90647cc400823b41df847a6cbfc29026 -> 
  custom:scripting/monoscript/fileName/ItemEffector.cs: a6c7940b58b7f01fd3d57cd4d7ef820a -> 
  custom:scripting/monoscript/fileName/PowerToolsIntegration.cs: 0088fb368ac019d493588f7d04b79d89 -> 
  custom:scripting/monoscript/fileName/UMALODConversionSetEditor.cs: 4f913f69c8af0f6c759e9cdb1c564c68 -> 
  custom:scripting/monoscript/fileName/UMAUVAttachedItemManager.cs: c82432d1e87975810ff2853a7309dad4 -> 
  custom:scripting/monoscript/fileName/UMAAvatarBase.cs: 33985a8e9922a574158833936f4b6e9a -> 
  custom:scripting/monoscript/fileName/DNARangeInspector.cs: 87b785675427978a4472fafb91e6dfdb -> 
  custom:scripting/monoscript/fileName/UMAUtils.cs: 4da54b8fad1dbf6a7678e52087295bad -> 
  custom:scripting/monoscript/fileName/DNAConverterListPropertyDrawer.cs: 40119da9c572297b7db3eaba40173744 -> 
  custom:scripting/monoscript/fileName/UMAUpdateProcessor.cs: 24d611e88551d21edf27e49196067cd6 -> 
  custom:scripting/monoscript/fileName/UMARendererAsset.cs: 0d4ce87561d157c2540c17b1f42e3d64 -> 
  custom:scripting/monoscript/fileName/DecalEditor.cs: 732928e1c5567a37b2f6d3776f579be5 -> 
  custom:scripting/monoscript/fileName/DNAEvaluationGraphPresetLibraryInspector.cs: 82ffb8ea472d4d16f8eb61f2930c6fd8 -> 
  custom:scripting/monoscript/fileName/UMADynamicAvatar.cs: dd3845b84bfe75793521684e64d1970c -> 
  custom:scripting/monoscript/fileName/UMADna_Generated.cs: df8e117b63cfd2561a1c381a0f5706ea -> 
  custom:scripting/monoscript/fileName/UMAResourceNotFoundException.cs: c56df80791210e4b85aaf5f1ccab49a9 -> 
  custom:scripting/monoscript/fileName/UmaRaceBehaviour.cs: 956f8e2495c6eeb93fe906ffb1c52ec0 -> 
  custom:scripting/monoscript/fileName/DynamicUMADnaBase.cs: 1dff3148eb0a83152bd0de6cbdee00c9 -> 
  custom:scripting/monoscript/fileName/BRDFLookupTexture.cs: 914cde7f86a7c1c488f6412eca7f9787 -> 
  custom:scripting/monoscript/fileName/ExpressionPlayerInspector.cs: ac5a3679a748cd7116dd68176808a88b -> 
  custom:scripting/monoscript/fileName/OverlayInspector.cs: bad27a29619cbcf89cafcb0b3da6892a -> 
  custom:scripting/monoscript/fileName/UMAExpressionSet.cs: 071c4208986d1c246d9fc6a68ebaded9 -> 
  custom:scripting/monoscript/fileName/MeshModifierEditor.cs: 37e10ad396c5cd2786ccca383a2d1750 -> 
  custom:scripting/monoscript/fileName/UMA_JiggleBelly.cs: 957c5d66dc7812b2ae5f406fd55d6017 -> 
  custom:scripting/monoscript/fileName/UMAExpressionPlayer.cs: 09c13b19144b932f5b835eda01ef2cf5 -> 
  custom:scripting/monoscript/fileName/UMAMountedItemSample.cs: 2b8f19dad10496381f2fc96050be8219 -> 
  custom:scripting/monoscript/fileName/UmaColorMixerBehaviour.cs: 19ad19478ac67fd1ed29a1ad3e805c1c -> 
  custom:scripting/monoscript/fileName/UMAUVAttachedItemPreprocessor.cs: 74bc375d3ffa70b28275db137c9d3350 -> 
  custom:scripting/monoscript/fileName/UMAUVAttachedItemLauncher.cs: 1f5707965ee4b1eb5a34d1656697725a -> 
  custom:scripting/monoscript/fileName/TestCustomizerDD.cs: 629f22e091bbd8791cab6df25b2b58a6 -> 
  custom:scripting/monoscript/fileName/Locomotion.cs: 30e74cbd7f2eaa8db862947eab187352 -> 
  custom:scripting/monoscript/fileName/RaceLibraryBase.cs: e5d9a0846e126f44453e8ae7fea2ea66 -> 
  custom:scripting/monoscript/fileName/AvatarDefinition.cs: aee6969321f95026de7fb416eb0beccd -> 
  custom:scripting/monoscript/fileName/IUMAAddressablePlugin.cs: b6e6f0ab7bef81d5ac8623d814aef662 -> 
  custom:scripting/monoscript/fileName/UMAColorFader.cs: bc91112d554ba9a8f7c8d7f5bb602b5b -> 
  custom:scripting/monoscript/fileName/UMACharacterCustomization.cs: 6309278b418a30aac6728102add55b57 -> 
  custom:scripting/monoscript/fileName/UMATextureCombiner.cs: 8421194fff2018667513dc6b8ba01a3b -> 
  custom:scripting/monoscript/fileName/IDNAConverter.cs: b4c67ac01788d30fdeb9beb395da98e8 -> 
  custom:scripting/monoscript/fileName/UMADNAToBonePoseWindow.cs: c560833e1d469322f5db998e5806d700 -> 
  custom:scripting/monoscript/fileName/DnaConverterBehaviour.cs: 861f735a3231a0387a965aa738fa39c4 -> 
  custom:scripting/monoscript/fileName/CSColorChangerDD.cs: a6f84f4f90d405def2b9cdc480bc5d5e -> 
  custom:scripting/monoscript/fileName/UmaColorBehaviour.cs: 94ae4163a6d9a55b6ee28929f4f233fe -> 
  custom:scripting/monoscript/fileName/OverlayData.cs: 4ed8f6e0f5b517c36bbbe115bdb58808 -> 
  custom:scripting/monoscript/fileName/SRPAdjuster.cs: 9500caf996d8fad34e73462ed8a1755c -> 
  custom:scripting/monoscript/fileName/CapsuleColliderSlotScript.cs: 34c7d6b3c68fb059e66f667c8f58eee6 -> 
  custom:scripting/monoscript/fileName/UMADNAHelperTools.cs: c80b0db54a47e6a59fd1f8b2624317c0 -> 
  custom:scripting/monoscript/fileName/ShaderPackagePostProcessor.cs: 74998fb3237666b26c16c3ffbc5f6f1d -> 
  custom:audio-encoder-webm-vorbis: bf7c407c2cedff20999df2af8eb42d56 -> 
  custom:scripting/monoscript/fileName/MaxRectsBinPack.cs: b29c113a01f21bc93d0f3ef2c5d0a61c -> 
  custom:scripting/monoscript/fileName/DynamicExpressionBonePose.cs: 0c52bbe3b21990224937db4e60b659b4 -> 
  custom:scripting/monoscript/fileName/UMALODDemoScript.cs: cc5649334f76a34eaec5bb78d906a345 -> 
  custom:scripting/monoscript/fileName/UMAFavoriteWindow.cs: a2c9fd7d112c129fe060df449ad336c3 -> 
  custom:scripting/monoscript/fileName/Rotator.cs: d89a0d253809f9121d3d8b83de3166a0 -> 
  custom:scripting/monoscript/fileName/DynamicDNAConverterControllerPropertyDrawer.cs: 460329574a590ba2ecbcaef2b43b1602 -> 
  custom:scripting/monoscript/fileName/SkinnedMeshCombiner.cs: b60c0206b4dfcc7f3fec0d917aa6a32e -> 
  custom:scripting/monoscript/fileName/transformdeepchildextension.cs: 67e708fff7b31d428ec401404dae0d83 -> 
  custom:scripting/monoscript/fileName/UMAGlobalContext.cs: 6edd8e6e2df93ec66d63402278929ca7 -> 
  custom:scripting/monoscript/fileName/UMADnaTweaker.cs: 59202901b81b8d568425f2b249a273d8 -> 
  custom:scripting/monoscript/fileName/UmaWardrobeClip.cs: 22eee0fa3af1faba5d09f78472260360 -> 
  custom:scripting/monoscript/fileName/TwistBones.cs: 7536849104c42772737e6f5e648ac722 -> 
  custom:scripting/monoscript/fileName/UmaDnaMixerBehaviour.cs: 1e014093ffde8aa2469af0b09e9e7c1c -> 
  custom:scripting/monoscript/fileName/UMANormalViewer.cs: b96e498781386f1a439ab1ac9bfaf071 -> 
  custom:scripting/monoscript/fileName/DNAEvaluationGraph.cs: 8de93b4b0f55275b35ce67c6b634e1c7 -> 
  custom:scripting/monoscript/fileName/UMARecipeBase.cs: ef6b95d4e1172e59c2d3f1d6f7fede38 -> 
  custom:scripting/monoscript/fileName/UmaTPose.cs: 88782b7fc85b7be25dae52074e0d6ccb -> 
  custom:scripting/monoscript/fileName/ImportProcessor.cs: cdee403c54d658ac8409dd652b2d1ae7 -> 
  custom:scripting/monoscript/fileName/ForearmTwistSlotScript.cs: 62b4a38c199f128aa27c3586314c59a5 -> 
  custom:scripting/monoscript/fileName/UMADnaTutorial.cs: f6970cc8a4309337062fc009fc3136a7 -> 
  custom:scripting/monoscript/fileName/SceneLoader.cs: cae4e9c1d887c32c8ec8308c0f1acb66 -> 
  custom:scripting/monoscript/fileName/DynamicSlotLibrary.cs: fa184b08f85e4f5d4bc4b12249691fc8 -> 
  custom:scripting/monoscript/fileName/CameraTrack.cs: b67b615a9aee9854cb11aca7c081c14f -> 
  custom:scripting/monoscript/fileName/ConvertToSubstance.cs: 66bc718956c8a898cdb9de7da592dfcb -> 
  custom:scripting/monoscript/fileName/UMACrowd.cs: 9e06de634c082113d5e505fb08660989 -> 
  custom:scripting/monoscript/fileName/UMAContext.cs: ab7ffcd51b36767ad34fca4eda0d9c8c -> 
  custom:scripting/monoscript/fileName/DNAConverterList.cs: c9763b0ffb3d45bb8b8fbae744a922df -> 
  custom:scripting/monoscript/fileName/EnvPresetChooserEd.cs: f82f0750314e5eb4ba7a4dbb75069531 -> 
  custom:scripting/monoscript/fileName/GeometrySelectorWindow.cs: 58a931072d8b22d04a81ec32adffddc4 -> 
  custom:scripting/monoscript/fileName/SimpleCameraController.cs: 639b45e76fa5fda920a92b90c69d9e74 -> 
  custom:scripting/monoscript/fileName/MobileAddressablesSampleCode.cs: 2acee02fb99405de20ebd4a468683c33 -> 
  custom:scripting/monoscript/fileName/UMAWardrobeCollectionEditor.cs: a2d1200ed872aad112cbb4460473e506 -> 
  custom:scripting/monoscript/fileName/pRaceData.cs: 94f8e54b68df661c8d45e8cea71cf2f5 -> 
  custom:scripting/monoscript/fileName/PhotoBoothInspector.cs: bff18cffdcf8895860480b3146ec5116 -> 
  custom:scripting/monoscript/fileName/IUMARecipePlugin.cs: 965b4d2019f24af5f221c45edaa547aa -> 
  custom:scripting/monoscript/fileName/UMAMountedItemEditor.cs: 79d0258c8c6ea7450316d93a0546ccea -> 
  custom:scripting/monoscript/fileName/UMAWelcomeScenes.cs: 65ef4999eae8c907514578d0e09b3744 -> 
Editor requested this worker to shutdown with reason: Scaling down because of idle timeout
TcpMessagingSession - receive error: operation aborted. errorcode: 995, details: ƒXƒŒƒbƒh‚ÌI—¹‚Ü‚½‚ÍƒAƒvƒŠƒP[ƒVƒ‡ƒ“‚Ì—v‹‚É‚æ‚Á‚ÄAI/O ˆ—‚Í’†~‚³‚ê‚Ü‚µ‚½B
AssetImportWorker is now disconnected from the server
Process exiting
Exiting without the bug reporter. Application will terminate with return code 0