Using pre-set license
Built from '2022.3/respin/2022.3.62f2-4af31df585-v2' branch; Version is '2022.3.62f3 (96770f904ca7) revision 9860879'; Using compiler version '192829333'; Build Type 'Release'
OS: 'Windows 11  (10.0.26200) 64bit Professional' Language: 'ja' Physical Memory: 32486 MB
BatchMode: 1, IsHumanControllingUs: 0, StartBugReporterOnCrash: 0, Is64bit: 1, IsPro: 1

COMMAND LINE ARGUMENTS:
C:\Program Files\Unity\Hub\Editor\2022.3.62f3\Editor\Unity.exe
-adb2
-batchMode
-noUpm
-name
AssetImportWorker29
-projectPath
D:/個人製作２/Infinite Arsenal/Infinite Arsenal
-logFile
Logs/AssetImportWorker29.log
-srvPort
52912
Successfully changed project path to: D:/個人製作２/Infinite Arsenal/Infinite Arsenal
D:/個人製作２/Infinite Arsenal/Infinite Arsenal
[UnityMemory] Configuration Parameters - Can be set up in boot.config
    "memorysetup-bucket-allocator-granularity=16"
    "memorysetup-bucket-allocator-bucket-count=8"
    "memorysetup-bucket-allocator-block-size=33554432"
    "memorysetup-bucket-allocator-block-count=8"
    "memorysetup-main-allocator-block-size=16777216"
    "memorysetup-thread-allocator-block-size=16777216"
    "memorysetup-gfx-main-allocator-block-size=16777216"
    "memorysetup-gfx-thread-allocator-block-size=16777216"
    "memorysetup-cache-allocator-block-size=4194304"
    "memorysetup-typetree-allocator-block-size=2097152"
    "memorysetup-profiler-bucket-allocator-granularity=16"
    "memorysetup-profiler-bucket-allocator-bucket-count=8"
    "memorysetup-profiler-bucket-allocator-block-size=33554432"
    "memorysetup-profiler-bucket-allocator-block-count=8"
    "memorysetup-profiler-allocator-block-size=16777216"
    "memorysetup-profiler-editor-allocator-block-size=1048576"
    "memorysetup-temp-allocator-size-main=16777216"
    "memorysetup-job-temp-allocator-block-size=2097152"
    "memorysetup-job-temp-allocator-block-size-background=1048576"
    "memorysetup-job-temp-allocator-reduction-small-platforms=262144"
    "memorysetup-allocator-temp-initial-block-size-main=262144"
    "memorysetup-allocator-temp-initial-block-size-worker=262144"
    "memorysetup-temp-allocator-size-background-worker=32768"
    "memorysetup-temp-allocator-size-job-worker=262144"
    "memorysetup-temp-allocator-size-preload-manager=33554432"
    "memorysetup-temp-allocator-size-nav-mesh-worker=65536"
    "memorysetup-temp-allocator-size-audio-worker=65536"
    "memorysetup-temp-allocator-size-cloud-worker=32768"
    "memorysetup-temp-allocator-size-gi-baking-worker=262144"
    "memorysetup-temp-allocator-size-gfx=262144"
Player connection [20816]  Target information:

Player connection [20816]  * "[IP] 10.219.32.102 [Port] 0 [Flags] 2 [Guid] 4105918841 [EditorId] 4105918841 [Version] 1048832 [Id] WindowsEditor(7,KIC-GAME-B-02) [Debug] 1 [PackageName] WindowsEditor [ProjectName] Editor" 

Player connection [20816] Host joined multi-casting on [225.0.0.222:54997]...
Player connection [20816] Host joined alternative multi-casting on [225.0.0.222:34997]...
Input System module state changed to: Initialized.
[PhysX] Initialized MultithreadedTaskDispatcher with 24 workers.
Refreshing native plugins compatible for Editor in 5.61 ms, found 6 plugins.
Preloading 0 native plugins for Editor in 0.00 ms.
Initialize engine version: 2022.3.62f3 (96770f904ca7)
[Subsystems] Discovering subsystems at path C:/Program Files/Unity/Hub/Editor/2022.3.62f3/Editor/Data/Resources/UnitySubsystems
[Subsystems] Discovering subsystems at path D:/個人製作２/Infinite Arsenal/Infinite Arsenal/Assets
GfxDevice: creating device client; threaded=0; jobified=0
Direct3D:
    Version:  Direct3D 11.0 [level 11.1]
    Renderer: NVIDIA GeForce RTX 4060 Ti (ID=0x2803)
    Vendor:   NVIDIA
    VRAM:     7949 MB
    Driver:   32.0.16.1060
Initialize mono
Mono path[0] = 'C:/Program Files/Unity/Hub/Editor/2022.3.62f3/Editor/Data/Managed'
Mono path[1] = 'C:/Program Files/Unity/Hub/Editor/2022.3.62f3/Editor/Data/MonoBleedingEdge/lib/mono/unityjit-win32'
Mono config path = 'C:/Program Files/Unity/Hub/Editor/2022.3.62f3/Editor/Data/MonoBleedingEdge/etc'
Using monoOptions --debugger-agent=transport=dt_socket,embedding=1,server=y,suspend=n,address=127.0.0.1:56424
Begin MonoManager ReloadAssembly
Registering precompiled unity dll's ...
Register platform support module: C:/Program Files/Unity/Hub/Editor/2022.3.62f3/Editor/Data/PlaybackEngines/WindowsStandaloneSupport/UnityEditor.WindowsStandalone.Extensions.dll
Registered in 0.003241 seconds.
- Loaded All Assemblies, in  0.199 seconds
Native extension for WindowsStandalone target not found
Mono: successfully reloaded assembly
- Finished resetting the current domain, in  0.154 seconds
Domain Reload Profiling: 352ms
	BeginReloadAssembly (61ms)
		ExecutionOrderSort (0ms)
		DisableScriptedObjects (0ms)
		BackupInstance (0ms)
		ReleaseScriptingObjects (0ms)
		CreateAndSetChildDomain (0ms)
	RebuildCommonClasses (20ms)
	RebuildNativeTypeToScriptingClass (6ms)
	initialDomainReloadingComplete (32ms)
	LoadAllAssembliesAndSetupDomain (78ms)
		LoadAssemblies (60ms)
		RebuildTransferFunctionScriptingTraits (0ms)
		AnalyzeDomain (77ms)
			TypeCache.Refresh (76ms)
				TypeCache.ScanAssembly (68ms)
			ScanForSourceGeneratedMonoScriptInfo (0ms)
			ResolveRequiredComponents (0ms)
	FinalizeReload (154ms)
		ReleaseScriptCaches (0ms)
		RebuildScriptCaches (0ms)
		SetupLoadedEditorAssemblies (127ms)
			LogAssemblyErrors (0ms)
			InitializePlatformSupportModulesInManaged (6ms)
			SetLoadedEditorAssemblies (5ms)
			RefreshPlugins (0ms)
			BeforeProcessingInitializeOnLoad (1ms)
			ProcessInitializeOnLoadAttributes (88ms)
			ProcessInitializeOnLoadMethodAttributes (28ms)
			AfterProcessingInitializeOnLoad (0ms)
			EditorAssembliesLoaded (0ms)
		ExecutionOrderSort2 (0ms)
		AwakeInstancesAfterBackupRestoration (0ms)
========================================================================
Worker process is ready to serve import requests
Caller must complete domain reload
Begin MonoManager ReloadAssembly
- Loaded All Assemblies, in  0.384 seconds
Native extension for WindowsStandalone target not found
Mono: successfully reloaded assembly
- Finished resetting the current domain, in  0.873 seconds
Domain Reload Profiling: 1256ms
	BeginReloadAssembly (81ms)
		ExecutionOrderSort (0ms)
		DisableScriptedObjects (3ms)
		BackupInstance (0ms)
		ReleaseScriptingObjects (0ms)
		CreateAndSetChildDomain (12ms)
	RebuildCommonClasses (20ms)
	RebuildNativeTypeToScriptingClass (6ms)
	initialDomainReloadingComplete (24ms)
	LoadAllAssembliesAndSetupDomain (252ms)
		LoadAssemblies (173ms)
		RebuildTransferFunctionScriptingTraits (0ms)
		AnalyzeDomain (126ms)
			TypeCache.Refresh (108ms)
				TypeCache.ScanAssembly (99ms)
			ScanForSourceGeneratedMonoScriptInfo (14ms)
			ResolveRequiredComponents (3ms)
	FinalizeReload (873ms)
		ReleaseScriptCaches (0ms)
		RebuildScriptCaches (0ms)
		SetupLoadedEditorAssemblies (789ms)
			LogAssemblyErrors (0ms)
			InitializePlatformSupportModulesInManaged (4ms)
			SetLoadedEditorAssemblies (3ms)
			RefreshPlugins (0ms)
			BeforeProcessingInitializeOnLoad (43ms)
			ProcessInitializeOnLoadAttributes (695ms)
			ProcessInitializeOnLoadMethodAttributes (41ms)
			AfterProcessingInitializeOnLoad (3ms)
			EditorAssembliesLoaded (0ms)
		ExecutionOrderSort2 (0ms)
		AwakeInstancesAfterBackupRestoration (4ms)
Launched and connected shader compiler UnityShaderCompiler.exe after 0.02 seconds
Refreshing native plugins compatible for Editor in 2.74 ms, found 6 plugins.
Preloading 0 native plugins for Editor in 0.00 ms.
Unloading 5177 Unused Serialized files (Serialized files now loaded: 0)
Unloading 751 unused Assets / (0.6 MB). Loaded Objects now: 5495.
Memory consumption went from 252.1 MB to 251.5 MB.
Total: 2.968300 ms (FindLiveObjects: 0.223600 ms CreateObjectMapping: 0.093200 ms MarkObjects: 2.076500 ms  DeleteObjects: 0.574400 ms)

AssetImportParameters requested are different than current active one (requested -> active):
  custom:container-demuxer-ogg: 62fdf1f143b41e24485cea50d1cbac27 -> 
  custom:video-codec-MediaFoundation-h265: 746d11721c4dcdbdad8f713fa42b33f4 -> 
  custom:video-decoder-ogg-theora: a1e56fd34408186e4bbccfd4996cb3dc -> 
  custom:framework-win-MediaFoundation: 216162199b28c13a410421893ffa2e32 -> 
  custom:CustomObjectIndexerAttribute: 9a22284fe3817be447336de3de66b15e -> 
  custom:container-demuxer-webm: 4f35f7cbe854078d1ac9338744f61a02 -> 
  custom:container-muxer-webm: aa71ff27fc2769a1b78a27578f13a17b -> 
  custom:video-decoder-webm-vp8: 9c59270c3fd7afecdb556c50c9e8de78 -> 
  custom:SearchIndexIgnoredProperties: e643bd26f0fe6173181afceb89e7c659 -> 
  custom:AudioImporter_EditorPlatform: d09bf68614088b80899f8185d706f6e7 -> 
  custom:video-encoder-webm-vp8: eb34c28f22e8b96e1ab97ce403110664 -> 
  custom:audio-decoder-ogg-vorbis: bf7c407c2cedff20999df2af8eb42d56 -> 
  custom:audio-encoder-webm-vorbis: bf7c407c2cedff20999df2af8eb42d56 -> 
========================================================================
Received Import Request.
  Time since last request: 369695.116757 seconds.
  path: Assets/Prefab/Capsule/6.prefab
  artifactKey: Guid(68414552634811d4e8362098a6f653ff) Importer(815301076,1909f56bfc062723c751e8b465ee728b)
Start importing Assets/Prefab/Capsule/6.prefab using Guid(68414552634811d4e8362098a6f653ff) Importer(815301076,1909f56bfc062723c751e8b465ee728b) [PhysX] Initialized MultithreadedTaskDispatcher with 24 workers.
 -> (artifact id: '248469f0400718a389bcda1672be2d50') in 0.024077 seconds
Number of updated asset objects reloaded before import = 0
Number of asset objects unloaded after import = 33
========================================================================
Received Import Request.
  Time since last request: 7.635665 seconds.
  path: Assets/Prefab/Capsule/1.prefab
  artifactKey: Guid(4ee1340538a84e8499552d0d88397a4a) Importer(815301076,1909f56bfc062723c751e8b465ee728b)
Start importing Assets/Prefab/Capsule/1.prefab using Guid(4ee1340538a84e8499552d0d88397a4a) Importer(815301076,1909f56bfc062723c751e8b465ee728b) [PhysX] Initialized MultithreadedTaskDispatcher with 24 workers.
 -> (artifact id: '274db741f193e949529be46ba0e42d48') in 0.002640 seconds
Number of updated asset objects reloaded before import = 0
Number of asset objects unloaded after import = 33
========================================================================
Received Import Request.
  Time since last request: 10.328604 seconds.
  path: Assets/Prefab/Capsule/1.prefab
  artifactKey: Guid(4ee1340538a84e8499552d0d88397a4a) Importer(815301076,1909f56bfc062723c751e8b465ee728b)
Start importing Assets/Prefab/Capsule/1.prefab using Guid(4ee1340538a84e8499552d0d88397a4a) Importer(815301076,1909f56bfc062723c751e8b465ee728b) [PhysX] Initialized MultithreadedTaskDispatcher with 24 workers.
 -> (artifact id: '82d22c34bc1673e5e007033e15fb5cd1') in 0.003147 seconds
Number of updated asset objects reloaded before import = 0
Number of asset objects unloaded after import = 33
========================================================================
Received Import Request.
  Time since last request: 0.254344 seconds.
  path: Assets/Prefab/Capsule/1.prefab
  artifactKey: Guid(4ee1340538a84e8499552d0d88397a4a) Importer(815301076,1909f56bfc062723c751e8b465ee728b)
Start importing Assets/Prefab/Capsule/1.prefab using Guid(4ee1340538a84e8499552d0d88397a4a) Importer(815301076,1909f56bfc062723c751e8b465ee728b) [PhysX] Initialized MultithreadedTaskDispatcher with 24 workers.
 -> (artifact id: '606d70aca9dd899a905282f4cd706808') in 0.002573 seconds
Number of updated asset objects reloaded before import = 0
Number of asset objects unloaded after import = 33
========================================================================
Received Import Request.
  Time since last request: 1.408073 seconds.
  path: Assets/Prefab/Capsule/1.prefab
  artifactKey: Guid(4ee1340538a84e8499552d0d88397a4a) Importer(815301076,1909f56bfc062723c751e8b465ee728b)
Start importing Assets/Prefab/Capsule/1.prefab using Guid(4ee1340538a84e8499552d0d88397a4a) Importer(815301076,1909f56bfc062723c751e8b465ee728b) [PhysX] Initialized MultithreadedTaskDispatcher with 24 workers.
 -> (artifact id: '723d52e25379f64b4839615886afd396') in 0.002863 seconds
Number of updated asset objects reloaded before import = 0
Number of asset objects unloaded after import = 33
========================================================================
Received Import Request.
  Time since last request: 0.165239 seconds.
  path: Assets/Prefab/Capsule/1.prefab
  artifactKey: Guid(4ee1340538a84e8499552d0d88397a4a) Importer(815301076,1909f56bfc062723c751e8b465ee728b)
Start importing Assets/Prefab/Capsule/1.prefab using Guid(4ee1340538a84e8499552d0d88397a4a) Importer(815301076,1909f56bfc062723c751e8b465ee728b) [PhysX] Initialized MultithreadedTaskDispatcher with 24 workers.
 -> (artifact id: 'e1b999567aa6e776f33df8a6785c4dbe') in 0.002480 seconds
Number of updated asset objects reloaded before import = 0
Number of asset objects unloaded after import = 33
========================================================================
Received Import Request.
  Time since last request: 0.801367 seconds.
  path: Assets/Prefab/Capsule/1.prefab
  artifactKey: Guid(4ee1340538a84e8499552d0d88397a4a) Importer(815301076,1909f56bfc062723c751e8b465ee728b)
Start importing Assets/Prefab/Capsule/1.prefab using Guid(4ee1340538a84e8499552d0d88397a4a) Importer(815301076,1909f56bfc062723c751e8b465ee728b) [PhysX] Initialized MultithreadedTaskDispatcher with 24 workers.
 -> (artifact id: 'd61aa5d87f0917d542c9817deff40477') in 0.002417 seconds
Number of updated asset objects reloaded before import = 0
Number of asset objects unloaded after import = 33
========================================================================
Received Import Request.
  Time since last request: 0.386238 seconds.
  path: Assets/Prefab/Capsule/1.prefab
  artifactKey: Guid(4ee1340538a84e8499552d0d88397a4a) Importer(815301076,1909f56bfc062723c751e8b465ee728b)
Start importing Assets/Prefab/Capsule/1.prefab using Guid(4ee1340538a84e8499552d0d88397a4a) Importer(815301076,1909f56bfc062723c751e8b465ee728b) [PhysX] Initialized MultithreadedTaskDispatcher with 24 workers.
 -> (artifact id: '4738eaab4103927444c0872e56e2ad65') in 0.003548 seconds
Number of updated asset objects reloaded before import = 0
Number of asset objects unloaded after import = 33
========================================================================
Received Import Request.
  Time since last request: 1.395652 seconds.
  path: Assets/Prefab/Capsule/1.prefab
  artifactKey: Guid(4ee1340538a84e8499552d0d88397a4a) Importer(815301076,1909f56bfc062723c751e8b465ee728b)
Start importing Assets/Prefab/Capsule/1.prefab using Guid(4ee1340538a84e8499552d0d88397a4a) Importer(815301076,1909f56bfc062723c751e8b465ee728b) [PhysX] Initialized MultithreadedTaskDispatcher with 24 workers.
 -> (artifact id: '4b12dd8a60b054181cc0313a0407fbe3') in 0.002524 seconds
Number of updated asset objects reloaded before import = 0
Number of asset objects unloaded after import = 33
========================================================================
Received Import Request.
  Time since last request: 104.947544 seconds.
  path: Assets/Prefab/Capsule/1.prefab
  artifactKey: Guid(4ee1340538a84e8499552d0d88397a4a) Importer(815301076,1909f56bfc062723c751e8b465ee728b)
Start importing Assets/Prefab/Capsule/1.prefab using Guid(4ee1340538a84e8499552d0d88397a4a) Importer(815301076,1909f56bfc062723c751e8b465ee728b) [PhysX] Initialized MultithreadedTaskDispatcher with 24 workers.
 -> (artifact id: '5e2458f35b111bdbd3a0d19296144ef5') in 0.005919 seconds
Number of updated asset objects reloaded before import = 0
Number of asset objects unloaded after import = 102
========================================================================
Received Import Request.
  Time since last request: 4.640672 seconds.
  path: Assets/Prefab/Capsule/2.prefab
  artifactKey: Guid(ef74476718fdebb498b1bdc884102f9c) Importer(815301076,1909f56bfc062723c751e8b465ee728b)
Start importing Assets/Prefab/Capsule/2.prefab using Guid(ef74476718fdebb498b1bdc884102f9c) Importer(815301076,1909f56bfc062723c751e8b465ee728b) [PhysX] Initialized MultithreadedTaskDispatcher with 24 workers.
 -> (artifact id: '1e34375b2540e325fb0fa89539083894') in 0.002756 seconds
Number of updated asset objects reloaded before import = 0
Number of asset objects unloaded after import = 33
========================================================================
Received Import Request.
  Time since last request: 159.152851 seconds.
  path: Assets/Prefab/Capsule/2.prefab
  artifactKey: Guid(ef74476718fdebb498b1bdc884102f9c) Importer(815301076,1909f56bfc062723c751e8b465ee728b)
Start importing Assets/Prefab/Capsule/2.prefab using Guid(ef74476718fdebb498b1bdc884102f9c) Importer(815301076,1909f56bfc062723c751e8b465ee728b) [PhysX] Initialized MultithreadedTaskDispatcher with 24 workers.
 -> (artifact id: '7bc37f69a80ebcb644bec799ffbfdf53') in 0.007830 seconds
Number of updated asset objects reloaded before import = 0
Number of asset objects unloaded after import = 102
========================================================================
Received Import Request.
  Time since last request: 3.712197 seconds.
  path: Assets/Prefab/Capsule/3.prefab
  artifactKey: Guid(064ac52992e796c41b2034a3d850b98e) Importer(815301076,1909f56bfc062723c751e8b465ee728b)
Start importing Assets/Prefab/Capsule/3.prefab using Guid(064ac52992e796c41b2034a3d850b98e) Importer(815301076,1909f56bfc062723c751e8b465ee728b) [PhysX] Initialized MultithreadedTaskDispatcher with 24 workers.
 -> (artifact id: '59153d67a2f174f0f3ff3f4736cae86a') in 0.002870 seconds
Number of updated asset objects reloaded before import = 0
Number of asset objects unloaded after import = 33
========================================================================
Received Import Request.
  Time since last request: 91.724961 seconds.
  path: Assets/Prefab/Capsule/3.prefab
  artifactKey: Guid(064ac52992e796c41b2034a3d850b98e) Importer(815301076,1909f56bfc062723c751e8b465ee728b)
Start importing Assets/Prefab/Capsule/3.prefab using Guid(064ac52992e796c41b2034a3d850b98e) Importer(815301076,1909f56bfc062723c751e8b465ee728b) [PhysX] Initialized MultithreadedTaskDispatcher with 24 workers.
 -> (artifact id: '4c93e4dac6e6904e04a4c28e11b70588') in 0.005983 seconds
Number of updated asset objects reloaded before import = 0
Number of asset objects unloaded after import = 102
========================================================================
Received Import Request.
  Time since last request: 3.771436 seconds.
  path: Assets/Prefab/Capsule/4.prefab
  artifactKey: Guid(445dbd835b47a7840807650318010510) Importer(815301076,1909f56bfc062723c751e8b465ee728b)
Start importing Assets/Prefab/Capsule/4.prefab using Guid(445dbd835b47a7840807650318010510) Importer(815301076,1909f56bfc062723c751e8b465ee728b) [PhysX] Initialized MultithreadedTaskDispatcher with 24 workers.
 -> (artifact id: '3f3370fb0214e45ea92ff01774e9e320') in 0.002723 seconds
Number of updated asset objects reloaded before import = 0
Number of asset objects unloaded after import = 33
========================================================================
Received Import Request.
  Time since last request: 2.791748 seconds.
  path: Assets/Prefab/Capsule/4.prefab
  artifactKey: Guid(445dbd835b47a7840807650318010510) Importer(815301076,1909f56bfc062723c751e8b465ee728b)
Start importing Assets/Prefab/Capsule/4.prefab using Guid(445dbd835b47a7840807650318010510) Importer(815301076,1909f56bfc062723c751e8b465ee728b) [PhysX] Initialized MultithreadedTaskDispatcher with 24 workers.
 -> (artifact id: '9cdca4cec7fb2c9f94a504256ae75f08') in 0.002550 seconds
Number of updated asset objects reloaded before import = 0
Number of asset objects unloaded after import = 33
========================================================================
Received Import Request.
  Time since last request: 0.573658 seconds.
  path: Assets/Prefab/Capsule/4.prefab
  artifactKey: Guid(445dbd835b47a7840807650318010510) Importer(815301076,1909f56bfc062723c751e8b465ee728b)
Start importing Assets/Prefab/Capsule/4.prefab using Guid(445dbd835b47a7840807650318010510) Importer(815301076,1909f56bfc062723c751e8b465ee728b) [PhysX] Initialized MultithreadedTaskDispatcher with 24 workers.
 -> (artifact id: '4dc062bc3bce5c86ff5de15e2bc0eb87') in 0.002586 seconds
Number of updated asset objects reloaded before import = 0
Number of asset objects unloaded after import = 33
========================================================================
Received Import Request.
  Time since last request: 0.199329 seconds.
  path: Assets/Prefab/Capsule/4.prefab
  artifactKey: Guid(445dbd835b47a7840807650318010510) Importer(815301076,1909f56bfc062723c751e8b465ee728b)
Start importing Assets/Prefab/Capsule/4.prefab using Guid(445dbd835b47a7840807650318010510) Importer(815301076,1909f56bfc062723c751e8b465ee728b) [PhysX] Initialized MultithreadedTaskDispatcher with 24 workers.
 -> (artifact id: '641ad60dd863659c1958b0e325bf4db5') in 0.002527 seconds
Number of updated asset objects reloaded before import = 0
Number of asset objects unloaded after import = 33
========================================================================
Received Import Request.
  Time since last request: 0.168453 seconds.
  path: Assets/Prefab/Capsule/4.prefab
  artifactKey: Guid(445dbd835b47a7840807650318010510) Importer(815301076,1909f56bfc062723c751e8b465ee728b)
Start importing Assets/Prefab/Capsule/4.prefab using Guid(445dbd835b47a7840807650318010510) Importer(815301076,1909f56bfc062723c751e8b465ee728b) [PhysX] Initialized MultithreadedTaskDispatcher with 24 workers.
 -> (artifact id: 'ba47f36c0f1471db914c331408fbf401') in 0.002586 seconds
Number of updated asset objects reloaded before import = 0
Number of asset objects unloaded after import = 33
========================================================================
Received Import Request.
  Time since last request: 0.194679 seconds.
  path: Assets/Prefab/Capsule/4.prefab
  artifactKey: Guid(445dbd835b47a7840807650318010510) Importer(815301076,1909f56bfc062723c751e8b465ee728b)
Start importing Assets/Prefab/Capsule/4.prefab using Guid(445dbd835b47a7840807650318010510) Importer(815301076,1909f56bfc062723c751e8b465ee728b) [PhysX] Initialized MultithreadedTaskDispatcher with 24 workers.
 -> (artifact id: '1d65fd3479846d58820f13558918a532') in 0.002448 seconds
Number of updated asset objects reloaded before import = 0
Number of asset objects unloaded after import = 33
========================================================================
Received Import Request.
  Time since last request: 0.402391 seconds.
  path: Assets/Prefab/Capsule/4.prefab
  artifactKey: Guid(445dbd835b47a7840807650318010510) Importer(815301076,1909f56bfc062723c751e8b465ee728b)
Start importing Assets/Prefab/Capsule/4.prefab using Guid(445dbd835b47a7840807650318010510) Importer(815301076,1909f56bfc062723c751e8b465ee728b) [PhysX] Initialized MultithreadedTaskDispatcher with 24 workers.
 -> (artifact id: '8629d493b18510764ca1b35c9db9ac7f') in 0.002507 seconds
Number of updated asset objects reloaded before import = 0
Number of asset objects unloaded after import = 33
========================================================================
Received Import Request.
  Time since last request: 0.946010 seconds.
  path: Assets/Prefab/Capsule/4.prefab
  artifactKey: Guid(445dbd835b47a7840807650318010510) Importer(815301076,1909f56bfc062723c751e8b465ee728b)
Start importing Assets/Prefab/Capsule/4.prefab using Guid(445dbd835b47a7840807650318010510) Importer(815301076,1909f56bfc062723c751e8b465ee728b) [PhysX] Initialized MultithreadedTaskDispatcher with 24 workers.
 -> (artifact id: '8319129112314bc6d0c725bd6c5a3fe8') in 0.002584 seconds
Number of updated asset objects reloaded before import = 0
Number of asset objects unloaded after import = 33
========================================================================
Received Import Request.
  Time since last request: 135.333654 seconds.
  path: Assets/Prefab/Capsule/4.prefab
  artifactKey: Guid(445dbd835b47a7840807650318010510) Importer(815301076,1909f56bfc062723c751e8b465ee728b)
Start importing Assets/Prefab/Capsule/4.prefab using Guid(445dbd835b47a7840807650318010510) Importer(815301076,1909f56bfc062723c751e8b465ee728b) [PhysX] Initialized MultithreadedTaskDispatcher with 24 workers.
 -> (artifact id: '34278e58709997e56ca93ea7bc4ef140') in 0.009211 seconds
Number of updated asset objects reloaded before import = 0
Number of asset objects unloaded after import = 102
========================================================================
Received Import Request.
  Time since last request: 3.766075 seconds.
  path: Assets/Prefab/Capsule/5.prefab
  artifactKey: Guid(d290e1e547ab2dc4da831141edee3d90) Importer(815301076,1909f56bfc062723c751e8b465ee728b)
Start importing Assets/Prefab/Capsule/5.prefab using Guid(d290e1e547ab2dc4da831141edee3d90) Importer(815301076,1909f56bfc062723c751e8b465ee728b) [PhysX] Initialized MultithreadedTaskDispatcher with 24 workers.
 -> (artifact id: '389a1b8ab34c455abc348049885cb575') in 0.002776 seconds
Number of updated asset objects reloaded before import = 0
Number of asset objects unloaded after import = 33
========================================================================
Received Import Request.
  Time since last request: 2.025183 seconds.
  path: Assets/Prefab/Capsule/5.prefab
  artifactKey: Guid(d290e1e547ab2dc4da831141edee3d90) Importer(815301076,1909f56bfc062723c751e8b465ee728b)
Start importing Assets/Prefab/Capsule/5.prefab using Guid(d290e1e547ab2dc4da831141edee3d90) Importer(815301076,1909f56bfc062723c751e8b465ee728b) [PhysX] Initialized MultithreadedTaskDispatcher with 24 workers.
 -> (artifact id: '7976c2d441cf5f9d54f71cd3be4ec769') in 0.002770 seconds
Number of updated asset objects reloaded before import = 0
Number of asset objects unloaded after import = 33
========================================================================
Received Import Request.
  Time since last request: 0.384475 seconds.
  path: Assets/Prefab/Capsule/5.prefab
  artifactKey: Guid(d290e1e547ab2dc4da831141edee3d90) Importer(815301076,1909f56bfc062723c751e8b465ee728b)
Start importing Assets/Prefab/Capsule/5.prefab using Guid(d290e1e547ab2dc4da831141edee3d90) Importer(815301076,1909f56bfc062723c751e8b465ee728b) [PhysX] Initialized MultithreadedTaskDispatcher with 24 workers.
 -> (artifact id: 'e288ba84203dc6fcb90187679993c490') in 0.002901 seconds
Number of updated asset objects reloaded before import = 0
Number of asset objects unloaded after import = 33
========================================================================
Received Import Request.
  Time since last request: 0.207835 seconds.
  path: Assets/Prefab/Capsule/5.prefab
  artifactKey: Guid(d290e1e547ab2dc4da831141edee3d90) Importer(815301076,1909f56bfc062723c751e8b465ee728b)
Start importing Assets/Prefab/Capsule/5.prefab using Guid(d290e1e547ab2dc4da831141edee3d90) Importer(815301076,1909f56bfc062723c751e8b465ee728b) [PhysX] Initialized MultithreadedTaskDispatcher with 24 workers.
 -> (artifact id: '0e6b0ecb4ae9591546ffbe99bb75c936') in 0.004616 seconds
Number of updated asset objects reloaded before import = 0
Number of asset objects unloaded after import = 33
========================================================================
Received Import Request.
  Time since last request: 0.169366 seconds.
  path: Assets/Prefab/Capsule/5.prefab
  artifactKey: Guid(d290e1e547ab2dc4da831141edee3d90) Importer(815301076,1909f56bfc062723c751e8b465ee728b)
Start importing Assets/Prefab/Capsule/5.prefab using Guid(d290e1e547ab2dc4da831141edee3d90) Importer(815301076,1909f56bfc062723c751e8b465ee728b) [PhysX] Initialized MultithreadedTaskDispatcher with 24 workers.
 -> (artifact id: '5d5aec465d64982efff0e469471b1638') in 0.002661 seconds
Number of updated asset objects reloaded before import = 0
Number of asset objects unloaded after import = 33
========================================================================
Received Import Request.
  Time since last request: 0.185163 seconds.
  path: Assets/Prefab/Capsule/5.prefab
  artifactKey: Guid(d290e1e547ab2dc4da831141edee3d90) Importer(815301076,1909f56bfc062723c751e8b465ee728b)
Start importing Assets/Prefab/Capsule/5.prefab using Guid(d290e1e547ab2dc4da831141edee3d90) Importer(815301076,1909f56bfc062723c751e8b465ee728b) [PhysX] Initialized MultithreadedTaskDispatcher with 24 workers.
 -> (artifact id: '7c6283340a8bc2f151b834588c80a531') in 0.003011 seconds
Number of updated asset objects reloaded before import = 0
Number of asset objects unloaded after import = 33
========================================================================
Received Import Request.
  Time since last request: 0.574861 seconds.
  path: Assets/Prefab/Capsule/5.prefab
  artifactKey: Guid(d290e1e547ab2dc4da831141edee3d90) Importer(815301076,1909f56bfc062723c751e8b465ee728b)
Start importing Assets/Prefab/Capsule/5.prefab using Guid(d290e1e547ab2dc4da831141edee3d90) Importer(815301076,1909f56bfc062723c751e8b465ee728b) [PhysX] Initialized MultithreadedTaskDispatcher with 24 workers.
 -> (artifact id: '645903ed23827934573c657ccc3d6375') in 0.002460 seconds
Number of updated asset objects reloaded before import = 0
Number of asset objects unloaded after import = 33
========================================================================
Received Import Request.
  Time since last request: 0.801670 seconds.
  path: Assets/Prefab/Capsule/5.prefab
  artifactKey: Guid(d290e1e547ab2dc4da831141edee3d90) Importer(815301076,1909f56bfc062723c751e8b465ee728b)
Start importing Assets/Prefab/Capsule/5.prefab using Guid(d290e1e547ab2dc4da831141edee3d90) Importer(815301076,1909f56bfc062723c751e8b465ee728b) [PhysX] Initialized MultithreadedTaskDispatcher with 24 workers.
 -> (artifact id: '24714494d46200f3eadacb310831f440') in 0.003399 seconds
Number of updated asset objects reloaded before import = 0
Number of asset objects unloaded after import = 33
========================================================================
Received Import Request.
  Time since last request: 0.194777 seconds.
  path: Assets/Prefab/Capsule/5.prefab
  artifactKey: Guid(d290e1e547ab2dc4da831141edee3d90) Importer(815301076,1909f56bfc062723c751e8b465ee728b)
Start importing Assets/Prefab/Capsule/5.prefab using Guid(d290e1e547ab2dc4da831141edee3d90) Importer(815301076,1909f56bfc062723c751e8b465ee728b) [PhysX] Initialized MultithreadedTaskDispatcher with 24 workers.
 -> (artifact id: '11fe909a52616b3209a098b21b2e0c48') in 0.002636 seconds
Number of updated asset objects reloaded before import = 0
Number of asset objects unloaded after import = 33
========================================================================
Received Import Request.
  Time since last request: 78.037161 seconds.
  path: Assets/Prefab/Capsule/5.prefab
  artifactKey: Guid(d290e1e547ab2dc4da831141edee3d90) Importer(815301076,1909f56bfc062723c751e8b465ee728b)
Start importing Assets/Prefab/Capsule/5.prefab using Guid(d290e1e547ab2dc4da831141edee3d90) Importer(815301076,1909f56bfc062723c751e8b465ee728b) [PhysX] Initialized MultithreadedTaskDispatcher with 24 workers.
 -> (artifact id: 'be1fe3cbb8dc33d07ae65d5ace4089c7') in 0.006262 seconds
Number of updated asset objects reloaded before import = 0
Number of asset objects unloaded after import = 102
========================================================================
Received Import Request.
  Time since last request: 12.268444 seconds.
  path: Assets/Prefab/Capsule/6.prefab
  artifactKey: Guid(68414552634811d4e8362098a6f653ff) Importer(815301076,1909f56bfc062723c751e8b465ee728b)
Start importing Assets/Prefab/Capsule/6.prefab using Guid(68414552634811d4e8362098a6f653ff) Importer(815301076,1909f56bfc062723c751e8b465ee728b) [PhysX] Initialized MultithreadedTaskDispatcher with 24 workers.
 -> (artifact id: '415c835406c9dfcfb739b85d5c8e5798') in 0.003204 seconds
Number of updated asset objects reloaded before import = 0
Number of asset objects unloaded after import = 33
========================================================================
Received Import Request.
  Time since last request: 2.057269 seconds.
  path: Assets/Prefab/Capsule/6.prefab
  artifactKey: Guid(68414552634811d4e8362098a6f653ff) Importer(815301076,1909f56bfc062723c751e8b465ee728b)
Start importing Assets/Prefab/Capsule/6.prefab using Guid(68414552634811d4e8362098a6f653ff) Importer(815301076,1909f56bfc062723c751e8b465ee728b) [PhysX] Initialized MultithreadedTaskDispatcher with 24 workers.
 -> (artifact id: 'e79a76ce40b220c7e57d49ba4c45741f') in 0.002956 seconds
Number of updated asset objects reloaded before import = 0
Number of asset objects unloaded after import = 43
========================================================================
Received Import Request.
  Time since last request: 10.641700 seconds.
  path: Assets/Prefab/Capsule/6.prefab
  artifactKey: Guid(68414552634811d4e8362098a6f653ff) Importer(815301076,1909f56bfc062723c751e8b465ee728b)
Start importing Assets/Prefab/Capsule/6.prefab using Guid(68414552634811d4e8362098a6f653ff) Importer(815301076,1909f56bfc062723c751e8b465ee728b) [PhysX] Initialized MultithreadedTaskDispatcher with 24 workers.
 -> (artifact id: 'fff433869dc9c46d26ed275ed6767f6c') in 0.003198 seconds
Number of updated asset objects reloaded before import = 0
Number of asset objects unloaded after import = 43
========================================================================
Received Import Request.
  Time since last request: 1.636129 seconds.
  path: Assets/Prefab/Capsule/6.prefab
  artifactKey: Guid(68414552634811d4e8362098a6f653ff) Importer(815301076,1909f56bfc062723c751e8b465ee728b)
Start importing Assets/Prefab/Capsule/6.prefab using Guid(68414552634811d4e8362098a6f653ff) Importer(815301076,1909f56bfc062723c751e8b465ee728b) [PhysX] Initialized MultithreadedTaskDispatcher with 24 workers.
 -> (artifact id: '5efb16258bef60d254840318b5655c14') in 0.003514 seconds
Number of updated asset objects reloaded before import = 0
Number of asset objects unloaded after import = 53
========================================================================
Received Import Request.
  Time since last request: 6.452175 seconds.
  path: Assets/Prefab/Capsule/6.prefab
  artifactKey: Guid(68414552634811d4e8362098a6f653ff) Importer(815301076,1909f56bfc062723c751e8b465ee728b)
Start importing Assets/Prefab/Capsule/6.prefab using Guid(68414552634811d4e8362098a6f653ff) Importer(815301076,1909f56bfc062723c751e8b465ee728b) [PhysX] Initialized MultithreadedTaskDispatcher with 24 workers.
 -> (artifact id: '99171f70db9338aa45a7c9edbfb933cc') in 0.003456 seconds
Number of updated asset objects reloaded before import = 0
Number of asset objects unloaded after import = 53
========================================================================
Received Import Request.
  Time since last request: 1.961031 seconds.
  path: Assets/Prefab/Capsule/6.prefab
  artifactKey: Guid(68414552634811d4e8362098a6f653ff) Importer(815301076,1909f56bfc062723c751e8b465ee728b)
Start importing Assets/Prefab/Capsule/6.prefab using Guid(68414552634811d4e8362098a6f653ff) Importer(815301076,1909f56bfc062723c751e8b465ee728b) [PhysX] Initialized MultithreadedTaskDispatcher with 24 workers.
 -> (artifact id: '65457dde8c150eb34f4876773371624c') in 0.003779 seconds
Number of updated asset objects reloaded before import = 0
Number of asset objects unloaded after import = 62
========================================================================
Received Import Request.
  Time since last request: 6.636240 seconds.
  path: Assets/Prefab/Capsule/6.prefab
  artifactKey: Guid(68414552634811d4e8362098a6f653ff) Importer(815301076,1909f56bfc062723c751e8b465ee728b)
Start importing Assets/Prefab/Capsule/6.prefab using Guid(68414552634811d4e8362098a6f653ff) Importer(815301076,1909f56bfc062723c751e8b465ee728b) [PhysX] Initialized MultithreadedTaskDispatcher with 24 workers.
 -> (artifact id: '37668a5ddc6d27b1b32ecf04b0acabcf') in 0.004280 seconds
Number of updated asset objects reloaded before import = 0
Number of asset objects unloaded after import = 62
========================================================================
Received Import Request.
  Time since last request: 1.288720 seconds.
  path: Assets/Prefab/Capsule/6.prefab
  artifactKey: Guid(68414552634811d4e8362098a6f653ff) Importer(815301076,1909f56bfc062723c751e8b465ee728b)
Start importing Assets/Prefab/Capsule/6.prefab using Guid(68414552634811d4e8362098a6f653ff) Importer(815301076,1909f56bfc062723c751e8b465ee728b) [PhysX] Initialized MultithreadedTaskDispatcher with 24 workers.
 -> (artifact id: 'd45df76ed2e07464a036a15729935ede') in 0.004188 seconds
Number of updated asset objects reloaded before import = 0
Number of asset objects unloaded after import = 72
========================================================================
Received Import Request.
  Time since last request: 9.926784 seconds.
  path: Assets/Prefab/Capsule/6.prefab
  artifactKey: Guid(68414552634811d4e8362098a6f653ff) Importer(815301076,1909f56bfc062723c751e8b465ee728b)
Start importing Assets/Prefab/Capsule/6.prefab using Guid(68414552634811d4e8362098a6f653ff) Importer(815301076,1909f56bfc062723c751e8b465ee728b) [PhysX] Initialized MultithreadedTaskDispatcher with 24 workers.
 -> (artifact id: '7921537d5aa35e7cb8a4931bfa0ae05b') in 0.004353 seconds
Number of updated asset objects reloaded before import = 0
Number of asset objects unloaded after import = 72
========================================================================
Received Import Request.
  Time since last request: 2.045169 seconds.
  path: Assets/Prefab/Capsule/6.prefab
  artifactKey: Guid(68414552634811d4e8362098a6f653ff) Importer(815301076,1909f56bfc062723c751e8b465ee728b)
Start importing Assets/Prefab/Capsule/6.prefab using Guid(68414552634811d4e8362098a6f653ff) Importer(815301076,1909f56bfc062723c751e8b465ee728b) [PhysX] Initialized MultithreadedTaskDispatcher with 24 workers.
 -> (artifact id: '073771b293981297e0b0efac3648a0e1') in 0.004972 seconds
Number of updated asset objects reloaded before import = 0
Number of asset objects unloaded after import = 82
========================================================================
Received Import Request.
  Time since last request: 11.018631 seconds.
  path: Assets/Prefab/Capsule/6.prefab
  artifactKey: Guid(68414552634811d4e8362098a6f653ff) Importer(815301076,1909f56bfc062723c751e8b465ee728b)
Start importing Assets/Prefab/Capsule/6.prefab using Guid(68414552634811d4e8362098a6f653ff) Importer(815301076,1909f56bfc062723c751e8b465ee728b) [PhysX] Initialized MultithreadedTaskDispatcher with 24 workers.
 -> (artifact id: '2a15277eaf24328861ec9f28276ff205') in 0.004873 seconds
Number of updated asset objects reloaded before import = 0
Number of asset objects unloaded after import = 82
========================================================================
Received Import Request.
  Time since last request: 1.563036 seconds.
  path: Assets/Prefab/Capsule/6.prefab
  artifactKey: Guid(68414552634811d4e8362098a6f653ff) Importer(815301076,1909f56bfc062723c751e8b465ee728b)
Start importing Assets/Prefab/Capsule/6.prefab using Guid(68414552634811d4e8362098a6f653ff) Importer(815301076,1909f56bfc062723c751e8b465ee728b) [PhysX] Initialized MultithreadedTaskDispatcher with 24 workers.
 -> (artifact id: 'd0359dd9e0ce56ba5111fad40bbe0550') in 0.005326 seconds
Number of updated asset objects reloaded before import = 0
Number of asset objects unloaded after import = 92
========================================================================
Received Import Request.
  Time since last request: 8.343424 seconds.
  path: Assets/Prefab/Capsule/6.prefab
  artifactKey: Guid(68414552634811d4e8362098a6f653ff) Importer(815301076,1909f56bfc062723c751e8b465ee728b)
Start importing Assets/Prefab/Capsule/6.prefab using Guid(68414552634811d4e8362098a6f653ff) Importer(815301076,1909f56bfc062723c751e8b465ee728b) [PhysX] Initialized MultithreadedTaskDispatcher with 24 workers.
 -> (artifact id: '2fee4944a7655add9c3d51486ce7ca28') in 0.005256 seconds
Number of updated asset objects reloaded before import = 0
Number of asset objects unloaded after import = 92
========================================================================
Received Import Request.
  Time since last request: 2.551762 seconds.
  path: Assets/Prefab/Capsule/6.prefab
  artifactKey: Guid(68414552634811d4e8362098a6f653ff) Importer(815301076,1909f56bfc062723c751e8b465ee728b)
Start importing Assets/Prefab/Capsule/6.prefab using Guid(68414552634811d4e8362098a6f653ff) Importer(815301076,1909f56bfc062723c751e8b465ee728b) [PhysX] Initialized MultithreadedTaskDispatcher with 24 workers.
 -> (artifact id: 'ed63282f3e54335802323a9d18922b4e') in 0.005757 seconds
Number of updated asset objects reloaded before import = 0
Number of asset objects unloaded after import = 102
========================================================================
Received Prepare
Caller must complete domain reload
Begin MonoManager ReloadAssembly
- Loaded All Assemblies, in  0.283 seconds
Native extension for WindowsStandalone target not found
Mono: successfully reloaded assembly
- Finished resetting the current domain, in  1.168 seconds
Domain Reload Profiling: 1450ms
	BeginReloadAssembly (99ms)
		ExecutionOrderSort (0ms)
		DisableScriptedObjects (2ms)
		BackupInstance (0ms)
		ReleaseScriptingObjects (0ms)
		CreateAndSetChildDomain (23ms)
	RebuildCommonClasses (20ms)
	RebuildNativeTypeToScriptingClass (6ms)
	initialDomainReloadingComplete (17ms)
	LoadAllAssembliesAndSetupDomain (140ms)
		LoadAssemblies (181ms)
		RebuildTransferFunctionScriptingTraits (0ms)
		AnalyzeDomain (11ms)
			TypeCache.Refresh (5ms)
				TypeCache.ScanAssembly (0ms)
			ScanForSourceGeneratedMonoScriptInfo (0ms)
			ResolveRequiredComponents (4ms)
	FinalizeReload (1168ms)
		ReleaseScriptCaches (0ms)
		RebuildScriptCaches (0ms)
		SetupLoadedEditorAssemblies (847ms)
			LogAssemblyErrors (0ms)
			InitializePlatformSupportModulesInManaged (4ms)
			SetLoadedEditorAssemblies (3ms)
			RefreshPlugins (0ms)
			BeforeProcessingInitializeOnLoad (48ms)
			ProcessInitializeOnLoadAttributes (742ms)
			ProcessInitializeOnLoadMethodAttributes (45ms)
			AfterProcessingInitializeOnLoad (5ms)
			EditorAssembliesLoaded (0ms)
		ExecutionOrderSort2 (0ms)
		AwakeInstancesAfterBackupRestoration (5ms)
Refreshing native plugins compatible for Editor in 4.00 ms, found 6 plugins.
Preloading 0 native plugins for Editor in 0.00 ms.
Unloading 5142 Unused Serialized files (Serialized files now loaded: 0)
Unloading 747 unused Assets / (0.6 MB). Loaded Objects now: 5500.
Memory consumption went from 244.6 MB to 244.0 MB.
Total: 2.948500 ms (FindLiveObjects: 0.246500 ms CreateObjectMapping: 0.119300 ms MarkObjects: 1.959000 ms  DeleteObjects: 0.622800 ms)

Prepare: number of updated asset objects reloaded= 0
AssetImportParameters requested are different than current active one (requested -> active):
  custom:container-demuxer-ogg: 62fdf1f143b41e24485cea50d1cbac27 -> 
  custom:video-codec-MediaFoundation-h265: 746d11721c4dcdbdad8f713fa42b33f4 -> 
  custom:video-decoder-ogg-theora: a1e56fd34408186e4bbccfd4996cb3dc -> 
  custom:framework-win-MediaFoundation: 216162199b28c13a410421893ffa2e32 -> 
  custom:CustomObjectIndexerAttribute: 9a22284fe3817be447336de3de66b15e -> 
  custom:container-demuxer-webm: 4f35f7cbe854078d1ac9338744f61a02 -> 
  custom:container-muxer-webm: aa71ff27fc2769a1b78a27578f13a17b -> 
  custom:video-decoder-webm-vp8: 9c59270c3fd7afecdb556c50c9e8de78 -> 
  custom:SearchIndexIgnoredProperties: e643bd26f0fe6173181afceb89e7c659 -> 
  custom:AudioImporter_EditorPlatform: d09bf68614088b80899f8185d706f6e7 -> 
  custom:video-encoder-webm-vp8: eb34c28f22e8b96e1ab97ce403110664 -> 
  custom:audio-decoder-ogg-vorbis: bf7c407c2cedff20999df2af8eb42d56 -> 
  custom:audio-encoder-webm-vorbis: bf7c407c2cedff20999df2af8eb42d56 -> 
========================================================================
Received Prepare
Caller must complete domain reload
Begin MonoManager ReloadAssembly
- Loaded All Assemblies, in  0.295 seconds
Native extension for WindowsStandalone target not found
Mono: successfully reloaded assembly
- Finished resetting the current domain, in  1.183 seconds
Domain Reload Profiling: 1478ms
	BeginReloadAssembly (105ms)
		ExecutionOrderSort (0ms)
		DisableScriptedObjects (3ms)
		BackupInstance (0ms)
		ReleaseScriptingObjects (0ms)
		CreateAndSetChildDomain (22ms)
	RebuildCommonClasses (21ms)
	RebuildNativeTypeToScriptingClass (7ms)
	initialDomainReloadingComplete (19ms)
	LoadAllAssembliesAndSetupDomain (143ms)
		LoadAssemblies (187ms)
		RebuildTransferFunctionScriptingTraits (0ms)
		AnalyzeDomain (12ms)
			TypeCache.Refresh (5ms)
				TypeCache.ScanAssembly (0ms)
			ScanForSourceGeneratedMonoScriptInfo (0ms)
			ResolveRequiredComponents (5ms)
	FinalizeReload (1184ms)
		ReleaseScriptCaches (0ms)
		RebuildScriptCaches (0ms)
		SetupLoadedEditorAssemblies (843ms)
			LogAssemblyErrors (0ms)
			InitializePlatformSupportModulesInManaged (4ms)
			SetLoadedEditorAssemblies (3ms)
			RefreshPlugins (0ms)
			BeforeProcessingInitializeOnLoad (53ms)
			ProcessInitializeOnLoadAttributes (733ms)
			ProcessInitializeOnLoadMethodAttributes (46ms)
			AfterProcessingInitializeOnLoad (4ms)
			EditorAssembliesLoaded (0ms)
		ExecutionOrderSort2 (0ms)
		AwakeInstancesAfterBackupRestoration (5ms)
Refreshing native plugins compatible for Editor in 3.04 ms, found 6 plugins.
Preloading 0 native plugins for Editor in 0.00 ms.
Unloading 5143 Unused Serialized files (Serialized files now loaded: 0)
Unloading 746 unused Assets / (511.5 KB). Loaded Objects now: 5504.
Memory consumption went from 244.9 MB to 244.4 MB.
Total: 2.885700 ms (FindLiveObjects: 0.243100 ms CreateObjectMapping: 0.091400 ms MarkObjects: 1.957300 ms  DeleteObjects: 0.593200 ms)

Prepare: number of updated asset objects reloaded= 0
AssetImportParameters requested are different than current active one (requested -> active):
  custom:container-demuxer-ogg: 62fdf1f143b41e24485cea50d1cbac27 -> 
  custom:video-codec-MediaFoundation-h265: 746d11721c4dcdbdad8f713fa42b33f4 -> 
  custom:video-decoder-ogg-theora: a1e56fd34408186e4bbccfd4996cb3dc -> 
  custom:framework-win-MediaFoundation: 216162199b28c13a410421893ffa2e32 -> 
  custom:CustomObjectIndexerAttribute: 9a22284fe3817be447336de3de66b15e -> 
  custom:container-demuxer-webm: 4f35f7cbe854078d1ac9338744f61a02 -> 
  custom:container-muxer-webm: aa71ff27fc2769a1b78a27578f13a17b -> 
  custom:video-decoder-webm-vp8: 9c59270c3fd7afecdb556c50c9e8de78 -> 
  custom:SearchIndexIgnoredProperties: e643bd26f0fe6173181afceb89e7c659 -> 
  custom:AudioImporter_EditorPlatform: d09bf68614088b80899f8185d706f6e7 -> 
  custom:video-encoder-webm-vp8: eb34c28f22e8b96e1ab97ce403110664 -> 
  custom:audio-decoder-ogg-vorbis: bf7c407c2cedff20999df2af8eb42d56 -> 
  custom:audio-encoder-webm-vorbis: bf7c407c2cedff20999df2af8eb42d56 -> 
========================================================================
Received Import Request.
  Time since last request: 83.426231 seconds.
  path: Assets/Prefab/GunParticleSystem/Benneli_M4/1,Benneli_M4.prefab
  artifactKey: Guid(cc1775634223b9d48a21e83cb67595c9) Importer(815301076,1909f56bfc062723c751e8b465ee728b)
Start importing Assets/Prefab/GunParticleSystem/Benneli_M4/1,Benneli_M4.prefab using Guid(cc1775634223b9d48a21e83cb67595c9) Importer(815301076,1909f56bfc062723c751e8b465ee728b) [PhysX] Initialized MultithreadedTaskDispatcher with 24 workers.
[PhysX] Initialized MultithreadedTaskDispatcher with 24 workers.
 -> (artifact id: '998337bdb0fe723bef92e38d73cf2be6') in 0.078751 seconds
Number of updated asset objects reloaded before import = 0
Number of asset objects unloaded after import = 14
========================================================================
Received Import Request.
  Time since last request: 7.029592 seconds.
  path: Assets/Prefab/GunParticleSystem/Benneli_M4/2,Benneli_M4.prefab
  artifactKey: Guid(9c60df960ea6020499810faddd3fc2df) Importer(815301076,1909f56bfc062723c751e8b465ee728b)
Start importing Assets/Prefab/GunParticleSystem/Benneli_M4/2,Benneli_M4.prefab using Guid(9c60df960ea6020499810faddd3fc2df) Importer(815301076,1909f56bfc062723c751e8b465ee728b) [PhysX] Initialized MultithreadedTaskDispatcher with 24 workers.
[PhysX] Initialized MultithreadedTaskDispatcher with 24 workers.
 -> (artifact id: '2183cb280638d2f6a8a2495bc38e946f') in 0.039791 seconds
Number of updated asset objects reloaded before import = 0
Number of asset objects unloaded after import = 14
========================================================================
Received Import Request.
  Time since last request: 6.264894 seconds.
  path: Assets/Prefab/GunParticleSystem/Benneli_M4/3,Benneli_M4.prefab
  artifactKey: Guid(68e6947e101d4c04cbf47160c72ed91a) Importer(815301076,1909f56bfc062723c751e8b465ee728b)
Start importing Assets/Prefab/GunParticleSystem/Benneli_M4/3,Benneli_M4.prefab using Guid(68e6947e101d4c04cbf47160c72ed91a) Importer(815301076,1909f56bfc062723c751e8b465ee728b) [PhysX] Initialized MultithreadedTaskDispatcher with 24 workers.
[PhysX] Initialized MultithreadedTaskDispatcher with 24 workers.
 -> (artifact id: 'd808b7586fbb00c9d9978b892060b7b9') in 0.031237 seconds
Number of updated asset objects reloaded before import = 0
Number of asset objects unloaded after import = 14
========================================================================
Received Import Request.
  Time since last request: 7.382167 seconds.
  path: Assets/Prefab/GunParticleSystem/Benneli_M4/4,Benneli_M4.prefab
  artifactKey: Guid(3b27c4748a36b9e468686ef9157cc1ed) Importer(815301076,1909f56bfc062723c751e8b465ee728b)
Start importing Assets/Prefab/GunParticleSystem/Benneli_M4/4,Benneli_M4.prefab using Guid(3b27c4748a36b9e468686ef9157cc1ed) Importer(815301076,1909f56bfc062723c751e8b465ee728b) [PhysX] Initialized MultithreadedTaskDispatcher with 24 workers.
[PhysX] Initialized MultithreadedTaskDispatcher with 24 workers.
 -> (artifact id: 'dff24114b5fc73e31d839cd5a3e448a7') in 0.041737 seconds
Number of updated asset objects reloaded before import = 0
Number of asset objects unloaded after import = 14
========================================================================
Received Import Request.
  Time since last request: 5.464577 seconds.
  path: Assets/Prefab/GunParticleSystem/Benneli_M4/5,Benneli_M4.prefab
  artifactKey: Guid(93dd0a10134704340b1fb3f85f23c538) Importer(815301076,1909f56bfc062723c751e8b465ee728b)
Start importing Assets/Prefab/GunParticleSystem/Benneli_M4/5,Benneli_M4.prefab using Guid(93dd0a10134704340b1fb3f85f23c538) Importer(815301076,1909f56bfc062723c751e8b465ee728b) [PhysX] Initialized MultithreadedTaskDispatcher with 24 workers.
[PhysX] Initialized MultithreadedTaskDispatcher with 24 workers.
 -> (artifact id: '3cbe6eaea70c6a3f6a0fc048e53b5db1') in 0.020573 seconds
Number of updated asset objects reloaded before import = 0
Number of asset objects unloaded after import = 14
========================================================================
Received Import Request.
  Time since last request: 13.672851 seconds.
  path: Assets/Prefab/GunParticleSystem/LMG/1,LMG.prefab
  artifactKey: Guid(13fde27e70825284ea4b2a5960f294d9) Importer(815301076,1909f56bfc062723c751e8b465ee728b)
Start importing Assets/Prefab/GunParticleSystem/LMG/1,LMG.prefab using Guid(13fde27e70825284ea4b2a5960f294d9) Importer(815301076,1909f56bfc062723c751e8b465ee728b) [PhysX] Initialized MultithreadedTaskDispatcher with 24 workers.
[PhysX] Initialized MultithreadedTaskDispatcher with 24 workers.
 -> (artifact id: '852a409d2f4b68f692e1d5f847350bf9') in 0.102949 seconds
Number of updated asset objects reloaded before import = 0
Number of asset objects unloaded after import = 14
========================================================================
Received Import Request.
  Time since last request: 5.572516 seconds.
  path: Assets/Prefab/GunParticleSystem/LMG/2,LMG.prefab
  artifactKey: Guid(f8351bf3e6e906449bd4144c61e40a81) Importer(815301076,1909f56bfc062723c751e8b465ee728b)
Start importing Assets/Prefab/GunParticleSystem/LMG/2,LMG.prefab using Guid(f8351bf3e6e906449bd4144c61e40a81) Importer(815301076,1909f56bfc062723c751e8b465ee728b) [PhysX] Initialized MultithreadedTaskDispatcher with 24 workers.
[PhysX] Initialized MultithreadedTaskDispatcher with 24 workers.
 -> (artifact id: 'bf2549e6320fea435b9b11958b6ccd9f') in 0.050902 seconds
Number of updated asset objects reloaded before import = 0
Number of asset objects unloaded after import = 14
========================================================================
Received Import Request.
  Time since last request: 9.252313 seconds.
  path: Assets/Prefab/GunParticleSystem/LMG/3,LMG.prefab
  artifactKey: Guid(976c6ba14191b894f9128f4265b56c11) Importer(815301076,1909f56bfc062723c751e8b465ee728b)
Start importing Assets/Prefab/GunParticleSystem/LMG/3,LMG.prefab using Guid(976c6ba14191b894f9128f4265b56c11) Importer(815301076,1909f56bfc062723c751e8b465ee728b) [PhysX] Initialized MultithreadedTaskDispatcher with 24 workers.
[PhysX] Initialized MultithreadedTaskDispatcher with 24 workers.
 -> (artifact id: '93b8a5a574bf38a3931630f723230e20') in 0.196246 seconds
Number of updated asset objects reloaded before import = 0
Number of asset objects unloaded after import = 14
========================================================================
Received Import Request.
  Time since last request: 15.633306 seconds.
  path: Assets/Prefab/GunParticleSystem/LMG/4,LMG.prefab
  artifactKey: Guid(99b689f1d2709a647ba6b7efcb4fc54e) Importer(815301076,1909f56bfc062723c751e8b465ee728b)
Start importing Assets/Prefab/GunParticleSystem/LMG/4,LMG.prefab using Guid(99b689f1d2709a647ba6b7efcb4fc54e) Importer(815301076,1909f56bfc062723c751e8b465ee728b) [PhysX] Initialized MultithreadedTaskDispatcher with 24 workers.
[PhysX] Initialized MultithreadedTaskDispatcher with 24 workers.
 -> (artifact id: '7b8e2128573322782a54cb9d76f06700') in 0.044885 seconds
Number of updated asset objects reloaded before import = 0
Number of asset objects unloaded after import = 14
========================================================================
Received Import Request.
  Time since last request: 5.695580 seconds.
  path: Assets/Prefab/GunParticleSystem/LMG/5,LMG.prefab
  artifactKey: Guid(f3fce1eadc7b9f546871ab7f37c12756) Importer(815301076,1909f56bfc062723c751e8b465ee728b)
Start importing Assets/Prefab/GunParticleSystem/LMG/5,LMG.prefab using Guid(f3fce1eadc7b9f546871ab7f37c12756) Importer(815301076,1909f56bfc062723c751e8b465ee728b) [PhysX] Initialized MultithreadedTaskDispatcher with 24 workers.
[PhysX] Initialized MultithreadedTaskDispatcher with 24 workers.
 -> (artifact id: '08afb8e4bdc57ea210c4b74243ae0045') in 0.157679 seconds
Number of updated asset objects reloaded before import = 0
Number of asset objects unloaded after import = 14
========================================================================
Received Import Request.
  Time since last request: 23.615107 seconds.
  path: Assets/Prefab/GunParticleSystem/M4/1,M4.prefab
  artifactKey: Guid(5a3cfd3ce88c1da4c84e56d9c10a5434) Importer(815301076,1909f56bfc062723c751e8b465ee728b)
Start importing Assets/Prefab/GunParticleSystem/M4/1,M4.prefab using Guid(5a3cfd3ce88c1da4c84e56d9c10a5434) Importer(815301076,1909f56bfc062723c751e8b465ee728b) [PhysX] Initialized MultithreadedTaskDispatcher with 24 workers.
[PhysX] Initialized MultithreadedTaskDispatcher with 24 workers.
 -> (artifact id: 'bce0a142f319f1707f872fc5c5a35240') in 0.029265 seconds
Number of updated asset objects reloaded before import = 0
Number of asset objects unloaded after import = 14
========================================================================
Received Import Request.
  Time since last request: 5.635217 seconds.
  path: Assets/Prefab/GunParticleSystem/M4/2,M4.prefab
  artifactKey: Guid(f154c01c58eb2cd468a880f5c20de2e4) Importer(815301076,1909f56bfc062723c751e8b465ee728b)
Start importing Assets/Prefab/GunParticleSystem/M4/2,M4.prefab using Guid(f154c01c58eb2cd468a880f5c20de2e4) Importer(815301076,1909f56bfc062723c751e8b465ee728b) [PhysX] Initialized MultithreadedTaskDispatcher with 24 workers.
[PhysX] Initialized MultithreadedTaskDispatcher with 24 workers.
 -> (artifact id: '28c738370dea0a1fe74c33e5c26b1b4e') in 0.878986 seconds
Number of updated asset objects reloaded before import = 0
Number of asset objects unloaded after import = 14
========================================================================
Received Import Request.
  Time since last request: 5.119687 seconds.
  path: Assets/Prefab/GunParticleSystem/M4/3,M4.prefab
  artifactKey: Guid(ea0aa162bb7fcb84b9a80e7eabef3aa8) Importer(815301076,1909f56bfc062723c751e8b465ee728b)
Start importing Assets/Prefab/GunParticleSystem/M4/3,M4.prefab using Guid(ea0aa162bb7fcb84b9a80e7eabef3aa8) Importer(815301076,1909f56bfc062723c751e8b465ee728b) [PhysX] Initialized MultithreadedTaskDispatcher with 24 workers.
[PhysX] Initialized MultithreadedTaskDispatcher with 24 workers.
 -> (artifact id: '9d77164f13ffc5497516b598b04f08b2') in 0.032605 seconds
Number of updated asset objects reloaded before import = 0
Number of asset objects unloaded after import = 14
========================================================================
Received Import Request.
  Time since last request: 5.264680 seconds.
  path: Assets/Prefab/GunParticleSystem/M4/4,M4.prefab
  artifactKey: Guid(9dc3cdbce8fc052459ffa146e456ef51) Importer(815301076,1909f56bfc062723c751e8b465ee728b)
Start importing Assets/Prefab/GunParticleSystem/M4/4,M4.prefab using Guid(9dc3cdbce8fc052459ffa146e456ef51) Importer(815301076,1909f56bfc062723c751e8b465ee728b) [PhysX] Initialized MultithreadedTaskDispatcher with 24 workers.
[PhysX] Initialized MultithreadedTaskDispatcher with 24 workers.
 -> (artifact id: '6bdbcfbc4d9b678a47409b4dd722adb3') in 0.435468 seconds
Number of updated asset objects reloaded before import = 0
Number of asset objects unloaded after import = 14
========================================================================
Received Import Request.
  Time since last request: 7.302522 seconds.
  path: Assets/Prefab/GunParticleSystem/M4/5,M4.prefab
  artifactKey: Guid(57ccffc7ef8fa45408508bab994f5a6c) Importer(815301076,1909f56bfc062723c751e8b465ee728b)
Start importing Assets/Prefab/GunParticleSystem/M4/5,M4.prefab using Guid(57ccffc7ef8fa45408508bab994f5a6c) Importer(815301076,1909f56bfc062723c751e8b465ee728b) [PhysX] Initialized MultithreadedTaskDispatcher with 24 workers.
[PhysX] Initialized MultithreadedTaskDispatcher with 24 workers.
 -> (artifact id: '6b8c11009d06a47b876991b09debf411') in 0.019607 seconds
Number of updated asset objects reloaded before import = 0
Number of asset objects unloaded after import = 14
========================================================================
Received Import Request.
  Time since last request: 11.086845 seconds.
  path: Assets/Prefab/GunParticleSystem/M107/1,M107.prefab
  artifactKey: Guid(3c8827d345757c146a6953983d5ada32) Importer(815301076,1909f56bfc062723c751e8b465ee728b)
Start importing Assets/Prefab/GunParticleSystem/M107/1,M107.prefab using Guid(3c8827d345757c146a6953983d5ada32) Importer(815301076,1909f56bfc062723c751e8b465ee728b) [PhysX] Initialized MultithreadedTaskDispatcher with 24 workers.
[PhysX] Initialized MultithreadedTaskDispatcher with 24 workers.
 -> (artifact id: '06006d18ea4c940d4be35e972faa27c3') in 0.006502 seconds
Number of updated asset objects reloaded before import = 0
Number of asset objects unloaded after import = 14
========================================================================
Received Import Request.
  Time since last request: 7.504195 seconds.
  path: Assets/Prefab/GunParticleSystem/M107/2,M107.prefab
  artifactKey: Guid(fb3f517f092f5ea47b52e60e26d1a639) Importer(815301076,1909f56bfc062723c751e8b465ee728b)
Start importing Assets/Prefab/GunParticleSystem/M107/2,M107.prefab using Guid(fb3f517f092f5ea47b52e60e26d1a639) Importer(815301076,1909f56bfc062723c751e8b465ee728b) [PhysX] Initialized MultithreadedTaskDispatcher with 24 workers.
[PhysX] Initialized MultithreadedTaskDispatcher with 24 workers.
 -> (artifact id: 'c2e6c8eba7e5dcb873c32a3a1e56d19e') in 0.038459 seconds
Number of updated asset objects reloaded before import = 0
Number of asset objects unloaded after import = 14
========================================================================
Received Import Request.
  Time since last request: 16.173125 seconds.
  path: Assets/Prefab/GunParticleSystem/M107/3,M107.prefab
  artifactKey: Guid(98a18a7a570652641970ca0a11e696fa) Importer(815301076,1909f56bfc062723c751e8b465ee728b)
Start importing Assets/Prefab/GunParticleSystem/M107/3,M107.prefab using Guid(98a18a7a570652641970ca0a11e696fa) Importer(815301076,1909f56bfc062723c751e8b465ee728b) [PhysX] Initialized MultithreadedTaskDispatcher with 24 workers.
[PhysX] Initialized MultithreadedTaskDispatcher with 24 workers.
 -> (artifact id: 'e4c11d6ad31b6db1dd5c9c8478ba640e') in 0.006638 seconds
Number of updated asset objects reloaded before import = 0
Number of asset objects unloaded after import = 14
========================================================================
Received Import Request.
  Time since last request: 5.679452 seconds.
  path: Assets/Prefab/GunParticleSystem/M107/4,M107.prefab
  artifactKey: Guid(cb6d0a20ee38f0b4cbfbbc35ed18c09d) Importer(815301076,1909f56bfc062723c751e8b465ee728b)
Start importing Assets/Prefab/GunParticleSystem/M107/4,M107.prefab using Guid(cb6d0a20ee38f0b4cbfbbc35ed18c09d) Importer(815301076,1909f56bfc062723c751e8b465ee728b) [PhysX] Initialized MultithreadedTaskDispatcher with 24 workers.
[PhysX] Initialized MultithreadedTaskDispatcher with 24 workers.
 -> (artifact id: '1b66748f09c56573d35adbc40f369b4e') in 0.045073 seconds
Number of updated asset objects reloaded before import = 0
Number of asset objects unloaded after import = 14
========================================================================
Received Import Request.
  Time since last request: 4.948791 seconds.
  path: Assets/Prefab/GunParticleSystem/M107/5,M107.prefab
  artifactKey: Guid(1d0d9c6b3ac86d04d9fa9564a0e16279) Importer(815301076,1909f56bfc062723c751e8b465ee728b)
Start importing Assets/Prefab/GunParticleSystem/M107/5,M107.prefab using Guid(1d0d9c6b3ac86d04d9fa9564a0e16279) Importer(815301076,1909f56bfc062723c751e8b465ee728b) [PhysX] Initialized MultithreadedTaskDispatcher with 24 workers.
[PhysX] Initialized MultithreadedTaskDispatcher with 24 workers.
 -> (artifact id: '2a78e15430ec956c7d8b7150fdec16f3') in 0.017102 seconds
Number of updated asset objects reloaded before import = 0
Number of asset objects unloaded after import = 14
========================================================================
Received Import Request.
  Time since last request: 12.279907 seconds.
  path: Assets/Prefab/GunParticleSystem/M249/1,M249.prefab
  artifactKey: Guid(849c0173391e7fb45b7744cca329d67c) Importer(815301076,1909f56bfc062723c751e8b465ee728b)
Start importing Assets/Prefab/GunParticleSystem/M249/1,M249.prefab using Guid(849c0173391e7fb45b7744cca329d67c) Importer(815301076,1909f56bfc062723c751e8b465ee728b) [PhysX] Initialized MultithreadedTaskDispatcher with 24 workers.
[PhysX] Initialized MultithreadedTaskDispatcher with 24 workers.
 -> (artifact id: 'ae9d6694b9573e29783f68ae3bec5d61') in 0.013376 seconds
Number of updated asset objects reloaded before import = 0
Number of asset objects unloaded after import = 14
========================================================================
Received Import Request.
  Time since last request: 6.612379 seconds.
  path: Assets/Prefab/GunParticleSystem/M249/2,M249.prefab
  artifactKey: Guid(3b1c568edc620b74484df5b768abab30) Importer(815301076,1909f56bfc062723c751e8b465ee728b)
Start importing Assets/Prefab/GunParticleSystem/M249/2,M249.prefab using Guid(3b1c568edc620b74484df5b768abab30) Importer(815301076,1909f56bfc062723c751e8b465ee728b) [PhysX] Initialized MultithreadedTaskDispatcher with 24 workers.
[PhysX] Initialized MultithreadedTaskDispatcher with 24 workers.
 -> (artifact id: '327cc57f551dbd8cc3dd8a0973b784cb') in 0.048880 seconds
Number of updated asset objects reloaded before import = 0
Number of asset objects unloaded after import = 14
========================================================================
Received Import Request.
  Time since last request: 5.537904 seconds.
  path: Assets/Prefab/GunParticleSystem/M249/3,M249.prefab
  artifactKey: Guid(c2cfcdef9ad1f0845a103f4edd4e8e21) Importer(815301076,1909f56bfc062723c751e8b465ee728b)
Start importing Assets/Prefab/GunParticleSystem/M249/3,M249.prefab using Guid(c2cfcdef9ad1f0845a103f4edd4e8e21) Importer(815301076,1909f56bfc062723c751e8b465ee728b) [PhysX] Initialized MultithreadedTaskDispatcher with 24 workers.
[PhysX] Initialized MultithreadedTaskDispatcher with 24 workers.
 -> (artifact id: '7cb3e963204ce71be0b56f5cae73fad8') in 0.074141 seconds
Number of updated asset objects reloaded before import = 0
Number of asset objects unloaded after import = 14
========================================================================
Received Import Request.
  Time since last request: 5.067518 seconds.
  path: Assets/Prefab/GunParticleSystem/M249/4,M249.prefab
  artifactKey: Guid(572e7cab9edf9dc4aa7081050b91672f) Importer(815301076,1909f56bfc062723c751e8b465ee728b)
Start importing Assets/Prefab/GunParticleSystem/M249/4,M249.prefab using Guid(572e7cab9edf9dc4aa7081050b91672f) Importer(815301076,1909f56bfc062723c751e8b465ee728b) [PhysX] Initialized MultithreadedTaskDispatcher with 24 workers.
[PhysX] Initialized MultithreadedTaskDispatcher with 24 workers.
 -> (artifact id: '1183a19b1721f832f7dc47673f5bf10b') in 0.017420 seconds
Number of updated asset objects reloaded before import = 0
Number of asset objects unloaded after import = 14
========================================================================
Received Import Request.
  Time since last request: 4.355650 seconds.
  path: Assets/Prefab/GunParticleSystem/M249/5,M249.prefab
  artifactKey: Guid(73328936b09964a41b651eda8764706e) Importer(815301076,1909f56bfc062723c751e8b465ee728b)
Start importing Assets/Prefab/GunParticleSystem/M249/5,M249.prefab using Guid(73328936b09964a41b651eda8764706e) Importer(815301076,1909f56bfc062723c751e8b465ee728b) [PhysX] Initialized MultithreadedTaskDispatcher with 24 workers.
[PhysX] Initialized MultithreadedTaskDispatcher with 24 workers.
 -> (artifact id: 'b107b016774066637f826f82c316e207') in 0.007123 seconds
Number of updated asset objects reloaded before import = 0
Number of asset objects unloaded after import = 14
========================================================================
Received Import Request.
  Time since last request: 14.867535 seconds.
  path: Assets/Prefab/GunParticleSystem/Pistol/1,Pistol.prefab
  artifactKey: Guid(98ec9843de3479c489557e7918f1357e) Importer(815301076,1909f56bfc062723c751e8b465ee728b)
Start importing Assets/Prefab/GunParticleSystem/Pistol/1,Pistol.prefab using Guid(98ec9843de3479c489557e7918f1357e) Importer(815301076,1909f56bfc062723c751e8b465ee728b) [PhysX] Initialized MultithreadedTaskDispatcher with 24 workers.
[PhysX] Initialized MultithreadedTaskDispatcher with 24 workers.
 -> (artifact id: 'c8bbd72853aa9f38319795c5302f18a0') in 0.036866 seconds
Number of updated asset objects reloaded before import = 0
Number of asset objects unloaded after import = 14
========================================================================
Received Import Request.
  Time since last request: 3.327554 seconds.
  path: Assets/Prefab/GunParticleSystem/Pistol/2,Pistol.prefab
  artifactKey: Guid(bb1db2efbcdbc1842931fc39b386616e) Importer(815301076,1909f56bfc062723c751e8b465ee728b)
Start importing Assets/Prefab/GunParticleSystem/Pistol/2,Pistol.prefab using Guid(bb1db2efbcdbc1842931fc39b386616e) Importer(815301076,1909f56bfc062723c751e8b465ee728b) [PhysX] Initialized MultithreadedTaskDispatcher with 24 workers.
[PhysX] Initialized MultithreadedTaskDispatcher with 24 workers.
 -> (artifact id: '7e25eddf0ef101d1923b04905aad15ca') in 0.037116 seconds
Number of updated asset objects reloaded before import = 0
Number of asset objects unloaded after import = 14
========================================================================
Received Import Request.
  Time since last request: 4.138171 seconds.
  path: Assets/Prefab/GunParticleSystem/Pistol/3,Pistol.prefab
  artifactKey: Guid(e7186252867583e46b9d24963c6ddbc0) Importer(815301076,1909f56bfc062723c751e8b465ee728b)
Start importing Assets/Prefab/GunParticleSystem/Pistol/3,Pistol.prefab using Guid(e7186252867583e46b9d24963c6ddbc0) Importer(815301076,1909f56bfc062723c751e8b465ee728b) [PhysX] Initialized MultithreadedTaskDispatcher with 24 workers.
[PhysX] Initialized MultithreadedTaskDispatcher with 24 workers.
 -> (artifact id: 'af417942cdfe597ebba527407a36743b') in 0.018568 seconds
Number of updated asset objects reloaded before import = 0
Number of asset objects unloaded after import = 14
========================================================================
Received Import Request.
  Time since last request: 4.323546 seconds.
  path: Assets/Prefab/GunParticleSystem/Pistol/4,Pistol.prefab
  artifactKey: Guid(22eb03d9cc75e2542943e041b91f7278) Importer(815301076,1909f56bfc062723c751e8b465ee728b)
Start importing Assets/Prefab/GunParticleSystem/Pistol/4,Pistol.prefab using Guid(22eb03d9cc75e2542943e041b91f7278) Importer(815301076,1909f56bfc062723c751e8b465ee728b) [PhysX] Initialized MultithreadedTaskDispatcher with 24 workers.
[PhysX] Initialized MultithreadedTaskDispatcher with 24 workers.
 -> (artifact id: 'e2d6897153d02b4be4085a3f60fa3416') in 0.007376 seconds
Number of updated asset objects reloaded before import = 0
Number of asset objects unloaded after import = 14
========================================================================
Received Import Request.
  Time since last request: 4.708206 seconds.
  path: Assets/Prefab/GunParticleSystem/Pistol/5,Pistol.prefab
  artifactKey: Guid(06ca9e35c6b9cf342a4bf1c3064cbd63) Importer(815301076,1909f56bfc062723c751e8b465ee728b)
Start importing Assets/Prefab/GunParticleSystem/Pistol/5,Pistol.prefab using Guid(06ca9e35c6b9cf342a4bf1c3064cbd63) Importer(815301076,1909f56bfc062723c751e8b465ee728b) [PhysX] Initialized MultithreadedTaskDispatcher with 24 workers.
[PhysX] Initialized MultithreadedTaskDispatcher with 24 workers.
 -> (artifact id: '4243af38575e4c33a9b43181de3420eb') in 0.116403 seconds
Number of updated asset objects reloaded before import = 0
Number of asset objects unloaded after import = 14
========================================================================
Received Import Request.
  Time since last request: 12.733738 seconds.
  path: Assets/Prefab/GunParticleSystem/RPG7/1,RPG7.prefab
  artifactKey: Guid(d354066d420111b4fbc10d8433fc888f) Importer(815301076,1909f56bfc062723c751e8b465ee728b)
Start importing Assets/Prefab/GunParticleSystem/RPG7/1,RPG7.prefab using Guid(d354066d420111b4fbc10d8433fc888f) Importer(815301076,1909f56bfc062723c751e8b465ee728b) [PhysX] Initialized MultithreadedTaskDispatcher with 24 workers.
[PhysX] Initialized MultithreadedTaskDispatcher with 24 workers.
 -> (artifact id: 'b08dc30cc40cf65ee45fab629a384073') in 0.041467 seconds
Number of updated asset objects reloaded before import = 0
Number of asset objects unloaded after import = 14
========================================================================
Received Import Request.
  Time since last request: 4.642159 seconds.
  path: Assets/Prefab/GunParticleSystem/RPG7/2,RPG7.prefab
  artifactKey: Guid(58d18f394e62a974dbfbe288f6f4a5d4) Importer(815301076,1909f56bfc062723c751e8b465ee728b)
Start importing Assets/Prefab/GunParticleSystem/RPG7/2,RPG7.prefab using Guid(58d18f394e62a974dbfbe288f6f4a5d4) Importer(815301076,1909f56bfc062723c751e8b465ee728b) [PhysX] Initialized MultithreadedTaskDispatcher with 24 workers.
[PhysX] Initialized MultithreadedTaskDispatcher with 24 workers.
 -> (artifact id: '42173487422a1c36e3679bf089fab5d1') in 0.042786 seconds
Number of updated asset objects reloaded before import = 0
Number of asset objects unloaded after import = 14
========================================================================
Received Import Request.
  Time since last request: 6.716250 seconds.
  path: Assets/Prefab/GunParticleSystem/RPG7/3,RPG7.prefab
  artifactKey: Guid(d7082ccad52ed824a8b6daeb4a1acc04) Importer(815301076,1909f56bfc062723c751e8b465ee728b)
Start importing Assets/Prefab/GunParticleSystem/RPG7/3,RPG7.prefab using Guid(d7082ccad52ed824a8b6daeb4a1acc04) Importer(815301076,1909f56bfc062723c751e8b465ee728b) [PhysX] Initialized MultithreadedTaskDispatcher with 24 workers.
[PhysX] Initialized MultithreadedTaskDispatcher with 24 workers.
 -> (artifact id: '464fbbf2c7285f71b3495839838f5a4d') in 0.036210 seconds
Number of updated asset objects reloaded before import = 0
Number of asset objects unloaded after import = 14
========================================================================
Received Import Request.
  Time since last request: 5.013534 seconds.
  path: Assets/Prefab/GunParticleSystem/RPG7/4,RPG7.prefab
  artifactKey: Guid(3e8a838870fa9a84081f3b4c70971daa) Importer(815301076,1909f56bfc062723c751e8b465ee728b)
Start importing Assets/Prefab/GunParticleSystem/RPG7/4,RPG7.prefab using Guid(3e8a838870fa9a84081f3b4c70971daa) Importer(815301076,1909f56bfc062723c751e8b465ee728b) [PhysX] Initialized MultithreadedTaskDispatcher with 24 workers.
[PhysX] Initialized MultithreadedTaskDispatcher with 24 workers.
 -> (artifact id: '81e40d468aebe5c7dc4f0ad9797df3c0') in 0.073516 seconds
Number of updated asset objects reloaded before import = 0
Number of asset objects unloaded after import = 14
========================================================================
Received Import Request.
  Time since last request: 9.972821 seconds.
  path: Assets/Prefab/GunParticleSystem/RPG7/5,RPG7.prefab
  artifactKey: Guid(ec41bbbd5b321cb4497864fe5791a4b6) Importer(815301076,1909f56bfc062723c751e8b465ee728b)
Start importing Assets/Prefab/GunParticleSystem/RPG7/5,RPG7.prefab using Guid(ec41bbbd5b321cb4497864fe5791a4b6) Importer(815301076,1909f56bfc062723c751e8b465ee728b) [PhysX] Initialized MultithreadedTaskDispatcher with 24 workers.
[PhysX] Initialized MultithreadedTaskDispatcher with 24 workers.
 -> (artifact id: '4445bea83f3e3e3b1f89737fd85aadd7') in 0.112691 seconds
Number of updated asset objects reloaded before import = 0
Number of asset objects unloaded after import = 14
========================================================================
Received Import Request.
  Time since last request: 4.593885 seconds.
  path: Assets/Prefab/GunParticleSystem/RPG7/6,RPG7.prefab
  artifactKey: Guid(eb9aedd71d71ef94e80b464b17ce6567) Importer(815301076,1909f56bfc062723c751e8b465ee728b)
Start importing Assets/Prefab/GunParticleSystem/RPG7/6,RPG7.prefab using Guid(eb9aedd71d71ef94e80b464b17ce6567) Importer(815301076,1909f56bfc062723c751e8b465ee728b) [PhysX] Initialized MultithreadedTaskDispatcher with 24 workers.
[PhysX] Initialized MultithreadedTaskDispatcher with 24 workers.
 -> (artifact id: '5a495353a2224f144fcd78186dc76fe8') in 0.007617 seconds
Number of updated asset objects reloaded before import = 0
Number of asset objects unloaded after import = 14
========================================================================
Received Prepare
Caller must complete domain reload
Begin MonoManager ReloadAssembly
- Loaded All Assemblies, in  0.276 seconds
Native extension for WindowsStandalone target not found
Mono: successfully reloaded assembly
- Finished resetting the current domain, in  1.409 seconds
Domain Reload Profiling: 1683ms
	BeginReloadAssembly (95ms)
		ExecutionOrderSort (0ms)
		DisableScriptedObjects (2ms)
		BackupInstance (0ms)
		ReleaseScriptingObjects (0ms)
		CreateAndSetChildDomain (24ms)
	RebuildCommonClasses (19ms)
	RebuildNativeTypeToScriptingClass (6ms)
	initialDomainReloadingComplete (19ms)
	LoadAllAssembliesAndSetupDomain (135ms)
		LoadAssemblies (171ms)
		RebuildTransferFunctionScriptingTraits (0ms)
		AnalyzeDomain (11ms)
			TypeCache.Refresh (6ms)
				TypeCache.ScanAssembly (0ms)
			ScanForSourceGeneratedMonoScriptInfo (0ms)
			ResolveRequiredComponents (4ms)
	FinalizeReload (1409ms)
		ReleaseScriptCaches (0ms)
		RebuildScriptCaches (0ms)
		SetupLoadedEditorAssemblies (840ms)
			LogAssemblyErrors (0ms)
			InitializePlatformSupportModulesInManaged (4ms)
			SetLoadedEditorAssemblies (3ms)
			RefreshPlugins (0ms)
			BeforeProcessingInitializeOnLoad (52ms)
			ProcessInitializeOnLoadAttributes (733ms)
			ProcessInitializeOnLoadMethodAttributes (44ms)
			AfterProcessingInitializeOnLoad (4ms)
			EditorAssembliesLoaded (0ms)
		ExecutionOrderSort2 (0ms)
		AwakeInstancesAfterBackupRestoration (4ms)
Refreshing native plugins compatible for Editor in 3.15 ms, found 6 plugins.
Preloading 0 native plugins for Editor in 0.00 ms.
Unloading 5142 Unused Serialized files (Serialized files now loaded: 0)
Unloading 748 unused Assets / (0.6 MB). Loaded Objects now: 5515.
Memory consumption went from 248.9 MB to 248.2 MB.
Total: 3.454300 ms (FindLiveObjects: 0.255100 ms CreateObjectMapping: 0.094700 ms MarkObjects: 2.119900 ms  DeleteObjects: 0.983900 ms)

Prepare: number of updated asset objects reloaded= 0
AssetImportParameters requested are different than current active one (requested -> active):
  custom:container-demuxer-ogg: 62fdf1f143b41e24485cea50d1cbac27 -> 
  custom:video-codec-MediaFoundation-h265: 746d11721c4dcdbdad8f713fa42b33f4 -> 
  custom:video-decoder-ogg-theora: a1e56fd34408186e4bbccfd4996cb3dc -> 
  custom:framework-win-MediaFoundation: 216162199b28c13a410421893ffa2e32 -> 
  custom:CustomObjectIndexerAttribute: 9a22284fe3817be447336de3de66b15e -> 
  custom:container-demuxer-webm: 4f35f7cbe854078d1ac9338744f61a02 -> 
  custom:container-muxer-webm: aa71ff27fc2769a1b78a27578f13a17b -> 
  custom:video-decoder-webm-vp8: 9c59270c3fd7afecdb556c50c9e8de78 -> 
  custom:SearchIndexIgnoredProperties: e643bd26f0fe6173181afceb89e7c659 -> 
  custom:AudioImporter_EditorPlatform: d09bf68614088b80899f8185d706f6e7 -> 
  custom:video-encoder-webm-vp8: eb34c28f22e8b96e1ab97ce403110664 -> 
  custom:audio-decoder-ogg-vorbis: bf7c407c2cedff20999df2af8eb42d56 -> 
  custom:audio-encoder-webm-vorbis: bf7c407c2cedff20999df2af8eb42d56 -> 
========================================================================
Received Import Request.
  Time since last request: 138.635876 seconds.
  path: Assets/Scenes/HomeScene.unity
  artifactKey: Guid(ef4529617f5477f4298ff68dbea30aa0) Importer(815301076,1909f56bfc062723c751e8b465ee728b)
Start importing Assets/Scenes/HomeScene.unity using Guid(ef4529617f5477f4298ff68dbea30aa0) Importer(815301076,1909f56bfc062723c751e8b465ee728b) [PhysX] Initialized MultithreadedTaskDispatcher with 24 workers.
 -> (artifact id: '6b928ceb3c2d10cd17c316b735aae97a') in 0.003155 seconds
Number of updated asset objects reloaded before import = 0
Number of asset objects unloaded after import = 0
========================================================================
Received Import Request.
  Time since last request: 8.653164 seconds.
  path: Assets/Scenes/weapon gacha Scene.unity
  artifactKey: Guid(da07ce1491cc4c446802c29730643123) Importer(815301076,1909f56bfc062723c751e8b465ee728b)
Start importing Assets/Scenes/weapon gacha Scene.unity using Guid(da07ce1491cc4c446802c29730643123) Importer(815301076,1909f56bfc062723c751e8b465ee728b) [PhysX] Initialized MultithreadedTaskDispatcher with 24 workers.
 -> (artifact id: 'ab142f01e9cf0aa27899c086386707c1') in 0.000435 seconds
Number of updated asset objects reloaded before import = 0
Number of asset objects unloaded after import = 0
========================================================================
Received Import Request.
  Time since last request: 3.091946 seconds.
  path: Assets/Scenes/Weapon SelectScene.unity
  artifactKey: Guid(103e36977bf89bd44a01c6fcd4d1b494) Importer(815301076,1909f56bfc062723c751e8b465ee728b)
Start importing Assets/Scenes/Weapon SelectScene.unity using Guid(103e36977bf89bd44a01c6fcd4d1b494) Importer(815301076,1909f56bfc062723c751e8b465ee728b) [PhysX] Initialized MultithreadedTaskDispatcher with 24 workers.
 -> (artifact id: '5b7156d35e0c5fe7e3fc9224b9fa9494') in 0.000435 seconds
Number of updated asset objects reloaded before import = 0
Number of asset objects unloaded after import = 0
========================================================================
Received Prepare
Caller must complete domain reload
Begin MonoManager ReloadAssembly
- Loaded All Assemblies, in  0.288 seconds
Native extension for WindowsStandalone target not found
Mono: successfully reloaded assembly
- Finished resetting the current domain, in  1.031 seconds
Domain Reload Profiling: 1318ms
	BeginReloadAssembly (98ms)
		ExecutionOrderSort (0ms)
		DisableScriptedObjects (3ms)
		BackupInstance (0ms)
		ReleaseScriptingObjects (0ms)
		CreateAndSetChildDomain (20ms)
	RebuildCommonClasses (22ms)
	RebuildNativeTypeToScriptingClass (6ms)
	initialDomainReloadingComplete (17ms)
	LoadAllAssembliesAndSetupDomain (144ms)
		LoadAssemblies (176ms)
		RebuildTransferFunctionScriptingTraits (0ms)
		AnalyzeDomain (21ms)
			TypeCache.Refresh (7ms)
				TypeCache.ScanAssembly (1ms)
			ScanForSourceGeneratedMonoScriptInfo (9ms)
			ResolveRequiredComponents (4ms)
	FinalizeReload (1031ms)
		ReleaseScriptCaches (0ms)
		RebuildScriptCaches (0ms)
		SetupLoadedEditorAssemblies (757ms)
			LogAssemblyErrors (0ms)
			InitializePlatformSupportModulesInManaged (3ms)
			SetLoadedEditorAssemblies (3ms)
			RefreshPlugins (0ms)
			BeforeProcessingInitializeOnLoad (45ms)
			ProcessInitializeOnLoadAttributes (660ms)
			ProcessInitializeOnLoadMethodAttributes (43ms)
			AfterProcessingInitializeOnLoad (3ms)
			EditorAssembliesLoaded (0ms)
		ExecutionOrderSort2 (0ms)
		AwakeInstancesAfterBackupRestoration (4ms)
Refreshing native plugins compatible for Editor in 2.62 ms, found 6 plugins.
Preloading 0 native plugins for Editor in 0.00 ms.
Unloading 5142 Unused Serialized files (Serialized files now loaded: 0)
Unloading 746 unused Assets / (0.6 MB). Loaded Objects now: 5519.
Memory consumption went from 248.8 MB to 248.3 MB.
Total: 2.575400 ms (FindLiveObjects: 0.229100 ms CreateObjectMapping: 0.084900 ms MarkObjects: 1.685800 ms  DeleteObjects: 0.574700 ms)

Prepare: number of updated asset objects reloaded= 0
AssetImportParameters requested are different than current active one (requested -> active):
  custom:container-demuxer-ogg: 62fdf1f143b41e24485cea50d1cbac27 -> 
  custom:video-codec-MediaFoundation-h265: 746d11721c4dcdbdad8f713fa42b33f4 -> 
  custom:video-decoder-ogg-theora: a1e56fd34408186e4bbccfd4996cb3dc -> 
  custom:framework-win-MediaFoundation: 216162199b28c13a410421893ffa2e32 -> 
  custom:CustomObjectIndexerAttribute: 9a22284fe3817be447336de3de66b15e -> 
  custom:container-demuxer-webm: 4f35f7cbe854078d1ac9338744f61a02 -> 
  custom:container-muxer-webm: aa71ff27fc2769a1b78a27578f13a17b -> 
  custom:video-decoder-webm-vp8: 9c59270c3fd7afecdb556c50c9e8de78 -> 
  custom:SearchIndexIgnoredProperties: e643bd26f0fe6173181afceb89e7c659 -> 
  custom:AudioImporter_EditorPlatform: d09bf68614088b80899f8185d706f6e7 -> 
  custom:video-encoder-webm-vp8: eb34c28f22e8b96e1ab97ce403110664 -> 
  custom:audio-decoder-ogg-vorbis: bf7c407c2cedff20999df2af8eb42d56 -> 
  custom:audio-encoder-webm-vorbis: bf7c407c2cedff20999df2af8eb42d56 -> 
========================================================================
Received Import Request.
  Time since last request: 450.335147 seconds.
  path: Assets/Prefab/Capsule/1.prefab
  artifactKey: Guid(4ee1340538a84e8499552d0d88397a4a) Importer(815301076,1909f56bfc062723c751e8b465ee728b)
Start importing Assets/Prefab/Capsule/1.prefab using Guid(4ee1340538a84e8499552d0d88397a4a) Importer(815301076,1909f56bfc062723c751e8b465ee728b) [PhysX] Initialized MultithreadedTaskDispatcher with 24 workers.
 -> (artifact id: '016dedfd99026fa0d67311a122d95c5c') in 0.033564 seconds
Number of updated asset objects reloaded before import = 0
Number of asset objects unloaded after import = 102
========================================================================
Received Import Request.
  Time since last request: 0.000015 seconds.
  path: Assets/Prefab/Capsule/3.prefab
  artifactKey: Guid(064ac52992e796c41b2034a3d850b98e) Importer(815301076,1909f56bfc062723c751e8b465ee728b)
Start importing Assets/Prefab/Capsule/3.prefab using Guid(064ac52992e796c41b2034a3d850b98e) Importer(815301076,1909f56bfc062723c751e8b465ee728b) [PhysX] Initialized MultithreadedTaskDispatcher with 24 workers.
 -> (artifact id: 'cef0fcdf020d06333a16aae292bcc537') in 0.008028 seconds
Number of updated asset objects reloaded before import = 0
Number of asset objects unloaded after import = 102
========================================================================
Received Import Request.
  Time since last request: 0.000011 seconds.
  path: Assets/Prefab/Capsule/4.prefab
  artifactKey: Guid(445dbd835b47a7840807650318010510) Importer(815301076,1909f56bfc062723c751e8b465ee728b)
Start importing Assets/Prefab/Capsule/4.prefab using Guid(445dbd835b47a7840807650318010510) Importer(815301076,1909f56bfc062723c751e8b465ee728b) [PhysX] Initialized MultithreadedTaskDispatcher with 24 workers.
 -> (artifact id: '1fd4c06690aaf329070ec5f7f3a876fa') in 0.005565 seconds
Number of updated asset objects reloaded before import = 0
Number of asset objects unloaded after import = 102
========================================================================
Received Import Request.
  Time since last request: 42.422490 seconds.
  path: Assets/Prefab/GunSlot-Gun/AK74/1GunFrame-White.prefab
  artifactKey: Guid(a1b4986f5b897e04d8d3f6fa73cf27b5) Importer(815301076,1909f56bfc062723c751e8b465ee728b)
Start importing Assets/Prefab/GunSlot-Gun/AK74/1GunFrame-White.prefab using Guid(a1b4986f5b897e04d8d3f6fa73cf27b5) Importer(815301076,1909f56bfc062723c751e8b465ee728b) [PhysX] Initialized MultithreadedTaskDispatcher with 24 workers.
 -> (artifact id: '1bebc184de427de25fd69b994792174e') in 0.001797 seconds
Number of updated asset objects reloaded before import = 0
Number of asset objects unloaded after import = 12
========================================================================
Received Import Request.
  Time since last request: 6.595067 seconds.
  path: Assets/Prefab/GunSlot-Gun/AK74/3GunFrame-Blue.prefab
  artifactKey: Guid(ca4cb18dea2d7b548aa24d609314a790) Importer(815301076,1909f56bfc062723c751e8b465ee728b)
Start importing Assets/Prefab/GunSlot-Gun/AK74/3GunFrame-Blue.prefab using Guid(ca4cb18dea2d7b548aa24d609314a790) Importer(815301076,1909f56bfc062723c751e8b465ee728b) [PhysX] Initialized MultithreadedTaskDispatcher with 24 workers.
 -> (artifact id: '5a1f2b2d0856a7f6cba4918b8478a3b5') in 0.001622 seconds
Number of updated asset objects reloaded before import = 0
Number of asset objects unloaded after import = 12
========================================================================
Received Import Request.
  Time since last request: 6.910401 seconds.
  path: Assets/Prefab/GunSlot-Gun/AK74/5GunFrame-Gold.prefab
  artifactKey: Guid(f9a1e41c7f980944097695969332fabf) Importer(815301076,1909f56bfc062723c751e8b465ee728b)
Start importing Assets/Prefab/GunSlot-Gun/AK74/5GunFrame-Gold.prefab using Guid(f9a1e41c7f980944097695969332fabf) Importer(815301076,1909f56bfc062723c751e8b465ee728b) [PhysX] Initialized MultithreadedTaskDispatcher with 24 workers.
 -> (artifact id: '9d6e5178f6b09b4ad059f8b2d28339c6') in 0.005504 seconds
Number of updated asset objects reloaded before import = 0
Number of asset objects unloaded after import = 12
========================================================================
Received Import Request.
  Time since last request: 6.339057 seconds.
  path: Assets/Prefab/GunSlot-Gun/AK74/2GunFrame-Green.prefab
  artifactKey: Guid(911d4558bfb84b942b9ad709a520dff0) Importer(815301076,1909f56bfc062723c751e8b465ee728b)
Start importing Assets/Prefab/GunSlot-Gun/AK74/2GunFrame-Green.prefab using Guid(911d4558bfb84b942b9ad709a520dff0) Importer(815301076,1909f56bfc062723c751e8b465ee728b) [PhysX] Initialized MultithreadedTaskDispatcher with 24 workers.
 -> (artifact id: '76225a938576ca1f8d88d30916f677e6') in 0.001804 seconds
Number of updated asset objects reloaded before import = 0
Number of asset objects unloaded after import = 12
========================================================================
Received Import Request.
  Time since last request: 5.074092 seconds.
  path: Assets/Prefab/GunSlot-Gun/AK74/4GunFrame-Parple.prefab
  artifactKey: Guid(34bef1175a4413b448b8e339c0b6cc34) Importer(815301076,1909f56bfc062723c751e8b465ee728b)
Start importing Assets/Prefab/GunSlot-Gun/AK74/4GunFrame-Parple.prefab using Guid(34bef1175a4413b448b8e339c0b6cc34) Importer(815301076,1909f56bfc062723c751e8b465ee728b) [PhysX] Initialized MultithreadedTaskDispatcher with 24 workers.
 -> (artifact id: '650ae99c3c0d0934c30157f0b091f04b') in 0.001899 seconds
Number of updated asset objects reloaded before import = 0
Number of asset objects unloaded after import = 12
========================================================================
Received Import Request.
  Time since last request: 4.418441 seconds.
  path: Assets/Prefab/GunSlot-Gun/AK74/6GunFrame-Red.prefab
  artifactKey: Guid(d69efb645b09fa0499bbbe97ec9966e4) Importer(815301076,1909f56bfc062723c751e8b465ee728b)
Start importing Assets/Prefab/GunSlot-Gun/AK74/6GunFrame-Red.prefab using Guid(d69efb645b09fa0499bbbe97ec9966e4) Importer(815301076,1909f56bfc062723c751e8b465ee728b) [PhysX] Initialized MultithreadedTaskDispatcher with 24 workers.
 -> (artifact id: '85ad1e329463ad674da094a60cb9a9e9') in 0.001505 seconds
Number of updated asset objects reloaded before import = 0
Number of asset objects unloaded after import = 12
========================================================================
Received Import Request.
  Time since last request: 39.624086 seconds.
  path: Assets/Prefab/Capsule/1.prefab
  artifactKey: Guid(4ee1340538a84e8499552d0d88397a4a) Importer(815301076,1909f56bfc062723c751e8b465ee728b)
Start importing Assets/Prefab/Capsule/1.prefab using Guid(4ee1340538a84e8499552d0d88397a4a) Importer(815301076,1909f56bfc062723c751e8b465ee728b) [PhysX] Initialized MultithreadedTaskDispatcher with 24 workers.
 -> (artifact id: '30982dd794fa29630386acca7d13350a') in 0.007282 seconds
Number of updated asset objects reloaded before import = 0
Number of asset objects unloaded after import = 112
========================================================================
Received Import Request.
  Time since last request: 13.275436 seconds.
  path: Assets/Prefab/Capsule/2.prefab
  artifactKey: Guid(ef74476718fdebb498b1bdc884102f9c) Importer(815301076,1909f56bfc062723c751e8b465ee728b)
Start importing Assets/Prefab/Capsule/2.prefab using Guid(ef74476718fdebb498b1bdc884102f9c) Importer(815301076,1909f56bfc062723c751e8b465ee728b) [PhysX] Initialized MultithreadedTaskDispatcher with 24 workers.
 -> (artifact id: '38459651238a1718c57bbc44b145d021') in 0.006445 seconds
Number of updated asset objects reloaded before import = 0
Number of asset objects unloaded after import = 112
========================================================================
Received Import Request.
  Time since last request: 8.859225 seconds.
  path: Assets/Prefab/Capsule/3.prefab
  artifactKey: Guid(064ac52992e796c41b2034a3d850b98e) Importer(815301076,1909f56bfc062723c751e8b465ee728b)
Start importing Assets/Prefab/Capsule/3.prefab using Guid(064ac52992e796c41b2034a3d850b98e) Importer(815301076,1909f56bfc062723c751e8b465ee728b) [PhysX] Initialized MultithreadedTaskDispatcher with 24 workers.
 -> (artifact id: '51557bc3114e83609061f6bc3beef513') in 0.006760 seconds
Number of updated asset objects reloaded before import = 0
Number of asset objects unloaded after import = 112
========================================================================
Received Import Request.
  Time since last request: 8.463572 seconds.
  path: Assets/Prefab/Capsule/4.prefab
  artifactKey: Guid(445dbd835b47a7840807650318010510) Importer(815301076,1909f56bfc062723c751e8b465ee728b)
Start importing Assets/Prefab/Capsule/4.prefab using Guid(445dbd835b47a7840807650318010510) Importer(815301076,1909f56bfc062723c751e8b465ee728b) [PhysX] Initialized MultithreadedTaskDispatcher with 24 workers.
 -> (artifact id: '149b0b1aa826a92041857ff116e757df') in 0.007303 seconds
Number of updated asset objects reloaded before import = 0
Number of asset objects unloaded after import = 112
========================================================================
Received Import Request.
  Time since last request: 11.127690 seconds.
  path: Assets/Prefab/Capsule/5.prefab
  artifactKey: Guid(d290e1e547ab2dc4da831141edee3d90) Importer(815301076,1909f56bfc062723c751e8b465ee728b)
Start importing Assets/Prefab/Capsule/5.prefab using Guid(d290e1e547ab2dc4da831141edee3d90) Importer(815301076,1909f56bfc062723c751e8b465ee728b) [PhysX] Initialized MultithreadedTaskDispatcher with 24 workers.
 -> (artifact id: 'f83861b8dc12f0197769571f57ae079e') in 0.007318 seconds
Number of updated asset objects reloaded before import = 0
Number of asset objects unloaded after import = 112
========================================================================
Received Import Request.
  Time since last request: 15.563612 seconds.
  path: Assets/Prefab/GunSlot-Gun/Benneli_M4/GunFrame-Blue.prefab
  artifactKey: Guid(5e0bd1a6744bde242b38ad516b97e784) Importer(815301076,1909f56bfc062723c751e8b465ee728b)
Start importing Assets/Prefab/GunSlot-Gun/Benneli_M4/GunFrame-Blue.prefab using Guid(5e0bd1a6744bde242b38ad516b97e784) Importer(815301076,1909f56bfc062723c751e8b465ee728b) [PhysX] Initialized MultithreadedTaskDispatcher with 24 workers.
 -> (artifact id: 'fd02e9965c22e0cacd37edd823285a4a') in 0.001794 seconds
Number of updated asset objects reloaded before import = 0
Number of asset objects unloaded after import = 12
========================================================================
Received Import Request.
  Time since last request: 0.007649 seconds.
  path: Assets/Prefab/GunSlot-Gun/Benneli_M4/GunFrame-Green.prefab
  artifactKey: Guid(0e1ef82d7e4a2c441bd7293c52a62d77) Importer(815301076,1909f56bfc062723c751e8b465ee728b)
Start importing Assets/Prefab/GunSlot-Gun/Benneli_M4/GunFrame-Green.prefab using Guid(0e1ef82d7e4a2c441bd7293c52a62d77) Importer(815301076,1909f56bfc062723c751e8b465ee728b) [PhysX] Initialized MultithreadedTaskDispatcher with 24 workers.
 -> (artifact id: '23804dadd84b9fd41b1dea45681f3f7b') in 0.001454 seconds
Number of updated asset objects reloaded before import = 0
Number of asset objects unloaded after import = 12
========================================================================
Received Import Request.
  Time since last request: 0.001338 seconds.
  path: Assets/Prefab/GunSlot-Gun/Benneli_M4/GunFrame-White.prefab
  artifactKey: Guid(338fc57f0c090c14296f6898387486cf) Importer(815301076,1909f56bfc062723c751e8b465ee728b)
Start importing Assets/Prefab/GunSlot-Gun/Benneli_M4/GunFrame-White.prefab using Guid(338fc57f0c090c14296f6898387486cf) Importer(815301076,1909f56bfc062723c751e8b465ee728b) [PhysX] Initialized MultithreadedTaskDispatcher with 24 workers.
 -> (artifact id: '0452c2f729e2cae6828da9eff81dc945') in 0.001438 seconds
Number of updated asset objects reloaded before import = 0
Number of asset objects unloaded after import = 12
========================================================================
Received Import Request.
  Time since last request: 0.000013 seconds.
  path: Assets/Prefab/GunSlot-Gun/Benneli_M4/GunFrame-Red.prefab
  artifactKey: Guid(81ec80d1d0a18604ea8fb4bf8a77e249) Importer(815301076,1909f56bfc062723c751e8b465ee728b)
Start importing Assets/Prefab/GunSlot-Gun/Benneli_M4/GunFrame-Red.prefab using Guid(81ec80d1d0a18604ea8fb4bf8a77e249) Importer(815301076,1909f56bfc062723c751e8b465ee728b) [PhysX] Initialized MultithreadedTaskDispatcher with 24 workers.
 -> (artifact id: 'd4010a6b52fbf8cd170ea725362de17f') in 0.001436 seconds
Number of updated asset objects reloaded before import = 0
Number of asset objects unloaded after import = 12
========================================================================
Received Import Request.
  Time since last request: 5.523293 seconds.
  path: Assets/Prefab/GunSlot-Gun/Benneli_M4/3GunFrame-Blue.prefab
  artifactKey: Guid(5e0bd1a6744bde242b38ad516b97e784) Importer(815301076,1909f56bfc062723c751e8b465ee728b)
Start importing Assets/Prefab/GunSlot-Gun/Benneli_M4/3GunFrame-Blue.prefab using Guid(5e0bd1a6744bde242b38ad516b97e784) Importer(815301076,1909f56bfc062723c751e8b465ee728b) [PhysX] Initialized MultithreadedTaskDispatcher with 24 workers.
 -> (artifact id: 'ee39f50752e4df367965eed123185604') in 0.003415 seconds
Number of updated asset objects reloaded before import = 0
Number of asset objects unloaded after import = 12
========================================================================
Received Import Request.
  Time since last request: 9.129881 seconds.
  path: Assets/Prefab/GunSlot-Gun/Benneli_M4/5GunFrame-Gold.prefab
  artifactKey: Guid(e15e53d8ea7592744a2969aba128ceca) Importer(815301076,1909f56bfc062723c751e8b465ee728b)
Start importing Assets/Prefab/GunSlot-Gun/Benneli_M4/5GunFrame-Gold.prefab using Guid(e15e53d8ea7592744a2969aba128ceca) Importer(815301076,1909f56bfc062723c751e8b465ee728b) [PhysX] Initialized MultithreadedTaskDispatcher with 24 workers.
 -> (artifact id: '87ed045af3efa82cd33e326bb439d02a') in 0.001690 seconds
Number of updated asset objects reloaded before import = 0
Number of asset objects unloaded after import = 12
========================================================================
Received Import Request.
  Time since last request: 4.075763 seconds.
  path: Assets/Prefab/GunSlot-Gun/Benneli_M4/2GunFrame-Green.prefab
  artifactKey: Guid(0e1ef82d7e4a2c441bd7293c52a62d77) Importer(815301076,1909f56bfc062723c751e8b465ee728b)
Start importing Assets/Prefab/GunSlot-Gun/Benneli_M4/2GunFrame-Green.prefab using Guid(0e1ef82d7e4a2c441bd7293c52a62d77) Importer(815301076,1909f56bfc062723c751e8b465ee728b) [PhysX] Initialized MultithreadedTaskDispatcher with 24 workers.
 -> (artifact id: '5860637f01bcdd06975ba307b7ed378c') in 0.001808 seconds
Number of updated asset objects reloaded before import = 0
Number of asset objects unloaded after import = 12
========================================================================
Received Import Request.
  Time since last request: 3.494879 seconds.
  path: Assets/Prefab/GunSlot-Gun/Benneli_M4/4GunFrame-Parple.prefab
  artifactKey: Guid(2cc68b9293585b643a4bbbd56964a610) Importer(815301076,1909f56bfc062723c751e8b465ee728b)
Start importing Assets/Prefab/GunSlot-Gun/Benneli_M4/4GunFrame-Parple.prefab using Guid(2cc68b9293585b643a4bbbd56964a610) Importer(815301076,1909f56bfc062723c751e8b465ee728b) [PhysX] Initialized MultithreadedTaskDispatcher with 24 workers.
 -> (artifact id: '7f967721551669a4c4331d19fe4e18ad') in 0.001603 seconds
Number of updated asset objects reloaded before import = 0
Number of asset objects unloaded after import = 12
========================================================================
Received Import Request.
  Time since last request: 3.831465 seconds.
  path: Assets/Prefab/GunSlot-Gun/Benneli_M4/6GunFrame-Red.prefab
  artifactKey: Guid(81ec80d1d0a18604ea8fb4bf8a77e249) Importer(815301076,1909f56bfc062723c751e8b465ee728b)
Start importing Assets/Prefab/GunSlot-Gun/Benneli_M4/6GunFrame-Red.prefab using Guid(81ec80d1d0a18604ea8fb4bf8a77e249) Importer(815301076,1909f56bfc062723c751e8b465ee728b) [PhysX] Initialized MultithreadedTaskDispatcher with 24 workers.
 -> (artifact id: 'a47ab570fba3c5acc45037435bca0da5') in 0.001535 seconds
Number of updated asset objects reloaded before import = 0
Number of asset objects unloaded after import = 12
========================================================================
Received Import Request.
  Time since last request: 3.614510 seconds.
  path: Assets/Prefab/GunSlot-Gun/Benneli_M4/1GunFrame-White.prefab
  artifactKey: Guid(338fc57f0c090c14296f6898387486cf) Importer(815301076,1909f56bfc062723c751e8b465ee728b)
Start importing Assets/Prefab/GunSlot-Gun/Benneli_M4/1GunFrame-White.prefab using Guid(338fc57f0c090c14296f6898387486cf) Importer(815301076,1909f56bfc062723c751e8b465ee728b) [PhysX] Initialized MultithreadedTaskDispatcher with 24 workers.
 -> (artifact id: '8e62db6e09a47aed88e592940aca430f') in 0.002144 seconds
Number of updated asset objects reloaded before import = 0
Number of asset objects unloaded after import = 12
========================================================================
Received Import Request.
  Time since last request: 1.959365 seconds.
  path: Assets/Prefab/Capsule/6.prefab
  artifactKey: Guid(68414552634811d4e8362098a6f653ff) Importer(815301076,1909f56bfc062723c751e8b465ee728b)
Start importing Assets/Prefab/Capsule/6.prefab using Guid(68414552634811d4e8362098a6f653ff) Importer(815301076,1909f56bfc062723c751e8b465ee728b) [PhysX] Initialized MultithreadedTaskDispatcher with 24 workers.
 -> (artifact id: 'bd48958387df96c8e11d52e736fb2264') in 0.008253 seconds
Number of updated asset objects reloaded before import = 0
Number of asset objects unloaded after import = 112
========================================================================
Received Import Request.
  Time since last request: 10.402143 seconds.
  path: Assets/Prefab/Capsule/1.prefab
  artifactKey: Guid(4ee1340538a84e8499552d0d88397a4a) Importer(815301076,1909f56bfc062723c751e8b465ee728b)
Start importing Assets/Prefab/Capsule/1.prefab using Guid(4ee1340538a84e8499552d0d88397a4a) Importer(815301076,1909f56bfc062723c751e8b465ee728b) [PhysX] Initialized MultithreadedTaskDispatcher with 24 workers.
 -> (artifact id: '4cfca2e0f9a835cab703ee3d31f94a3f') in 0.006831 seconds
Number of updated asset objects reloaded before import = 0
Number of asset objects unloaded after import = 121
========================================================================
Received Import Request.
  Time since last request: 16.803988 seconds.
  path: Assets/Prefab/Capsule/2.prefab
  artifactKey: Guid(ef74476718fdebb498b1bdc884102f9c) Importer(815301076,1909f56bfc062723c751e8b465ee728b)
Start importing Assets/Prefab/Capsule/2.prefab using Guid(ef74476718fdebb498b1bdc884102f9c) Importer(815301076,1909f56bfc062723c751e8b465ee728b) [PhysX] Initialized MultithreadedTaskDispatcher with 24 workers.
 -> (artifact id: 'c1e34abf7ca0b4a52251e9632a2e6cbd') in 0.009842 seconds
Number of updated asset objects reloaded before import = 0
Number of asset objects unloaded after import = 121
========================================================================
Received Import Request.
  Time since last request: 22.573217 seconds.
  path: Assets/Prefab/Capsule/3.prefab
  artifactKey: Guid(064ac52992e796c41b2034a3d850b98e) Importer(815301076,1909f56bfc062723c751e8b465ee728b)
Start importing Assets/Prefab/Capsule/3.prefab using Guid(064ac52992e796c41b2034a3d850b98e) Importer(815301076,1909f56bfc062723c751e8b465ee728b) [PhysX] Initialized MultithreadedTaskDispatcher with 24 workers.
 -> (artifact id: 'd54075a94ba025ac344247e3dd48212e') in 0.008514 seconds
Number of updated asset objects reloaded before import = 0
Number of asset objects unloaded after import = 121
========================================================================
Received Import Request.
  Time since last request: 4.692980 seconds.
  path: Assets/Prefab/Capsule/4.prefab
  artifactKey: Guid(445dbd835b47a7840807650318010510) Importer(815301076,1909f56bfc062723c751e8b465ee728b)
Start importing Assets/Prefab/Capsule/4.prefab using Guid(445dbd835b47a7840807650318010510) Importer(815301076,1909f56bfc062723c751e8b465ee728b) [PhysX] Initialized MultithreadedTaskDispatcher with 24 workers.
 -> (artifact id: '6891930efd36a856ac6927e28baece7b') in 0.006572 seconds
Number of updated asset objects reloaded before import = 0
Number of asset objects unloaded after import = 121
========================================================================
Received Import Request.
  Time since last request: 2.194750 seconds.
  path: Assets/Prefab/GunSlot-Gun/LMG/GunFrame-Blue.prefab
  artifactKey: Guid(5e58679fc8c151e488ae5fa9f9783eb1) Importer(815301076,1909f56bfc062723c751e8b465ee728b)
Start importing Assets/Prefab/GunSlot-Gun/LMG/GunFrame-Blue.prefab using Guid(5e58679fc8c151e488ae5fa9f9783eb1) Importer(815301076,1909f56bfc062723c751e8b465ee728b) [PhysX] Initialized MultithreadedTaskDispatcher with 24 workers.
 -> (artifact id: '62c919021e5f203a0b649d0a5d28d72f') in 0.001854 seconds
Number of updated asset objects reloaded before import = 0
Number of asset objects unloaded after import = 12
========================================================================
Received Import Request.
  Time since last request: 0.038067 seconds.
  path: Assets/Prefab/GunSlot-Gun/LMG/GunFrame-Gold.prefab
  artifactKey: Guid(81cf64c1e1be32d469dd00ec1861285f) Importer(815301076,1909f56bfc062723c751e8b465ee728b)
Start importing Assets/Prefab/GunSlot-Gun/LMG/GunFrame-Gold.prefab using Guid(81cf64c1e1be32d469dd00ec1861285f) Importer(815301076,1909f56bfc062723c751e8b465ee728b) [PhysX] Initialized MultithreadedTaskDispatcher with 24 workers.
 -> (artifact id: 'a9e12cb4c3333b726c4d461780e15252') in 0.001502 seconds
Number of updated asset objects reloaded before import = 0
Number of asset objects unloaded after import = 12
========================================================================
Received Import Request.
  Time since last request: 0.000015 seconds.
  path: Assets/Prefab/GunSlot-Gun/LMG/GunFrame-Red.prefab
  artifactKey: Guid(b895c8be7b065a44ba97b451ca0df208) Importer(815301076,1909f56bfc062723c751e8b465ee728b)
Start importing Assets/Prefab/GunSlot-Gun/LMG/GunFrame-Red.prefab using Guid(b895c8be7b065a44ba97b451ca0df208) Importer(815301076,1909f56bfc062723c751e8b465ee728b) [PhysX] Initialized MultithreadedTaskDispatcher with 24 workers.
 -> (artifact id: '88c8d718420bf37c0c967a0b08c15a24') in 0.001540 seconds
Number of updated asset objects reloaded before import = 0
Number of asset objects unloaded after import = 12
========================================================================
Received Import Request.
  Time since last request: 0.000017 seconds.
  path: Assets/Prefab/GunSlot-Gun/LMG/GunFrame-Parple.prefab
  artifactKey: Guid(4ab9410f3e34ef8459c8e248de3fc3c1) Importer(815301076,1909f56bfc062723c751e8b465ee728b)
Start importing Assets/Prefab/GunSlot-Gun/LMG/GunFrame-Parple.prefab using Guid(4ab9410f3e34ef8459c8e248de3fc3c1) Importer(815301076,1909f56bfc062723c751e8b465ee728b) [PhysX] Initialized MultithreadedTaskDispatcher with 24 workers.
 -> (artifact id: '2e09a98d3044c6fe157973df72b4e8c5') in 0.001432 seconds
Number of updated asset objects reloaded before import = 0
Number of asset objects unloaded after import = 12
========================================================================
Received Import Request.
  Time since last request: 3.790831 seconds.
  path: Assets/Prefab/Capsule/5.prefab
  artifactKey: Guid(d290e1e547ab2dc4da831141edee3d90) Importer(815301076,1909f56bfc062723c751e8b465ee728b)
Start importing Assets/Prefab/Capsule/5.prefab using Guid(d290e1e547ab2dc4da831141edee3d90) Importer(815301076,1909f56bfc062723c751e8b465ee728b) [PhysX] Initialized MultithreadedTaskDispatcher with 24 workers.
 -> (artifact id: 'e6c84dcdc5d26b4892fec29efd57db94') in 0.006733 seconds
Number of updated asset objects reloaded before import = 0
Number of asset objects unloaded after import = 121
========================================================================
Received Import Request.
  Time since last request: 4.289641 seconds.
  path: Assets/Prefab/Capsule/6.prefab
  artifactKey: Guid(68414552634811d4e8362098a6f653ff) Importer(815301076,1909f56bfc062723c751e8b465ee728b)
Start importing Assets/Prefab/Capsule/6.prefab using Guid(68414552634811d4e8362098a6f653ff) Importer(815301076,1909f56bfc062723c751e8b465ee728b) [PhysX] Initialized MultithreadedTaskDispatcher with 24 workers.
 -> (artifact id: '66f29d89ca82e4000d26314f2bd25f1b') in 0.006193 seconds
Number of updated asset objects reloaded before import = 0
Number of asset objects unloaded after import = 121
========================================================================
Received Import Request.
  Time since last request: 18.802543 seconds.
  path: Assets/Prefab/Capsule/1.prefab
  artifactKey: Guid(4ee1340538a84e8499552d0d88397a4a) Importer(815301076,1909f56bfc062723c751e8b465ee728b)
Start importing Assets/Prefab/Capsule/1.prefab using Guid(4ee1340538a84e8499552d0d88397a4a) Importer(815301076,1909f56bfc062723c751e8b465ee728b) [PhysX] Initialized MultithreadedTaskDispatcher with 24 workers.
 -> (artifact id: '02544ed198fc612ca428cb113c7abf60') in 0.008257 seconds
Number of updated asset objects reloaded before import = 0
Number of asset objects unloaded after import = 131
========================================================================
Received Import Request.
  Time since last request: 12.779205 seconds.
  path: Assets/Prefab/Capsule/2.prefab
  artifactKey: Guid(ef74476718fdebb498b1bdc884102f9c) Importer(815301076,1909f56bfc062723c751e8b465ee728b)
Start importing Assets/Prefab/Capsule/2.prefab using Guid(ef74476718fdebb498b1bdc884102f9c) Importer(815301076,1909f56bfc062723c751e8b465ee728b) [PhysX] Initialized MultithreadedTaskDispatcher with 24 workers.
 -> (artifact id: '44cc764292ee22178bb9f56052cdfb90') in 0.008589 seconds
Number of updated asset objects reloaded before import = 0
Number of asset objects unloaded after import = 131
========================================================================
Received Import Request.
  Time since last request: 14.631681 seconds.
  path: Assets/Prefab/GunSlot-Gun/LMG/3GunFrame-Blue.prefab
  artifactKey: Guid(5e58679fc8c151e488ae5fa9f9783eb1) Importer(815301076,1909f56bfc062723c751e8b465ee728b)
Start importing Assets/Prefab/GunSlot-Gun/LMG/3GunFrame-Blue.prefab using Guid(5e58679fc8c151e488ae5fa9f9783eb1) Importer(815301076,1909f56bfc062723c751e8b465ee728b) [PhysX] Initialized MultithreadedTaskDispatcher with 24 workers.
 -> (artifact id: 'b553a4e033bb7aaa3808810d31c28f48') in 0.001754 seconds
Number of updated asset objects reloaded before import = 0
Number of asset objects unloaded after import = 12
========================================================================
Received Import Request.
  Time since last request: 7.038681 seconds.
  path: Assets/Prefab/GunSlot-Gun/LMG/5GunFrame-Gold.prefab
  artifactKey: Guid(81cf64c1e1be32d469dd00ec1861285f) Importer(815301076,1909f56bfc062723c751e8b465ee728b)
Start importing Assets/Prefab/GunSlot-Gun/LMG/5GunFrame-Gold.prefab using Guid(81cf64c1e1be32d469dd00ec1861285f) Importer(815301076,1909f56bfc062723c751e8b465ee728b) [PhysX] Initialized MultithreadedTaskDispatcher with 24 workers.
 -> (artifact id: '254dce9f0fd865e83db55ce657302b6a') in 0.001768 seconds
Number of updated asset objects reloaded before import = 0
Number of asset objects unloaded after import = 12
========================================================================
Received Import Request.
  Time since last request: 3.601413 seconds.
  path: Assets/Prefab/GunSlot-Gun/LMG/2GunFrame-Green.prefab
  artifactKey: Guid(87f850fdcc35faf4b805680994cedbdd) Importer(815301076,1909f56bfc062723c751e8b465ee728b)
Start importing Assets/Prefab/GunSlot-Gun/LMG/2GunFrame-Green.prefab using Guid(87f850fdcc35faf4b805680994cedbdd) Importer(815301076,1909f56bfc062723c751e8b465ee728b) [PhysX] Initialized MultithreadedTaskDispatcher with 24 workers.
 -> (artifact id: '6c455d8a8896aff5034debe4db38a5bf') in 0.001571 seconds
Number of updated asset objects reloaded before import = 0
Number of asset objects unloaded after import = 12
========================================================================
Received Import Request.
  Time since last request: 3.995609 seconds.
  path: Assets/Prefab/GunSlot-Gun/LMG/4GunFrame-Parple.prefab
  artifactKey: Guid(4ab9410f3e34ef8459c8e248de3fc3c1) Importer(815301076,1909f56bfc062723c751e8b465ee728b)
Start importing Assets/Prefab/GunSlot-Gun/LMG/4GunFrame-Parple.prefab using Guid(4ab9410f3e34ef8459c8e248de3fc3c1) Importer(815301076,1909f56bfc062723c751e8b465ee728b) [PhysX] Initialized MultithreadedTaskDispatcher with 24 workers.
 -> (artifact id: '4bb0155b05219c46f9571f54bff0dd9f') in 0.001589 seconds
Number of updated asset objects reloaded before import = 0
Number of asset objects unloaded after import = 12
========================================================================
Received Import Request.
  Time since last request: 2.273040 seconds.
  path: Assets/Prefab/GunSlot-Gun/LMG/6GunFrame-Red.prefab
  artifactKey: Guid(b895c8be7b065a44ba97b451ca0df208) Importer(815301076,1909f56bfc062723c751e8b465ee728b)
Start importing Assets/Prefab/GunSlot-Gun/LMG/6GunFrame-Red.prefab using Guid(b895c8be7b065a44ba97b451ca0df208) Importer(815301076,1909f56bfc062723c751e8b465ee728b) [PhysX] Initialized MultithreadedTaskDispatcher with 24 workers.
 -> (artifact id: 'b6e39d546deb403c1bb15c4c849da0c3') in 0.001675 seconds
Number of updated asset objects reloaded before import = 0
Number of asset objects unloaded after import = 12
========================================================================
Received Import Request.
  Time since last request: 3.069634 seconds.
  path: Assets/Prefab/GunSlot-Gun/LMG/5GunFrame-White.prefab
  artifactKey: Guid(37c8197bbb1deef4bbb32aecd13602b5) Importer(815301076,1909f56bfc062723c751e8b465ee728b)
Start importing Assets/Prefab/GunSlot-Gun/LMG/5GunFrame-White.prefab using Guid(37c8197bbb1deef4bbb32aecd13602b5) Importer(815301076,1909f56bfc062723c751e8b465ee728b) [PhysX] Initialized MultithreadedTaskDispatcher with 24 workers.
 -> (artifact id: '580d33b8d68068b19f01e807157b20a1') in 0.001551 seconds
Number of updated asset objects reloaded before import = 0
Number of asset objects unloaded after import = 12
========================================================================
Received Import Request.
  Time since last request: 3.299347 seconds.
  path: Assets/Prefab/GunSlot-Gun/LMG/15GunFrame-White.prefab
  artifactKey: Guid(37c8197bbb1deef4bbb32aecd13602b5) Importer(815301076,1909f56bfc062723c751e8b465ee728b)
Start importing Assets/Prefab/GunSlot-Gun/LMG/15GunFrame-White.prefab using Guid(37c8197bbb1deef4bbb32aecd13602b5) Importer(815301076,1909f56bfc062723c751e8b465ee728b) [PhysX] Initialized MultithreadedTaskDispatcher with 24 workers.
 -> (artifact id: '276efd5c9f975a2e2c318096ba631fa0') in 0.001536 seconds
Number of updated asset objects reloaded before import = 0
Number of asset objects unloaded after import = 12
========================================================================
Received Import Request.
  Time since last request: 5.674146 seconds.
  path: Assets/Prefab/GunSlot-Gun/LMG/1GunFrame-White.prefab
  artifactKey: Guid(37c8197bbb1deef4bbb32aecd13602b5) Importer(815301076,1909f56bfc062723c751e8b465ee728b)
Start importing Assets/Prefab/GunSlot-Gun/LMG/1GunFrame-White.prefab using Guid(37c8197bbb1deef4bbb32aecd13602b5) Importer(815301076,1909f56bfc062723c751e8b465ee728b) [PhysX] Initialized MultithreadedTaskDispatcher with 24 workers.
 -> (artifact id: '6816a6673bec26a38d1f19045bb0d0c0') in 0.001572 seconds
Number of updated asset objects reloaded before import = 0
Number of asset objects unloaded after import = 12
========================================================================
Received Import Request.
  Time since last request: 2.020221 seconds.
  path: Assets/Prefab/Capsule/3.prefab
  artifactKey: Guid(064ac52992e796c41b2034a3d850b98e) Importer(815301076,1909f56bfc062723c751e8b465ee728b)
Start importing Assets/Prefab/Capsule/3.prefab using Guid(064ac52992e796c41b2034a3d850b98e) Importer(815301076,1909f56bfc062723c751e8b465ee728b) [PhysX] Initialized MultithreadedTaskDispatcher with 24 workers.
 -> (artifact id: 'de53d3b996525a989bcfde9535720502') in 0.008661 seconds
Number of updated asset objects reloaded before import = 0
Number of asset objects unloaded after import = 131
========================================================================
Received Import Request.
  Time since last request: 7.680842 seconds.
  path: Assets/Prefab/Capsule/1.prefab
  artifactKey: Guid(4ee1340538a84e8499552d0d88397a4a) Importer(815301076,1909f56bfc062723c751e8b465ee728b)
Start importing Assets/Prefab/Capsule/1.prefab using Guid(4ee1340538a84e8499552d0d88397a4a) Importer(815301076,1909f56bfc062723c751e8b465ee728b) [PhysX] Initialized MultithreadedTaskDispatcher with 24 workers.
 -> (artifact id: '5321313e362b1acb044be173b2f1d0a0') in 0.007134 seconds
Number of updated asset objects reloaded before import = 0
Number of asset objects unloaded after import = 130
========================================================================
Received Import Request.
  Time since last request: 5.006116 seconds.
  path: Assets/Prefab/Capsule/2.prefab
  artifactKey: Guid(ef74476718fdebb498b1bdc884102f9c) Importer(815301076,1909f56bfc062723c751e8b465ee728b)
Start importing Assets/Prefab/Capsule/2.prefab using Guid(ef74476718fdebb498b1bdc884102f9c) Importer(815301076,1909f56bfc062723c751e8b465ee728b) [PhysX] Initialized MultithreadedTaskDispatcher with 24 workers.
 -> (artifact id: '0a7cf168d8b669998983d76b64aac518') in 0.006795 seconds
Number of updated asset objects reloaded before import = 0
Number of asset objects unloaded after import = 130
========================================================================
Received Import Request.
  Time since last request: 5.346452 seconds.
  path: Assets/Prefab/Capsule/3.prefab
  artifactKey: Guid(064ac52992e796c41b2034a3d850b98e) Importer(815301076,1909f56bfc062723c751e8b465ee728b)
Start importing Assets/Prefab/Capsule/3.prefab using Guid(064ac52992e796c41b2034a3d850b98e) Importer(815301076,1909f56bfc062723c751e8b465ee728b) [PhysX] Initialized MultithreadedTaskDispatcher with 24 workers.
 -> (artifact id: 'e81cb38523d0e8455eadbed8a53a1459') in 0.007426 seconds
Number of updated asset objects reloaded before import = 0
Number of asset objects unloaded after import = 130
========================================================================
Received Import Request.
  Time since last request: 6.812209 seconds.
  path: Assets/Prefab/Capsule/4.prefab
  artifactKey: Guid(445dbd835b47a7840807650318010510) Importer(815301076,1909f56bfc062723c751e8b465ee728b)
Start importing Assets/Prefab/Capsule/4.prefab using Guid(445dbd835b47a7840807650318010510) Importer(815301076,1909f56bfc062723c751e8b465ee728b) [PhysX] Initialized MultithreadedTaskDispatcher with 24 workers.
 -> (artifact id: 'ec118f7b6a62797abf3d28a88bce9a5c') in 0.009496 seconds
Number of updated asset objects reloaded before import = 0
Number of asset objects unloaded after import = 130
========================================================================
Received Import Request.
  Time since last request: 6.808171 seconds.
  path: Assets/Prefab/Capsule/5.prefab
  artifactKey: Guid(d290e1e547ab2dc4da831141edee3d90) Importer(815301076,1909f56bfc062723c751e8b465ee728b)
Start importing Assets/Prefab/Capsule/5.prefab using Guid(d290e1e547ab2dc4da831141edee3d90) Importer(815301076,1909f56bfc062723c751e8b465ee728b) [PhysX] Initialized MultithreadedTaskDispatcher with 24 workers.
 -> (artifact id: '33f14a633858845905f0260579af5d69') in 0.008585 seconds
Number of updated asset objects reloaded before import = 0
Number of asset objects unloaded after import = 130
========================================================================
Received Import Request.
  Time since last request: 6.716196 seconds.
  path: Assets/Prefab/GunSlot-Gun/M4/GunFrame-Blue.prefab
  artifactKey: Guid(b68454619ae816c4e93af8d7598bd3c1) Importer(815301076,1909f56bfc062723c751e8b465ee728b)
Start importing Assets/Prefab/GunSlot-Gun/M4/GunFrame-Blue.prefab using Guid(b68454619ae816c4e93af8d7598bd3c1) Importer(815301076,1909f56bfc062723c751e8b465ee728b) [PhysX] Initialized MultithreadedTaskDispatcher with 24 workers.
 -> (artifact id: '16008dfc4c8503b1e626195f0e09685d') in 0.019917 seconds
Number of updated asset objects reloaded before import = 0
Number of asset objects unloaded after import = 12
========================================================================
Received Import Request.
  Time since last request: 0.006804 seconds.
  path: Assets/Prefab/GunSlot-Gun/M4/GunFrame-Green.prefab
  artifactKey: Guid(bfcc54082e17558479227d47393b5992) Importer(815301076,1909f56bfc062723c751e8b465ee728b)
Start importing Assets/Prefab/GunSlot-Gun/M4/GunFrame-Green.prefab using Guid(bfcc54082e17558479227d47393b5992) Importer(815301076,1909f56bfc062723c751e8b465ee728b) [PhysX] Initialized MultithreadedTaskDispatcher with 24 workers.
 -> (artifact id: '3f099c062d8bd4c7ee0fb89904c766cc') in 0.001369 seconds
Number of updated asset objects reloaded before import = 0
Number of asset objects unloaded after import = 12
========================================================================
Received Import Request.
  Time since last request: 0.000014 seconds.
  path: Assets/Prefab/GunSlot-Gun/M4/GunFrame-Red.prefab
  artifactKey: Guid(b1be9cb0b7542714ebb4e4bae4bf82ba) Importer(815301076,1909f56bfc062723c751e8b465ee728b)
Start importing Assets/Prefab/GunSlot-Gun/M4/GunFrame-Red.prefab using Guid(b1be9cb0b7542714ebb4e4bae4bf82ba) Importer(815301076,1909f56bfc062723c751e8b465ee728b) [PhysX] Initialized MultithreadedTaskDispatcher with 24 workers.
 -> (artifact id: 'e6530ffb31cd17dc180ab7dac569c248') in 0.001392 seconds
Number of updated asset objects reloaded before import = 0
Number of asset objects unloaded after import = 12
========================================================================
Received Import Request.
  Time since last request: 0.003361 seconds.
  path: Assets/Prefab/GunSlot-Gun/M4/GunFrame-White.prefab
  artifactKey: Guid(c4755eba89f76d94b8596ae95af9ea41) Importer(815301076,1909f56bfc062723c751e8b465ee728b)
Start importing Assets/Prefab/GunSlot-Gun/M4/GunFrame-White.prefab using Guid(c4755eba89f76d94b8596ae95af9ea41) Importer(815301076,1909f56bfc062723c751e8b465ee728b) [PhysX] Initialized MultithreadedTaskDispatcher with 24 workers.
 -> (artifact id: 'f3d752d34383ff092bc2b367db6d29be') in 0.001477 seconds
Number of updated asset objects reloaded before import = 0
Number of asset objects unloaded after import = 12
========================================================================
Received Import Request.
  Time since last request: 7.498638 seconds.
  path: Assets/Prefab/GunSlot-Gun/M4/3GunFrame-Blue.prefab
  artifactKey: Guid(b68454619ae816c4e93af8d7598bd3c1) Importer(815301076,1909f56bfc062723c751e8b465ee728b)
Start importing Assets/Prefab/GunSlot-Gun/M4/3GunFrame-Blue.prefab using Guid(b68454619ae816c4e93af8d7598bd3c1) Importer(815301076,1909f56bfc062723c751e8b465ee728b) [PhysX] Initialized MultithreadedTaskDispatcher with 24 workers.
 -> (artifact id: 'a041b988dd5c83916d18019e18daab93') in 0.001432 seconds
Number of updated asset objects reloaded before import = 0
Number of asset objects unloaded after import = 12
========================================================================
Received Import Request.
  Time since last request: 4.395005 seconds.
  path: Assets/Prefab/GunSlot-Gun/M4/5GunFrame-Gold.prefab
  artifactKey: Guid(ca000c6f751d1ed47abf81b0091cabeb) Importer(815301076,1909f56bfc062723c751e8b465ee728b)
Start importing Assets/Prefab/GunSlot-Gun/M4/5GunFrame-Gold.prefab using Guid(ca000c6f751d1ed47abf81b0091cabeb) Importer(815301076,1909f56bfc062723c751e8b465ee728b) [PhysX] Initialized MultithreadedTaskDispatcher with 24 workers.
 -> (artifact id: '24917d7104b4aa427526e1810c43a4f3') in 0.001908 seconds
Number of updated asset objects reloaded before import = 0
Number of asset objects unloaded after import = 12
========================================================================
Received Import Request.
  Time since last request: 4.756233 seconds.
  path: Assets/Prefab/GunSlot-Gun/M4/2GunFrame-Green.prefab
  artifactKey: Guid(bfcc54082e17558479227d47393b5992) Importer(815301076,1909f56bfc062723c751e8b465ee728b)
Start importing Assets/Prefab/GunSlot-Gun/M4/2GunFrame-Green.prefab using Guid(bfcc54082e17558479227d47393b5992) Importer(815301076,1909f56bfc062723c751e8b465ee728b) [PhysX] Initialized MultithreadedTaskDispatcher with 24 workers.
 -> (artifact id: 'b6bdb410cd153b712d4e5f72cd914d71') in 0.001668 seconds
Number of updated asset objects reloaded before import = 0
Number of asset objects unloaded after import = 12
========================================================================
Received Import Request.
  Time since last request: 3.548189 seconds.
  path: Assets/Prefab/GunSlot-Gun/M4/4GunFrame-Parple.prefab
  artifactKey: Guid(dbdf3921f4f3ae244924c2b40fbb5d01) Importer(815301076,1909f56bfc062723c751e8b465ee728b)
Start importing Assets/Prefab/GunSlot-Gun/M4/4GunFrame-Parple.prefab using Guid(dbdf3921f4f3ae244924c2b40fbb5d01) Importer(815301076,1909f56bfc062723c751e8b465ee728b) [PhysX] Initialized MultithreadedTaskDispatcher with 24 workers.
 -> (artifact id: '54b1877bd9fedfbc01b38ef0b80637b8') in 0.001622 seconds
Number of updated asset objects reloaded before import = 0
Number of asset objects unloaded after import = 12
========================================================================
Received Import Request.
  Time since last request: 4.526838 seconds.
  path: Assets/Prefab/GunSlot-Gun/M4/6GunFrame-Red.prefab
  artifactKey: Guid(b1be9cb0b7542714ebb4e4bae4bf82ba) Importer(815301076,1909f56bfc062723c751e8b465ee728b)
Start importing Assets/Prefab/GunSlot-Gun/M4/6GunFrame-Red.prefab using Guid(b1be9cb0b7542714ebb4e4bae4bf82ba) Importer(815301076,1909f56bfc062723c751e8b465ee728b) [PhysX] Initialized MultithreadedTaskDispatcher with 24 workers.
 -> (artifact id: '76aec836f5e41877b06d135737ff88c9') in 0.001579 seconds
Number of updated asset objects reloaded before import = 0
Number of asset objects unloaded after import = 12
========================================================================
Received Import Request.
  Time since last request: 4.541693 seconds.
  path: Assets/Prefab/GunSlot-Gun/M4/1GunFrame-White.prefab
  artifactKey: Guid(c4755eba89f76d94b8596ae95af9ea41) Importer(815301076,1909f56bfc062723c751e8b465ee728b)
Start importing Assets/Prefab/GunSlot-Gun/M4/1GunFrame-White.prefab using Guid(c4755eba89f76d94b8596ae95af9ea41) Importer(815301076,1909f56bfc062723c751e8b465ee728b) [PhysX] Initialized MultithreadedTaskDispatcher with 24 workers.
 -> (artifact id: '26e0b3c8ba062d604f579584f4e166e5') in 0.002083 seconds
Number of updated asset objects reloaded before import = 0
Number of asset objects unloaded after import = 12
========================================================================
Received Import Request.
  Time since last request: 2.039949 seconds.
  path: Assets/Prefab/Capsule/6.prefab
  artifactKey: Guid(68414552634811d4e8362098a6f653ff) Importer(815301076,1909f56bfc062723c751e8b465ee728b)
Start importing Assets/Prefab/Capsule/6.prefab using Guid(68414552634811d4e8362098a6f653ff) Importer(815301076,1909f56bfc062723c751e8b465ee728b) [PhysX] Initialized MultithreadedTaskDispatcher with 24 workers.
 -> (artifact id: 'de255e5bde5c078c93a6b3e42b6034be') in 0.008186 seconds
Number of updated asset objects reloaded before import = 0
Number of asset objects unloaded after import = 130
========================================================================
Received Import Request.
  Time since last request: 9.596640 seconds.
  path: Assets/Prefab/Capsule/1.prefab
  artifactKey: Guid(4ee1340538a84e8499552d0d88397a4a) Importer(815301076,1909f56bfc062723c751e8b465ee728b)
Start importing Assets/Prefab/Capsule/1.prefab using Guid(4ee1340538a84e8499552d0d88397a4a) Importer(815301076,1909f56bfc062723c751e8b465ee728b) [PhysX] Initialized MultithreadedTaskDispatcher with 24 workers.
 -> (artifact id: '8098b2fe4361980af7d44c6af2f97579') in 0.008085 seconds
Number of updated asset objects reloaded before import = 0
Number of asset objects unloaded after import = 140
========================================================================
Received Import Request.
  Time since last request: 8.094224 seconds.
  path: Assets/Prefab/Capsule/2.prefab
  artifactKey: Guid(ef74476718fdebb498b1bdc884102f9c) Importer(815301076,1909f56bfc062723c751e8b465ee728b)
Start importing Assets/Prefab/Capsule/2.prefab using Guid(ef74476718fdebb498b1bdc884102f9c) Importer(815301076,1909f56bfc062723c751e8b465ee728b) [PhysX] Initialized MultithreadedTaskDispatcher with 24 workers.
 -> (artifact id: 'c98e27db151947337dd4192ae56d970c') in 0.008203 seconds
Number of updated asset objects reloaded before import = 0
Number of asset objects unloaded after import = 140
========================================================================
Received Import Request.
  Time since last request: 7.188501 seconds.
  path: Assets/Prefab/Capsule/3.prefab
  artifactKey: Guid(064ac52992e796c41b2034a3d850b98e) Importer(815301076,1909f56bfc062723c751e8b465ee728b)
Start importing Assets/Prefab/Capsule/3.prefab using Guid(064ac52992e796c41b2034a3d850b98e) Importer(815301076,1909f56bfc062723c751e8b465ee728b) [PhysX] Initialized MultithreadedTaskDispatcher with 24 workers.
 -> (artifact id: '480afce230b4173f49b4f8d454e12332') in 0.007091 seconds
Number of updated asset objects reloaded before import = 0
Number of asset objects unloaded after import = 140
========================================================================
Received Import Request.
  Time since last request: 5.519904 seconds.
  path: Assets/Prefab/Capsule/4.prefab
  artifactKey: Guid(445dbd835b47a7840807650318010510) Importer(815301076,1909f56bfc062723c751e8b465ee728b)
Start importing Assets/Prefab/Capsule/4.prefab using Guid(445dbd835b47a7840807650318010510) Importer(815301076,1909f56bfc062723c751e8b465ee728b) [PhysX] Initialized MultithreadedTaskDispatcher with 24 workers.
 -> (artifact id: 'ab0545e1c0fd20841d3cb5655c6026b7') in 0.007198 seconds
Number of updated asset objects reloaded before import = 0
Number of asset objects unloaded after import = 140
========================================================================
Received Import Request.
  Time since last request: 8.683373 seconds.
  path: Assets/Prefab/Capsule/5.prefab
  artifactKey: Guid(d290e1e547ab2dc4da831141edee3d90) Importer(815301076,1909f56bfc062723c751e8b465ee728b)
Start importing Assets/Prefab/Capsule/5.prefab using Guid(d290e1e547ab2dc4da831141edee3d90) Importer(815301076,1909f56bfc062723c751e8b465ee728b) [PhysX] Initialized MultithreadedTaskDispatcher with 24 workers.
 -> (artifact id: 'a35d6061184ae2ecbb98704b9c21f363') in 0.007030 seconds
Number of updated asset objects reloaded before import = 0
Number of asset objects unloaded after import = 140
========================================================================
Received Import Request.
  Time since last request: 7.110873 seconds.
  path: Assets/Prefab/GunSlot-Gun/M107/GunFrame-Blue.prefab
  artifactKey: Guid(3116a81dd7487274a9c27b5121cd6bae) Importer(815301076,1909f56bfc062723c751e8b465ee728b)
Start importing Assets/Prefab/GunSlot-Gun/M107/GunFrame-Blue.prefab using Guid(3116a81dd7487274a9c27b5121cd6bae) Importer(815301076,1909f56bfc062723c751e8b465ee728b) [PhysX] Initialized MultithreadedTaskDispatcher with 24 workers.
 -> (artifact id: 'fbbfb8a18e5cc7f0fca3a1639340e6ed') in 0.001713 seconds
Number of updated asset objects reloaded before import = 0
Number of asset objects unloaded after import = 12
========================================================================
Received Import Request.
  Time since last request: 0.000015 seconds.
  path: Assets/Prefab/GunSlot-Gun/M107/GunFrame-Green.prefab
  artifactKey: Guid(1a4393f9d770cda429eb155bc9109620) Importer(815301076,1909f56bfc062723c751e8b465ee728b)
Start importing Assets/Prefab/GunSlot-Gun/M107/GunFrame-Green.prefab using Guid(1a4393f9d770cda429eb155bc9109620) Importer(815301076,1909f56bfc062723c751e8b465ee728b) [PhysX] Initialized MultithreadedTaskDispatcher with 24 workers.
 -> (artifact id: '538ad7a8b38562842fb4b50921514842') in 0.001468 seconds
Number of updated asset objects reloaded before import = 0
Number of asset objects unloaded after import = 12
========================================================================
Received Import Request.
  Time since last request: 0.008306 seconds.
  path: Assets/Prefab/GunSlot-Gun/M107/GunFrame-Red.prefab
  artifactKey: Guid(b84fe668463de6d4ba51c9f7a38865eb) Importer(815301076,1909f56bfc062723c751e8b465ee728b)
Start importing Assets/Prefab/GunSlot-Gun/M107/GunFrame-Red.prefab using Guid(b84fe668463de6d4ba51c9f7a38865eb) Importer(815301076,1909f56bfc062723c751e8b465ee728b) [PhysX] Initialized MultithreadedTaskDispatcher with 24 workers.
 -> (artifact id: '8556adcea01a6234bbddd63ce517b0f8') in 0.001340 seconds
Number of updated asset objects reloaded before import = 0
Number of asset objects unloaded after import = 12
========================================================================
Received Import Request.
  Time since last request: 0.009886 seconds.
  path: Assets/Prefab/GunSlot-Gun/M107/GunFrame-White.prefab
  artifactKey: Guid(abb162ec448a3284d99046db0d1074f7) Importer(815301076,1909f56bfc062723c751e8b465ee728b)
Start importing Assets/Prefab/GunSlot-Gun/M107/GunFrame-White.prefab using Guid(abb162ec448a3284d99046db0d1074f7) Importer(815301076,1909f56bfc062723c751e8b465ee728b) [PhysX] Initialized MultithreadedTaskDispatcher with 24 workers.
 -> (artifact id: 'fdea0d4a23089bdbdd0d54472a30070e') in 0.001624 seconds
Number of updated asset objects reloaded before import = 0
Number of asset objects unloaded after import = 12
========================================================================
Received Import Request.
  Time since last request: 4.162893 seconds.
  path: Assets/Prefab/GunSlot-Gun/M107/3GunFrame-Blue.prefab
  artifactKey: Guid(3116a81dd7487274a9c27b5121cd6bae) Importer(815301076,1909f56bfc062723c751e8b465ee728b)
Start importing Assets/Prefab/GunSlot-Gun/M107/3GunFrame-Blue.prefab using Guid(3116a81dd7487274a9c27b5121cd6bae) Importer(815301076,1909f56bfc062723c751e8b465ee728b) [PhysX] Initialized MultithreadedTaskDispatcher with 24 workers.
 -> (artifact id: '6b5c7628281fe19d19bbd46783755c5b') in 0.001526 seconds
Number of updated asset objects reloaded before import = 0
Number of asset objects unloaded after import = 12
========================================================================
Received Import Request.
  Time since last request: 3.689379 seconds.
  path: Assets/Prefab/GunSlot-Gun/M107/5GunFrame-Gold.prefab
  artifactKey: Guid(20eaa077a634c214cb263fbf07aa5c50) Importer(815301076,1909f56bfc062723c751e8b465ee728b)
Start importing Assets/Prefab/GunSlot-Gun/M107/5GunFrame-Gold.prefab using Guid(20eaa077a634c214cb263fbf07aa5c50) Importer(815301076,1909f56bfc062723c751e8b465ee728b) [PhysX] Initialized MultithreadedTaskDispatcher with 24 workers.
 -> (artifact id: 'e2f27d86a2e91907dce78853b11a948c') in 0.001538 seconds
Number of updated asset objects reloaded before import = 0
Number of asset objects unloaded after import = 12
========================================================================
Received Import Request.
  Time since last request: 4.182167 seconds.
  path: Assets/Prefab/GunSlot-Gun/M107/2GunFrame-Green.prefab
  artifactKey: Guid(1a4393f9d770cda429eb155bc9109620) Importer(815301076,1909f56bfc062723c751e8b465ee728b)
Start importing Assets/Prefab/GunSlot-Gun/M107/2GunFrame-Green.prefab using Guid(1a4393f9d770cda429eb155bc9109620) Importer(815301076,1909f56bfc062723c751e8b465ee728b) [PhysX] Initialized MultithreadedTaskDispatcher with 24 workers.
 -> (artifact id: 'd93c9bb0e4103fcc059a99541b84de22') in 0.002721 seconds
Number of updated asset objects reloaded before import = 0
Number of asset objects unloaded after import = 12
========================================================================
Received Import Request.
  Time since last request: 3.669243 seconds.
  path: Assets/Prefab/GunSlot-Gun/M107/4GunFrame-Parple.prefab
  artifactKey: Guid(d644623163734f148b45d861601e1360) Importer(815301076,1909f56bfc062723c751e8b465ee728b)
Start importing Assets/Prefab/GunSlot-Gun/M107/4GunFrame-Parple.prefab using Guid(d644623163734f148b45d861601e1360) Importer(815301076,1909f56bfc062723c751e8b465ee728b) [PhysX] Initialized MultithreadedTaskDispatcher with 24 workers.
 -> (artifact id: '59bc8adac0263ccb3b4bcefb63341acd') in 0.001711 seconds
Number of updated asset objects reloaded before import = 0
Number of asset objects unloaded after import = 12
========================================================================
Received Import Request.
  Time since last request: 6.302862 seconds.
  path: Assets/Prefab/GunSlot-Gun/M107/6GunFrame-Red.prefab
  artifactKey: Guid(b84fe668463de6d4ba51c9f7a38865eb) Importer(815301076,1909f56bfc062723c751e8b465ee728b)
Start importing Assets/Prefab/GunSlot-Gun/M107/6GunFrame-Red.prefab using Guid(b84fe668463de6d4ba51c9f7a38865eb) Importer(815301076,1909f56bfc062723c751e8b465ee728b) [PhysX] Initialized MultithreadedTaskDispatcher with 24 workers.
 -> (artifact id: 'c4e2e63de6765eb2930deec008eca5eb') in 0.001753 seconds
Number of updated asset objects reloaded before import = 0
Number of asset objects unloaded after import = 12
========================================================================
Received Import Request.
  Time since last request: 9.215884 seconds.
  path: Assets/Prefab/GunSlot-Gun/M107/1GunFrame-White.prefab
  artifactKey: Guid(abb162ec448a3284d99046db0d1074f7) Importer(815301076,1909f56bfc062723c751e8b465ee728b)
Start importing Assets/Prefab/GunSlot-Gun/M107/1GunFrame-White.prefab using Guid(abb162ec448a3284d99046db0d1074f7) Importer(815301076,1909f56bfc062723c751e8b465ee728b) [PhysX] Initialized MultithreadedTaskDispatcher with 24 workers.
 -> (artifact id: '3cb6734305b28230a67bfacc35b50033') in 0.001677 seconds
Number of updated asset objects reloaded before import = 0
Number of asset objects unloaded after import = 12
========================================================================
Received Import Request.
  Time since last request: 1.885148 seconds.
  path: Assets/Prefab/Capsule/6.prefab
  artifactKey: Guid(68414552634811d4e8362098a6f653ff) Importer(815301076,1909f56bfc062723c751e8b465ee728b)
Start importing Assets/Prefab/Capsule/6.prefab using Guid(68414552634811d4e8362098a6f653ff) Importer(815301076,1909f56bfc062723c751e8b465ee728b) [PhysX] Initialized MultithreadedTaskDispatcher with 24 workers.
 -> (artifact id: '991d1f52b171adba061ed8965ab7f937') in 0.008655 seconds
Number of updated asset objects reloaded before import = 0
Number of asset objects unloaded after import = 140
========================================================================
Received Import Request.
  Time since last request: 14.208778 seconds.
  path: Assets/Prefab/Capsule/1.prefab
  artifactKey: Guid(4ee1340538a84e8499552d0d88397a4a) Importer(815301076,1909f56bfc062723c751e8b465ee728b)
Start importing Assets/Prefab/Capsule/1.prefab using Guid(4ee1340538a84e8499552d0d88397a4a) Importer(815301076,1909f56bfc062723c751e8b465ee728b) [PhysX] Initialized MultithreadedTaskDispatcher with 24 workers.
 -> (artifact id: 'e6f4a3ba608be5cd7eb17449c494ba7e') in 0.009471 seconds
Number of updated asset objects reloaded before import = 0
Number of asset objects unloaded after import = 149
========================================================================
Received Import Request.
  Time since last request: 9.399339 seconds.
  path: Assets/Prefab/Capsule/2.prefab
  artifactKey: Guid(ef74476718fdebb498b1bdc884102f9c) Importer(815301076,1909f56bfc062723c751e8b465ee728b)
Start importing Assets/Prefab/Capsule/2.prefab using Guid(ef74476718fdebb498b1bdc884102f9c) Importer(815301076,1909f56bfc062723c751e8b465ee728b) [PhysX] Initialized MultithreadedTaskDispatcher with 24 workers.
 -> (artifact id: '8e9aa561ce31ad2df95d158c8ea85d2b') in 0.007500 seconds
Number of updated asset objects reloaded before import = 0
Number of asset objects unloaded after import = 149
========================================================================
Received Import Request.
  Time since last request: 7.006195 seconds.
  path: Assets/Prefab/Capsule/3.prefab
  artifactKey: Guid(064ac52992e796c41b2034a3d850b98e) Importer(815301076,1909f56bfc062723c751e8b465ee728b)
Start importing Assets/Prefab/Capsule/3.prefab using Guid(064ac52992e796c41b2034a3d850b98e) Importer(815301076,1909f56bfc062723c751e8b465ee728b) [PhysX] Initialized MultithreadedTaskDispatcher with 24 workers.
 -> (artifact id: 'c333555b4bd156e5eab9aea896b002ac') in 0.006987 seconds
Number of updated asset objects reloaded before import = 0
Number of asset objects unloaded after import = 149
========================================================================
Received Import Request.
  Time since last request: 9.172473 seconds.
  path: Assets/Prefab/Capsule/4.prefab
  artifactKey: Guid(445dbd835b47a7840807650318010510) Importer(815301076,1909f56bfc062723c751e8b465ee728b)
Start importing Assets/Prefab/Capsule/4.prefab using Guid(445dbd835b47a7840807650318010510) Importer(815301076,1909f56bfc062723c751e8b465ee728b) [PhysX] Initialized MultithreadedTaskDispatcher with 24 workers.
 -> (artifact id: '60c6b6ba74707c2eef31817c4e034450') in 0.007471 seconds
Number of updated asset objects reloaded before import = 0
Number of asset objects unloaded after import = 149
========================================================================
Received Import Request.
  Time since last request: 18.285778 seconds.
  path: Assets/Prefab/Capsule/5.prefab
  artifactKey: Guid(d290e1e547ab2dc4da831141edee3d90) Importer(815301076,1909f56bfc062723c751e8b465ee728b)
Start importing Assets/Prefab/Capsule/5.prefab using Guid(d290e1e547ab2dc4da831141edee3d90) Importer(815301076,1909f56bfc062723c751e8b465ee728b) [PhysX] Initialized MultithreadedTaskDispatcher with 24 workers.
 -> (artifact id: 'f9a99f5e2c2f312146d3ef2ac47c9a97') in 0.007109 seconds
Number of updated asset objects reloaded before import = 0
Number of asset objects unloaded after import = 149
========================================================================
Received Import Request.
  Time since last request: 11.735634 seconds.
  path: Assets/Prefab/GunSlot-Gun/M249/3GunFrame-Blue.prefab
  artifactKey: Guid(cfc5a62dc92befa43aaeb2a85222daab) Importer(815301076,1909f56bfc062723c751e8b465ee728b)
Start importing Assets/Prefab/GunSlot-Gun/M249/3GunFrame-Blue.prefab using Guid(cfc5a62dc92befa43aaeb2a85222daab) Importer(815301076,1909f56bfc062723c751e8b465ee728b) [PhysX] Initialized MultithreadedTaskDispatcher with 24 workers.
 -> (artifact id: '3745c6bf2643ff51dcafe503ecab719d') in 0.001498 seconds
Number of updated asset objects reloaded before import = 0
Number of asset objects unloaded after import = 12
========================================================================
Received Import Request.
  Time since last request: 4.203487 seconds.
  path: Assets/Prefab/GunSlot-Gun/M249/5GunFrame-Gold.prefab
  artifactKey: Guid(b28becec6a6e6a44192ebddf93f89116) Importer(815301076,1909f56bfc062723c751e8b465ee728b)
Start importing Assets/Prefab/GunSlot-Gun/M249/5GunFrame-Gold.prefab using Guid(b28becec6a6e6a44192ebddf93f89116) Importer(815301076,1909f56bfc062723c751e8b465ee728b) [PhysX] Initialized MultithreadedTaskDispatcher with 24 workers.
 -> (artifact id: '09710184fdcf323d41386f50d7e0b8aa') in 0.001545 seconds
Number of updated asset objects reloaded before import = 0
Number of asset objects unloaded after import = 12
========================================================================
Received Import Request.
  Time since last request: 5.754353 seconds.
  path: Assets/Prefab/GunSlot-Gun/M249/2GunFrame-Green.prefab
  artifactKey: Guid(850172ff98c16524dbd2b276ea836f6e) Importer(815301076,1909f56bfc062723c751e8b465ee728b)
Start importing Assets/Prefab/GunSlot-Gun/M249/2GunFrame-Green.prefab using Guid(850172ff98c16524dbd2b276ea836f6e) Importer(815301076,1909f56bfc062723c751e8b465ee728b) [PhysX] Initialized MultithreadedTaskDispatcher with 24 workers.
 -> (artifact id: 'eff6355c4c8eda9cfabbaf8e946e0f61') in 0.001886 seconds
Number of updated asset objects reloaded before import = 0
Number of asset objects unloaded after import = 12
========================================================================
Received Import Request.
  Time since last request: 3.499716 seconds.
  path: Assets/Prefab/GunSlot-Gun/M249/4GunFrame-Parple.prefab
  artifactKey: Guid(5ea5d96ed596c9e4f97127ceb48b01e8) Importer(815301076,1909f56bfc062723c751e8b465ee728b)
Start importing Assets/Prefab/GunSlot-Gun/M249/4GunFrame-Parple.prefab using Guid(5ea5d96ed596c9e4f97127ceb48b01e8) Importer(815301076,1909f56bfc062723c751e8b465ee728b) [PhysX] Initialized MultithreadedTaskDispatcher with 24 workers.
 -> (artifact id: '1e6b61b3deec27101f9f19c110adab80') in 0.001566 seconds
Number of updated asset objects reloaded before import = 0
Number of asset objects unloaded after import = 12
========================================================================
Received Import Request.
  Time since last request: 4.272730 seconds.
  path: Assets/Prefab/GunSlot-Gun/M249/6GunFrame-Red.prefab
  artifactKey: Guid(5c4a805c8e186d2499ceb2d8d3492dca) Importer(815301076,1909f56bfc062723c751e8b465ee728b)
Start importing Assets/Prefab/GunSlot-Gun/M249/6GunFrame-Red.prefab using Guid(5c4a805c8e186d2499ceb2d8d3492dca) Importer(815301076,1909f56bfc062723c751e8b465ee728b) [PhysX] Initialized MultithreadedTaskDispatcher with 24 workers.
 -> (artifact id: '072e407815c6490b4e320110b7caf34a') in 0.001538 seconds
Number of updated asset objects reloaded before import = 0
Number of asset objects unloaded after import = 12
========================================================================
Received Import Request.
  Time since last request: 4.813046 seconds.
  path: Assets/Prefab/GunSlot-Gun/M249/1GunFrame-White.prefab
  artifactKey: Guid(88ad7b6f0493284428b37e1e345f93d9) Importer(815301076,1909f56bfc062723c751e8b465ee728b)
Start importing Assets/Prefab/GunSlot-Gun/M249/1GunFrame-White.prefab using Guid(88ad7b6f0493284428b37e1e345f93d9) Importer(815301076,1909f56bfc062723c751e8b465ee728b) [PhysX] Initialized MultithreadedTaskDispatcher with 24 workers.
 -> (artifact id: '8b20d373fba4b55019c2f662827ce2cc') in 0.002122 seconds
Number of updated asset objects reloaded before import = 0
Number of asset objects unloaded after import = 12
========================================================================
Received Import Request.
  Time since last request: 3.621558 seconds.
  path: Assets/Prefab/Capsule/6.prefab
  artifactKey: Guid(68414552634811d4e8362098a6f653ff) Importer(815301076,1909f56bfc062723c751e8b465ee728b)
Start importing Assets/Prefab/Capsule/6.prefab using Guid(68414552634811d4e8362098a6f653ff) Importer(815301076,1909f56bfc062723c751e8b465ee728b) [PhysX] Initialized MultithreadedTaskDispatcher with 24 workers.
 -> (artifact id: '64a4ffefdcfe81315b57945d0d1fdddf') in 0.007373 seconds
Number of updated asset objects reloaded before import = 0
Number of asset objects unloaded after import = 149
========================================================================
Received Import Request.
  Time since last request: 17.344710 seconds.
  path: Assets/Prefab/Capsule/1.prefab
  artifactKey: Guid(4ee1340538a84e8499552d0d88397a4a) Importer(815301076,1909f56bfc062723c751e8b465ee728b)
Start importing Assets/Prefab/Capsule/1.prefab using Guid(4ee1340538a84e8499552d0d88397a4a) Importer(815301076,1909f56bfc062723c751e8b465ee728b) [PhysX] Initialized MultithreadedTaskDispatcher with 24 workers.
 -> (artifact id: '567d42b24d41bb71b7e25da130682b12') in 0.007251 seconds
Number of updated asset objects reloaded before import = 0
Number of asset objects unloaded after import = 158
========================================================================
Received Import Request.
  Time since last request: 6.526914 seconds.
  path: Assets/Prefab/Capsule/2.prefab
  artifactKey: Guid(ef74476718fdebb498b1bdc884102f9c) Importer(815301076,1909f56bfc062723c751e8b465ee728b)
Start importing Assets/Prefab/Capsule/2.prefab using Guid(ef74476718fdebb498b1bdc884102f9c) Importer(815301076,1909f56bfc062723c751e8b465ee728b) [PhysX] Initialized MultithreadedTaskDispatcher with 24 workers.
 -> (artifact id: 'fce37ddb89824ac1d4fcea1e6b829e95') in 0.006991 seconds
Number of updated asset objects reloaded before import = 0
Number of asset objects unloaded after import = 158
========================================================================
Received Import Request.
  Time since last request: 7.912570 seconds.
  path: Assets/Prefab/Capsule/3.prefab
  artifactKey: Guid(064ac52992e796c41b2034a3d850b98e) Importer(815301076,1909f56bfc062723c751e8b465ee728b)
Start importing Assets/Prefab/Capsule/3.prefab using Guid(064ac52992e796c41b2034a3d850b98e) Importer(815301076,1909f56bfc062723c751e8b465ee728b) [PhysX] Initialized MultithreadedTaskDispatcher with 24 workers.
 -> (artifact id: '7239856303d198f4354cf1a0f83d9ceb') in 0.010908 seconds
Number of updated asset objects reloaded before import = 0
Number of asset objects unloaded after import = 158
========================================================================
Received Import Request.
  Time since last request: 6.070795 seconds.
  path: Assets/Prefab/Capsule/4.prefab
  artifactKey: Guid(445dbd835b47a7840807650318010510) Importer(815301076,1909f56bfc062723c751e8b465ee728b)
Start importing Assets/Prefab/Capsule/4.prefab using Guid(445dbd835b47a7840807650318010510) Importer(815301076,1909f56bfc062723c751e8b465ee728b) [PhysX] Initialized MultithreadedTaskDispatcher with 24 workers.
 -> (artifact id: '210232195b7de09cce567d55406ed926') in 0.007501 seconds
Number of updated asset objects reloaded before import = 0
Number of asset objects unloaded after import = 158
========================================================================
Received Import Request.
  Time since last request: 6.237147 seconds.
  path: Assets/Prefab/Capsule/5.prefab
  artifactKey: Guid(d290e1e547ab2dc4da831141edee3d90) Importer(815301076,1909f56bfc062723c751e8b465ee728b)
Start importing Assets/Prefab/Capsule/5.prefab using Guid(d290e1e547ab2dc4da831141edee3d90) Importer(815301076,1909f56bfc062723c751e8b465ee728b) [PhysX] Initialized MultithreadedTaskDispatcher with 24 workers.
 -> (artifact id: '433ca65095291010bebd7079754f8299') in 0.008306 seconds
Number of updated asset objects reloaded before import = 0
Number of asset objects unloaded after import = 158
========================================================================
Received Import Request.
  Time since last request: 5.531570 seconds.
  path: Assets/Prefab/GunSlot-Gun/Pistol/GunFrame-Blue.prefab
  artifactKey: Guid(bb7fbb957a208b047a196e1f9e68501a) Importer(815301076,1909f56bfc062723c751e8b465ee728b)
Start importing Assets/Prefab/GunSlot-Gun/Pistol/GunFrame-Blue.prefab using Guid(bb7fbb957a208b047a196e1f9e68501a) Importer(815301076,1909f56bfc062723c751e8b465ee728b) [PhysX] Initialized MultithreadedTaskDispatcher with 24 workers.
 -> (artifact id: 'bf58183457a5d0ab15de02990a6b730d') in 0.001619 seconds
Number of updated asset objects reloaded before import = 0
Number of asset objects unloaded after import = 12
========================================================================
Received Import Request.
  Time since last request: 0.000015 seconds.
  path: Assets/Prefab/GunSlot-Gun/Pistol/GunFrame-Gold.prefab
  artifactKey: Guid(e34918a4c830468478879947b9c6f966) Importer(815301076,1909f56bfc062723c751e8b465ee728b)
Start importing Assets/Prefab/GunSlot-Gun/Pistol/GunFrame-Gold.prefab using Guid(e34918a4c830468478879947b9c6f966) Importer(815301076,1909f56bfc062723c751e8b465ee728b) [PhysX] Initialized MultithreadedTaskDispatcher with 24 workers.
 -> (artifact id: 'db92bb23d3ffe94c20e5cdde97c7b867') in 0.001425 seconds
Number of updated asset objects reloaded before import = 0
Number of asset objects unloaded after import = 12
========================================================================
Received Import Request.
  Time since last request: 0.012852 seconds.
  path: Assets/Prefab/GunSlot-Gun/Pistol/GunFrame-Green.prefab
  artifactKey: Guid(5fd151e952743394e90a2d5e363e88a9) Importer(815301076,1909f56bfc062723c751e8b465ee728b)
Start importing Assets/Prefab/GunSlot-Gun/Pistol/GunFrame-Green.prefab using Guid(5fd151e952743394e90a2d5e363e88a9) Importer(815301076,1909f56bfc062723c751e8b465ee728b) [PhysX] Initialized MultithreadedTaskDispatcher with 24 workers.
 -> (artifact id: '824ed6d90cbbca1ddfbe26e8231df484') in 0.001376 seconds
Number of updated asset objects reloaded before import = 0
Number of asset objects unloaded after import = 12
========================================================================
Received Import Request.
  Time since last request: 0.004199 seconds.
  path: Assets/Prefab/GunSlot-Gun/Pistol/GunFrame-Parple.prefab
  artifactKey: Guid(6fcb7c14c4271cc4c9bc93f8b3598caa) Importer(815301076,1909f56bfc062723c751e8b465ee728b)
Start importing Assets/Prefab/GunSlot-Gun/Pistol/GunFrame-Parple.prefab using Guid(6fcb7c14c4271cc4c9bc93f8b3598caa) Importer(815301076,1909f56bfc062723c751e8b465ee728b) [PhysX] Initialized MultithreadedTaskDispatcher with 24 workers.
 -> (artifact id: '3efe50274ebf98df1239c3432d8d326c') in 0.001297 seconds
Number of updated asset objects reloaded before import = 0
Number of asset objects unloaded after import = 12
========================================================================
Received Import Request.
  Time since last request: 0.012361 seconds.
  path: Assets/Prefab/GunSlot-Gun/Pistol/GunFrame-Red.prefab
  artifactKey: Guid(e1665917cdb7e42468feda5464948b97) Importer(815301076,1909f56bfc062723c751e8b465ee728b)
Start importing Assets/Prefab/GunSlot-Gun/Pistol/GunFrame-Red.prefab using Guid(e1665917cdb7e42468feda5464948b97) Importer(815301076,1909f56bfc062723c751e8b465ee728b) [PhysX] Initialized MultithreadedTaskDispatcher with 24 workers.
 -> (artifact id: '89a90023f66f28519ca0ed822f35bf47') in 0.001305 seconds
Number of updated asset objects reloaded before import = 0
Number of asset objects unloaded after import = 12
========================================================================
Received Import Request.
  Time since last request: 4.551101 seconds.
  path: Assets/Prefab/GunSlot-Gun/Pistol/3GunFrame-Blue.prefab
  artifactKey: Guid(bb7fbb957a208b047a196e1f9e68501a) Importer(815301076,1909f56bfc062723c751e8b465ee728b)
Start importing Assets/Prefab/GunSlot-Gun/Pistol/3GunFrame-Blue.prefab using Guid(bb7fbb957a208b047a196e1f9e68501a) Importer(815301076,1909f56bfc062723c751e8b465ee728b) [PhysX] Initialized MultithreadedTaskDispatcher with 24 workers.
 -> (artifact id: 'c2e2bb0bd03ae015261c99690011db72') in 0.001668 seconds
Number of updated asset objects reloaded before import = 0
Number of asset objects unloaded after import = 12
========================================================================
Received Import Request.
  Time since last request: 4.916907 seconds.
  path: Assets/Prefab/GunSlot-Gun/Pistol/5GunFrame-Gold.prefab
  artifactKey: Guid(e34918a4c830468478879947b9c6f966) Importer(815301076,1909f56bfc062723c751e8b465ee728b)
Start importing Assets/Prefab/GunSlot-Gun/Pistol/5GunFrame-Gold.prefab using Guid(e34918a4c830468478879947b9c6f966) Importer(815301076,1909f56bfc062723c751e8b465ee728b) [PhysX] Initialized MultithreadedTaskDispatcher with 24 workers.
 -> (artifact id: '2808ae590f498200ba1649258f528fe0') in 0.001601 seconds
Number of updated asset objects reloaded before import = 0
Number of asset objects unloaded after import = 12
========================================================================
Received Import Request.
  Time since last request: 8.304929 seconds.
  path: Assets/Prefab/GunSlot-Gun/Pistol/2GunFrame-Green.prefab
  artifactKey: Guid(5fd151e952743394e90a2d5e363e88a9) Importer(815301076,1909f56bfc062723c751e8b465ee728b)
Start importing Assets/Prefab/GunSlot-Gun/Pistol/2GunFrame-Green.prefab using Guid(5fd151e952743394e90a2d5e363e88a9) Importer(815301076,1909f56bfc062723c751e8b465ee728b) [PhysX] Initialized MultithreadedTaskDispatcher with 24 workers.
 -> (artifact id: 'c0896ee23f35f34c575b8487c111e894') in 0.001589 seconds
Number of updated asset objects reloaded before import = 0
Number of asset objects unloaded after import = 12
========================================================================
Received Import Request.
  Time since last request: 4.238840 seconds.
  path: Assets/Prefab/GunSlot-Gun/Pistol/4GunFrame-Parple.prefab
  artifactKey: Guid(6fcb7c14c4271cc4c9bc93f8b3598caa) Importer(815301076,1909f56bfc062723c751e8b465ee728b)
Start importing Assets/Prefab/GunSlot-Gun/Pistol/4GunFrame-Parple.prefab using Guid(6fcb7c14c4271cc4c9bc93f8b3598caa) Importer(815301076,1909f56bfc062723c751e8b465ee728b) [PhysX] Initialized MultithreadedTaskDispatcher with 24 workers.
 -> (artifact id: '9c28afb7446874522432c194fc32ac4a') in 0.001558 seconds
Number of updated asset objects reloaded before import = 0
Number of asset objects unloaded after import = 12
========================================================================
Received Import Request.
  Time since last request: 4.644930 seconds.
  path: Assets/Prefab/GunSlot-Gun/Pistol/6GunFrame-Red.prefab
  artifactKey: Guid(e1665917cdb7e42468feda5464948b97) Importer(815301076,1909f56bfc062723c751e8b465ee728b)
Start importing Assets/Prefab/GunSlot-Gun/Pistol/6GunFrame-Red.prefab using Guid(e1665917cdb7e42468feda5464948b97) Importer(815301076,1909f56bfc062723c751e8b465ee728b) [PhysX] Initialized MultithreadedTaskDispatcher with 24 workers.
 -> (artifact id: 'a134004ed9f52fe80ac52e1deb39806d') in 0.001503 seconds
Number of updated asset objects reloaded before import = 0
Number of asset objects unloaded after import = 12
========================================================================
Received Import Request.
  Time since last request: 3.360049 seconds.
  path: Assets/Prefab/GunSlot-Gun/Pistol/1GunFrame-White.prefab
  artifactKey: Guid(a9e1471162cb16246a770ef8a5fe34c0) Importer(815301076,1909f56bfc062723c751e8b465ee728b)
Start importing Assets/Prefab/GunSlot-Gun/Pistol/1GunFrame-White.prefab using Guid(a9e1471162cb16246a770ef8a5fe34c0) Importer(815301076,1909f56bfc062723c751e8b465ee728b) [PhysX] Initialized MultithreadedTaskDispatcher with 24 workers.
 -> (artifact id: 'b11b503224176c3ed7efdd5505ad1787') in 0.001614 seconds
Number of updated asset objects reloaded before import = 0
Number of asset objects unloaded after import = 12
========================================================================
Received Import Request.
  Time since last request: 2.348567 seconds.
  path: Assets/Prefab/Capsule/6.prefab
  artifactKey: Guid(68414552634811d4e8362098a6f653ff) Importer(815301076,1909f56bfc062723c751e8b465ee728b)
Start importing Assets/Prefab/Capsule/6.prefab using Guid(68414552634811d4e8362098a6f653ff) Importer(815301076,1909f56bfc062723c751e8b465ee728b) [PhysX] Initialized MultithreadedTaskDispatcher with 24 workers.
 -> (artifact id: '704e4cf3986f25e6d7d13b8d18918d0c') in 0.007530 seconds
Number of updated asset objects reloaded before import = 0
Number of asset objects unloaded after import = 158
========================================================================
Received Import Request.
  Time since last request: 10.893250 seconds.
  path: Assets/Prefab/Capsule/1.prefab
  artifactKey: Guid(4ee1340538a84e8499552d0d88397a4a) Importer(815301076,1909f56bfc062723c751e8b465ee728b)
Start importing Assets/Prefab/Capsule/1.prefab using Guid(4ee1340538a84e8499552d0d88397a4a) Importer(815301076,1909f56bfc062723c751e8b465ee728b) [PhysX] Initialized MultithreadedTaskDispatcher with 24 workers.
 -> (artifact id: 'a228973039a533e304266a58d8e70c2a') in 0.007421 seconds
Number of updated asset objects reloaded before import = 0
Number of asset objects unloaded after import = 167
========================================================================
Received Import Request.
  Time since last request: 9.032343 seconds.
  path: Assets/Prefab/Capsule/2.prefab
  artifactKey: Guid(ef74476718fdebb498b1bdc884102f9c) Importer(815301076,1909f56bfc062723c751e8b465ee728b)
Start importing Assets/Prefab/Capsule/2.prefab using Guid(ef74476718fdebb498b1bdc884102f9c) Importer(815301076,1909f56bfc062723c751e8b465ee728b) [PhysX] Initialized MultithreadedTaskDispatcher with 24 workers.
 -> (artifact id: 'ede2946dae7e8bac720c7b2b1930db13') in 0.007345 seconds
Number of updated asset objects reloaded before import = 0
Number of asset objects unloaded after import = 167
========================================================================
Received Import Request.
  Time since last request: 5.439670 seconds.
  path: Assets/Prefab/Capsule/3.prefab
  artifactKey: Guid(064ac52992e796c41b2034a3d850b98e) Importer(815301076,1909f56bfc062723c751e8b465ee728b)
Start importing Assets/Prefab/Capsule/3.prefab using Guid(064ac52992e796c41b2034a3d850b98e) Importer(815301076,1909f56bfc062723c751e8b465ee728b) [PhysX] Initialized MultithreadedTaskDispatcher with 24 workers.
 -> (artifact id: 'e97d8145ca232f204e0a86ae7c42fa21') in 0.009397 seconds
Number of updated asset objects reloaded before import = 0
Number of asset objects unloaded after import = 167
========================================================================
Received Import Request.
  Time since last request: 5.311441 seconds.
  path: Assets/Prefab/Capsule/4.prefab
  artifactKey: Guid(445dbd835b47a7840807650318010510) Importer(815301076,1909f56bfc062723c751e8b465ee728b)
Start importing Assets/Prefab/Capsule/4.prefab using Guid(445dbd835b47a7840807650318010510) Importer(815301076,1909f56bfc062723c751e8b465ee728b) [PhysX] Initialized MultithreadedTaskDispatcher with 24 workers.
 -> (artifact id: 'bdbecee336a88b167aac75729f209671') in 0.008027 seconds
Number of updated asset objects reloaded before import = 0
Number of asset objects unloaded after import = 167
========================================================================
Received Import Request.
  Time since last request: 4.912644 seconds.
  path: Assets/Prefab/Capsule/5.prefab
  artifactKey: Guid(d290e1e547ab2dc4da831141edee3d90) Importer(815301076,1909f56bfc062723c751e8b465ee728b)
Start importing Assets/Prefab/Capsule/5.prefab using Guid(d290e1e547ab2dc4da831141edee3d90) Importer(815301076,1909f56bfc062723c751e8b465ee728b) [PhysX] Initialized MultithreadedTaskDispatcher with 24 workers.
 -> (artifact id: '5aaace498909f27daadc470a951f5ed9') in 0.007376 seconds
Number of updated asset objects reloaded before import = 0
Number of asset objects unloaded after import = 167
========================================================================
Received Import Request.
  Time since last request: 12.675909 seconds.
  path: Assets/Prefab/GunSlot-Gun/RPG7/3GunFrame-Blue.prefab
  artifactKey: Guid(aaaa330b1e2e4624fb4666052a5417f1) Importer(815301076,1909f56bfc062723c751e8b465ee728b)
Start importing Assets/Prefab/GunSlot-Gun/RPG7/3GunFrame-Blue.prefab using Guid(aaaa330b1e2e4624fb4666052a5417f1) Importer(815301076,1909f56bfc062723c751e8b465ee728b) [PhysX] Initialized MultithreadedTaskDispatcher with 24 workers.
 -> (artifact id: 'b8cc9fe2af8c72c43182c9b5ba8efeea') in 0.001507 seconds
Number of updated asset objects reloaded before import = 0
Number of asset objects unloaded after import = 12
========================================================================
Received Import Request.
  Time since last request: 6.342591 seconds.
  path: Assets/Prefab/GunSlot-Gun/RPG7/5GunFrame-Gold.prefab
  artifactKey: Guid(c88b4b5f97541cd408755e0c2b28bd79) Importer(815301076,1909f56bfc062723c751e8b465ee728b)
Start importing Assets/Prefab/GunSlot-Gun/RPG7/5GunFrame-Gold.prefab using Guid(c88b4b5f97541cd408755e0c2b28bd79) Importer(815301076,1909f56bfc062723c751e8b465ee728b) [PhysX] Initialized MultithreadedTaskDispatcher with 24 workers.
 -> (artifact id: 'd1e65db6a270ced6812dea1512df76e1') in 0.001490 seconds
Number of updated asset objects reloaded before import = 0
Number of asset objects unloaded after import = 12
========================================================================
Received Import Request.
  Time since last request: 4.314569 seconds.
  path: Assets/Prefab/GunSlot-Gun/RPG7/2GunFrame-Green.prefab
  artifactKey: Guid(41e83bff094cf554f9847474ed2f1b73) Importer(815301076,1909f56bfc062723c751e8b465ee728b)
Start importing Assets/Prefab/GunSlot-Gun/RPG7/2GunFrame-Green.prefab using Guid(41e83bff094cf554f9847474ed2f1b73) Importer(815301076,1909f56bfc062723c751e8b465ee728b) [PhysX] Initialized MultithreadedTaskDispatcher with 24 workers.
 -> (artifact id: '62aa969d7fb61d9b9362d2cc8eec7e35') in 0.001725 seconds
Number of updated asset objects reloaded before import = 0
Number of asset objects unloaded after import = 12
========================================================================
Received Import Request.
  Time since last request: 5.087430 seconds.
  path: Assets/Prefab/GunSlot-Gun/RPG7/4GunFrame-Parple.prefab
  artifactKey: Guid(46c393c666f53884da5932278da7835c) Importer(815301076,1909f56bfc062723c751e8b465ee728b)
Start importing Assets/Prefab/GunSlot-Gun/RPG7/4GunFrame-Parple.prefab using Guid(46c393c666f53884da5932278da7835c) Importer(815301076,1909f56bfc062723c751e8b465ee728b) [PhysX] Initialized MultithreadedTaskDispatcher with 24 workers.
 -> (artifact id: 'a06b6f7c4fb7c9d55dd29337ef0e01e2') in 0.001653 seconds
Number of updated asset objects reloaded before import = 0
Number of asset objects unloaded after import = 12
========================================================================
Received Import Request.
  Time since last request: 4.759646 seconds.
  path: Assets/Prefab/GunSlot-Gun/RPG7/6GunFrame-Red.prefab
  artifactKey: Guid(9138e2cd74272154286c838864e99764) Importer(815301076,1909f56bfc062723c751e8b465ee728b)
Start importing Assets/Prefab/GunSlot-Gun/RPG7/6GunFrame-Red.prefab using Guid(9138e2cd74272154286c838864e99764) Importer(815301076,1909f56bfc062723c751e8b465ee728b) [PhysX] Initialized MultithreadedTaskDispatcher with 24 workers.
 -> (artifact id: '3306b1dcc95ebbaf93f92885a94e68f5') in 0.001719 seconds
Number of updated asset objects reloaded before import = 0
Number of asset objects unloaded after import = 12
========================================================================
Received Import Request.
  Time since last request: 6.211524 seconds.
  path: Assets/Prefab/GunSlot-Gun/RPG7/1GunFrame-White.prefab
  artifactKey: Guid(9961787935bb65744af239c74b97c76b) Importer(815301076,1909f56bfc062723c751e8b465ee728b)
Start importing Assets/Prefab/GunSlot-Gun/RPG7/1GunFrame-White.prefab using Guid(9961787935bb65744af239c74b97c76b) Importer(815301076,1909f56bfc062723c751e8b465ee728b) [PhysX] Initialized MultithreadedTaskDispatcher with 24 workers.
 -> (artifact id: '18ab1000acf02b94e2a1fab8c0342695') in 0.001608 seconds
Number of updated asset objects reloaded before import = 0
Number of asset objects unloaded after import = 12
========================================================================
Received Import Request.
  Time since last request: 3.965849 seconds.
  path: Assets/Prefab/Capsule/6.prefab
  artifactKey: Guid(68414552634811d4e8362098a6f653ff) Importer(815301076,1909f56bfc062723c751e8b465ee728b)
Start importing Assets/Prefab/Capsule/6.prefab using Guid(68414552634811d4e8362098a6f653ff) Importer(815301076,1909f56bfc062723c751e8b465ee728b) [PhysX] Initialized MultithreadedTaskDispatcher with 24 workers.
 -> (artifact id: '388b3eee4ad73f7053bedea67f0ac2c1') in 0.009381 seconds
Number of updated asset objects reloaded before import = 0
Number of asset objects unloaded after import = 167
========================================================================
Received Import Request.
  Time since last request: 9.764470 seconds.
  path: Assets/Prefab/Capsule/1.prefab
  artifactKey: Guid(4ee1340538a84e8499552d0d88397a4a) Importer(815301076,1909f56bfc062723c751e8b465ee728b)
Start importing Assets/Prefab/Capsule/1.prefab using Guid(4ee1340538a84e8499552d0d88397a4a) Importer(815301076,1909f56bfc062723c751e8b465ee728b) [PhysX] Initialized MultithreadedTaskDispatcher with 24 workers.
 -> (artifact id: '2c8b2251576e25eb2ffb91688fcad543') in 0.008103 seconds
Number of updated asset objects reloaded before import = 0
Number of asset objects unloaded after import = 176
========================================================================
Received Import Request.
  Time since last request: 7.041108 seconds.
  path: Assets/Prefab/Capsule/2.prefab
  artifactKey: Guid(ef74476718fdebb498b1bdc884102f9c) Importer(815301076,1909f56bfc062723c751e8b465ee728b)
Start importing Assets/Prefab/Capsule/2.prefab using Guid(ef74476718fdebb498b1bdc884102f9c) Importer(815301076,1909f56bfc062723c751e8b465ee728b) [PhysX] Initialized MultithreadedTaskDispatcher with 24 workers.
 -> (artifact id: '9b70fcea6d0d5de23d941188985c26ca') in 0.007346 seconds
Number of updated asset objects reloaded before import = 0
Number of asset objects unloaded after import = 176
========================================================================
Received Import Request.
  Time since last request: 4.450100 seconds.
  path: Assets/Prefab/Capsule/3.prefab
  artifactKey: Guid(064ac52992e796c41b2034a3d850b98e) Importer(815301076,1909f56bfc062723c751e8b465ee728b)
Start importing Assets/Prefab/Capsule/3.prefab using Guid(064ac52992e796c41b2034a3d850b98e) Importer(815301076,1909f56bfc062723c751e8b465ee728b) [PhysX] Initialized MultithreadedTaskDispatcher with 24 workers.
 -> (artifact id: 'cf92422d9159bca54c901f575cbd10d1') in 0.007420 seconds
Number of updated asset objects reloaded before import = 0
Number of asset objects unloaded after import = 176
========================================================================
Received Import Request.
  Time since last request: 4.945806 seconds.
  path: Assets/Prefab/Capsule/4.prefab
  artifactKey: Guid(445dbd835b47a7840807650318010510) Importer(815301076,1909f56bfc062723c751e8b465ee728b)
Start importing Assets/Prefab/Capsule/4.prefab using Guid(445dbd835b47a7840807650318010510) Importer(815301076,1909f56bfc062723c751e8b465ee728b) [PhysX] Initialized MultithreadedTaskDispatcher with 24 workers.
 -> (artifact id: 'bfabfa594188cfb74a0ea0831da5f48c') in 0.007258 seconds
Number of updated asset objects reloaded before import = 0
Number of asset objects unloaded after import = 176
========================================================================
Received Import Request.
  Time since last request: 6.072450 seconds.
  path: Assets/Prefab/Capsule/5.prefab
  artifactKey: Guid(d290e1e547ab2dc4da831141edee3d90) Importer(815301076,1909f56bfc062723c751e8b465ee728b)
Start importing Assets/Prefab/Capsule/5.prefab using Guid(d290e1e547ab2dc4da831141edee3d90) Importer(815301076,1909f56bfc062723c751e8b465ee728b) [PhysX] Initialized MultithreadedTaskDispatcher with 24 workers.
 -> (artifact id: 'bdf7af2312a10a69e05a8fa30e8e2167') in 0.008161 seconds
Number of updated asset objects reloaded before import = 0
Number of asset objects unloaded after import = 176
========================================================================
Received Import Request.
  Time since last request: 130.327319 seconds.
  path: Assets/Scenes/Weapon SelectScene.unity
  artifactKey: Guid(103e36977bf89bd44a01c6fcd4d1b494) Importer(815301076,1909f56bfc062723c751e8b465ee728b)
Start importing Assets/Scenes/Weapon SelectScene.unity using Guid(103e36977bf89bd44a01c6fcd4d1b494) Importer(815301076,1909f56bfc062723c751e8b465ee728b) [PhysX] Initialized MultithreadedTaskDispatcher with 24 workers.
 -> (artifact id: '23d9d948527e8ef21360b924009d5bc9') in 0.000464 seconds
Number of updated asset objects reloaded before import = 0
Number of asset objects unloaded after import = 0
========================================================================
Received Import Request.
  Time since last request: 76.952885 seconds.
  path: Assets/Scenes/weapon gacha Scene.unity
  artifactKey: Guid(da07ce1491cc4c446802c29730643123) Importer(815301076,1909f56bfc062723c751e8b465ee728b)
Start importing Assets/Scenes/weapon gacha Scene.unity using Guid(da07ce1491cc4c446802c29730643123) Importer(815301076,1909f56bfc062723c751e8b465ee728b) [PhysX] Initialized MultithreadedTaskDispatcher with 24 workers.
 -> (artifact id: '5c4b131eb444000b5ce20b2615fe9822') in 0.001075 seconds
Number of updated asset objects reloaded before import = 0
Number of asset objects unloaded after import = 0
========================================================================
Received Prepare
Caller must complete domain reload
Begin MonoManager ReloadAssembly
- Loaded All Assemblies, in  0.269 seconds
Native extension for WindowsStandalone target not found
Mono: successfully reloaded assembly
- Finished resetting the current domain, in  1.184 seconds
Domain Reload Profiling: 1452ms
	BeginReloadAssembly (97ms)
		ExecutionOrderSort (0ms)
		DisableScriptedObjects (3ms)
		BackupInstance (0ms)
		ReleaseScriptingObjects (0ms)
		CreateAndSetChildDomain (22ms)
	RebuildCommonClasses (19ms)
	RebuildNativeTypeToScriptingClass (6ms)
	initialDomainReloadingComplete (17ms)
	LoadAllAssembliesAndSetupDomain (129ms)
		LoadAssemblies (167ms)
		RebuildTransferFunctionScriptingTraits (0ms)
		AnalyzeDomain (10ms)
			TypeCache.Refresh (4ms)
				TypeCache.ScanAssembly (0ms)
			ScanForSourceGeneratedMonoScriptInfo (0ms)
			ResolveRequiredComponents (4ms)
	FinalizeReload (1185ms)
		ReleaseScriptCaches (0ms)
		RebuildScriptCaches (0ms)
		SetupLoadedEditorAssemblies (853ms)
			LogAssemblyErrors (0ms)
			InitializePlatformSupportModulesInManaged (5ms)
			SetLoadedEditorAssemblies (3ms)
			RefreshPlugins (0ms)
			BeforeProcessingInitializeOnLoad (51ms)
			ProcessInitializeOnLoadAttributes (746ms)
			ProcessInitializeOnLoadMethodAttributes (44ms)
			AfterProcessingInitializeOnLoad (4ms)
			EditorAssembliesLoaded (0ms)
		ExecutionOrderSort2 (0ms)
		AwakeInstancesAfterBackupRestoration (5ms)
Refreshing native plugins compatible for Editor in 3.74 ms, found 6 plugins.
Preloading 0 native plugins for Editor in 0.00 ms.
Unloading 5142 Unused Serialized files (Serialized files now loaded: 0)
Unloading 747 unused Assets / (0.5 MB). Loaded Objects now: 5523.
Memory consumption went from 248.9 MB to 248.4 MB.
Total: 2.859900 ms (FindLiveObjects: 0.234500 ms CreateObjectMapping: 0.119200 ms MarkObjects: 1.859600 ms  DeleteObjects: 0.645900 ms)

Prepare: number of updated asset objects reloaded= 0
AssetImportParameters requested are different than current active one (requested -> active):
  custom:container-demuxer-ogg: 62fdf1f143b41e24485cea50d1cbac27 -> 
  custom:video-codec-MediaFoundation-h265: 746d11721c4dcdbdad8f713fa42b33f4 -> 
  custom:video-decoder-ogg-theora: a1e56fd34408186e4bbccfd4996cb3dc -> 
  custom:framework-win-MediaFoundation: 216162199b28c13a410421893ffa2e32 -> 
  custom:CustomObjectIndexerAttribute: 9a22284fe3817be447336de3de66b15e -> 
  custom:container-demuxer-webm: 4f35f7cbe854078d1ac9338744f61a02 -> 
  custom:container-muxer-webm: aa71ff27fc2769a1b78a27578f13a17b -> 
  custom:video-decoder-webm-vp8: 9c59270c3fd7afecdb556c50c9e8de78 -> 
  custom:SearchIndexIgnoredProperties: e643bd26f0fe6173181afceb89e7c659 -> 
  custom:AudioImporter_EditorPlatform: d09bf68614088b80899f8185d706f6e7 -> 
  custom:video-encoder-webm-vp8: eb34c28f22e8b96e1ab97ce403110664 -> 
  custom:audio-decoder-ogg-vorbis: bf7c407c2cedff20999df2af8eb42d56 -> 
  custom:audio-encoder-webm-vorbis: bf7c407c2cedff20999df2af8eb42d56 -> 
========================================================================
Received Prepare
Caller must complete domain reload
Begin MonoManager ReloadAssembly
- Loaded All Assemblies, in  0.255 seconds
Native extension for WindowsStandalone target not found
Mono: successfully reloaded assembly
- Finished resetting the current domain, in  1.079 seconds
Domain Reload Profiling: 1333ms
	BeginReloadAssembly (89ms)
		ExecutionOrderSort (0ms)
		DisableScriptedObjects (3ms)
		BackupInstance (0ms)
		ReleaseScriptingObjects (0ms)
		CreateAndSetChildDomain (17ms)
	RebuildCommonClasses (19ms)
	RebuildNativeTypeToScriptingClass (9ms)
	initialDomainReloadingComplete (16ms)
	LoadAllAssembliesAndSetupDomain (120ms)
		LoadAssemblies (156ms)
		RebuildTransferFunctionScriptingTraits (0ms)
		AnalyzeDomain (11ms)
			TypeCache.Refresh (6ms)
				TypeCache.ScanAssembly (0ms)
			ScanForSourceGeneratedMonoScriptInfo (0ms)
			ResolveRequiredComponents (4ms)
	FinalizeReload (1079ms)
		ReleaseScriptCaches (0ms)
		RebuildScriptCaches (0ms)
		SetupLoadedEditorAssemblies (799ms)
			LogAssemblyErrors (0ms)
			InitializePlatformSupportModulesInManaged (4ms)
			SetLoadedEditorAssemblies (3ms)
			RefreshPlugins (0ms)
			BeforeProcessingInitializeOnLoad (50ms)
			ProcessInitializeOnLoadAttributes (696ms)
			ProcessInitializeOnLoadMethodAttributes (44ms)
			AfterProcessingInitializeOnLoad (4ms)
			EditorAssembliesLoaded (0ms)
		ExecutionOrderSort2 (0ms)
		AwakeInstancesAfterBackupRestoration (5ms)
Refreshing native plugins compatible for Editor in 3.65 ms, found 6 plugins.
Preloading 0 native plugins for Editor in 0.00 ms.
Unloading 5143 Unused Serialized files (Serialized files now loaded: 0)
Unloading 746 unused Assets / (0.6 MB). Loaded Objects now: 5527.
Memory consumption went from 249.2 MB to 248.6 MB.
Total: 2.652700 ms (FindLiveObjects: 0.251100 ms CreateObjectMapping: 0.082700 ms MarkObjects: 1.758800 ms  DeleteObjects: 0.559400 ms)

Prepare: number of updated asset objects reloaded= 0
AssetImportParameters requested are different than current active one (requested -> active):
  custom:container-demuxer-ogg: 62fdf1f143b41e24485cea50d1cbac27 -> 
  custom:video-codec-MediaFoundation-h265: 746d11721c4dcdbdad8f713fa42b33f4 -> 
  custom:video-decoder-ogg-theora: a1e56fd34408186e4bbccfd4996cb3dc -> 
  custom:framework-win-MediaFoundation: 216162199b28c13a410421893ffa2e32 -> 
  custom:CustomObjectIndexerAttribute: 9a22284fe3817be447336de3de66b15e -> 
  custom:container-demuxer-webm: 4f35f7cbe854078d1ac9338744f61a02 -> 
  custom:container-muxer-webm: aa71ff27fc2769a1b78a27578f13a17b -> 
  custom:video-decoder-webm-vp8: 9c59270c3fd7afecdb556c50c9e8de78 -> 
  custom:SearchIndexIgnoredProperties: e643bd26f0fe6173181afceb89e7c659 -> 
  custom:AudioImporter_EditorPlatform: d09bf68614088b80899f8185d706f6e7 -> 
  custom:video-encoder-webm-vp8: eb34c28f22e8b96e1ab97ce403110664 -> 
  custom:audio-decoder-ogg-vorbis: bf7c407c2cedff20999df2af8eb42d56 -> 
  custom:audio-encoder-webm-vorbis: bf7c407c2cedff20999df2af8eb42d56 -> 
========================================================================
Received Prepare
Caller must complete domain reload
Begin MonoManager ReloadAssembly
- Loaded All Assemblies, in  0.746 seconds
Native extension for WindowsStandalone target not found
Mono: successfully reloaded assembly
- Finished resetting the current domain, in  1.159 seconds
Domain Reload Profiling: 1904ms
	BeginReloadAssembly (552ms)
		ExecutionOrderSort (0ms)
		DisableScriptedObjects (3ms)
		BackupInstance (0ms)
		ReleaseScriptingObjects (0ms)
		CreateAndSetChildDomain (20ms)
	RebuildCommonClasses (23ms)
	RebuildNativeTypeToScriptingClass (7ms)
	initialDomainReloadingComplete (20ms)
	LoadAllAssembliesAndSetupDomain (142ms)
		LoadAssemblies (181ms)
		RebuildTransferFunctionScriptingTraits (0ms)
		AnalyzeDomain (12ms)
			TypeCache.Refresh (5ms)
				TypeCache.ScanAssembly (0ms)
			ScanForSourceGeneratedMonoScriptInfo (0ms)
			ResolveRequiredComponents (5ms)
	FinalizeReload (1160ms)
		ReleaseScriptCaches (0ms)
		RebuildScriptCaches (0ms)
		SetupLoadedEditorAssemblies (829ms)
			LogAssemblyErrors (0ms)
			InitializePlatformSupportModulesInManaged (5ms)
			SetLoadedEditorAssemblies (3ms)
			RefreshPlugins (0ms)
			BeforeProcessingInitializeOnLoad (49ms)
			ProcessInitializeOnLoadAttributes (722ms)
			ProcessInitializeOnLoadMethodAttributes (46ms)
			AfterProcessingInitializeOnLoad (4ms)
			EditorAssembliesLoaded (0ms)
		ExecutionOrderSort2 (0ms)
		AwakeInstancesAfterBackupRestoration (5ms)
Refreshing native plugins compatible for Editor in 3.08 ms, found 6 plugins.
Preloading 0 native plugins for Editor in 0.00 ms.
Unloading 5143 Unused Serialized files (Serialized files now loaded: 0)
Unloading 746 unused Assets / (0.6 MB). Loaded Objects now: 5531.
Memory consumption went from 249.2 MB to 248.5 MB.
Total: 2.905100 ms (FindLiveObjects: 0.230400 ms CreateObjectMapping: 0.143200 ms MarkObjects: 1.814800 ms  DeleteObjects: 0.715800 ms)

Prepare: number of updated asset objects reloaded= 0
AssetImportParameters requested are different than current active one (requested -> active):
  custom:container-demuxer-ogg: 62fdf1f143b41e24485cea50d1cbac27 -> 
  custom:video-codec-MediaFoundation-h265: 746d11721c4dcdbdad8f713fa42b33f4 -> 
  custom:video-decoder-ogg-theora: a1e56fd34408186e4bbccfd4996cb3dc -> 
  custom:framework-win-MediaFoundation: 216162199b28c13a410421893ffa2e32 -> 
  custom:CustomObjectIndexerAttribute: 9a22284fe3817be447336de3de66b15e -> 
  custom:container-demuxer-webm: 4f35f7cbe854078d1ac9338744f61a02 -> 
  custom:container-muxer-webm: aa71ff27fc2769a1b78a27578f13a17b -> 
  custom:video-decoder-webm-vp8: 9c59270c3fd7afecdb556c50c9e8de78 -> 
  custom:SearchIndexIgnoredProperties: e643bd26f0fe6173181afceb89e7c659 -> 
  custom:AudioImporter_EditorPlatform: d09bf68614088b80899f8185d706f6e7 -> 
  custom:video-encoder-webm-vp8: eb34c28f22e8b96e1ab97ce403110664 -> 
  custom:audio-decoder-ogg-vorbis: bf7c407c2cedff20999df2af8eb42d56 -> 
  custom:audio-encoder-webm-vorbis: bf7c407c2cedff20999df2af8eb42d56 -> 
========================================================================
Received Prepare
Caller must complete domain reload
Begin MonoManager ReloadAssembly
- Loaded All Assemblies, in  0.263 seconds
Native extension for WindowsStandalone target not found
Mono: successfully reloaded assembly
- Finished resetting the current domain, in  1.095 seconds
Domain Reload Profiling: 1357ms
	BeginReloadAssembly (88ms)
		ExecutionOrderSort (0ms)
		DisableScriptedObjects (3ms)
		BackupInstance (0ms)
		ReleaseScriptingObjects (0ms)
		CreateAndSetChildDomain (16ms)
	RebuildCommonClasses (20ms)
	RebuildNativeTypeToScriptingClass (6ms)
	initialDomainReloadingComplete (16ms)
	LoadAllAssembliesAndSetupDomain (131ms)
		LoadAssemblies (168ms)
		RebuildTransferFunctionScriptingTraits (0ms)
		AnalyzeDomain (11ms)
			TypeCache.Refresh (5ms)
				TypeCache.ScanAssembly (0ms)
			ScanForSourceGeneratedMonoScriptInfo (0ms)
			ResolveRequiredComponents (4ms)
	FinalizeReload (1096ms)
		ReleaseScriptCaches (0ms)
		RebuildScriptCaches (0ms)
		SetupLoadedEditorAssemblies (819ms)
			LogAssemblyErrors (0ms)
			InitializePlatformSupportModulesInManaged (4ms)
			SetLoadedEditorAssemblies (3ms)
			RefreshPlugins (0ms)
			BeforeProcessingInitializeOnLoad (48ms)
			ProcessInitializeOnLoadAttributes (716ms)
			ProcessInitializeOnLoadMethodAttributes (45ms)
			AfterProcessingInitializeOnLoad (4ms)
			EditorAssembliesLoaded (0ms)
		ExecutionOrderSort2 (0ms)
		AwakeInstancesAfterBackupRestoration (4ms)
Refreshing native plugins compatible for Editor in 3.74 ms, found 6 plugins.
Preloading 0 native plugins for Editor in 0.00 ms.
Unloading 5143 Unused Serialized files (Serialized files now loaded: 0)
Unloading 746 unused Assets / (0.6 MB). Loaded Objects now: 5535.
Memory consumption went from 249.2 MB to 248.6 MB.
Total: 3.606700 ms (FindLiveObjects: 0.241200 ms CreateObjectMapping: 0.088400 ms MarkObjects: 2.541400 ms  DeleteObjects: 0.734700 ms)

Prepare: number of updated asset objects reloaded= 0
AssetImportParameters requested are different than current active one (requested -> active):
  custom:container-demuxer-ogg: 62fdf1f143b41e24485cea50d1cbac27 -> 
  custom:video-codec-MediaFoundation-h265: 746d11721c4dcdbdad8f713fa42b33f4 -> 
  custom:video-decoder-ogg-theora: a1e56fd34408186e4bbccfd4996cb3dc -> 
  custom:framework-win-MediaFoundation: 216162199b28c13a410421893ffa2e32 -> 
  custom:CustomObjectIndexerAttribute: 9a22284fe3817be447336de3de66b15e -> 
  custom:container-demuxer-webm: 4f35f7cbe854078d1ac9338744f61a02 -> 
  custom:container-muxer-webm: aa71ff27fc2769a1b78a27578f13a17b -> 
  custom:video-decoder-webm-vp8: 9c59270c3fd7afecdb556c50c9e8de78 -> 
  custom:SearchIndexIgnoredProperties: e643bd26f0fe6173181afceb89e7c659 -> 
  custom:AudioImporter_EditorPlatform: d09bf68614088b80899f8185d706f6e7 -> 
  custom:video-encoder-webm-vp8: eb34c28f22e8b96e1ab97ce403110664 -> 
  custom:audio-decoder-ogg-vorbis: bf7c407c2cedff20999df2af8eb42d56 -> 
  custom:audio-encoder-webm-vorbis: bf7c407c2cedff20999df2af8eb42d56 -> 
========================================================================
Received Import Request.
  Time since last request: 109.664044 seconds.
  path: Assets/Scenes/HomeScene.unity
  artifactKey: Guid(ef4529617f5477f4298ff68dbea30aa0) Importer(815301076,1909f56bfc062723c751e8b465ee728b)
Start importing Assets/Scenes/HomeScene.unity using Guid(ef4529617f5477f4298ff68dbea30aa0) Importer(815301076,1909f56bfc062723c751e8b465ee728b) [PhysX] Initialized MultithreadedTaskDispatcher with 24 workers.
 -> (artifact id: '2d0b7dccf548a525afcd756450ff6dfc') in 0.005589 seconds
Number of updated asset objects reloaded before import = 0
Number of asset objects unloaded after import = 0
========================================================================
Received Prepare
Caller must complete domain reload
Begin MonoManager ReloadAssembly
- Loaded All Assemblies, in  0.269 seconds
Native extension for WindowsStandalone target not found
Mono: successfully reloaded assembly
- Finished resetting the current domain, in  1.054 seconds
Domain Reload Profiling: 1322ms
	BeginReloadAssembly (92ms)
		ExecutionOrderSort (0ms)
		DisableScriptedObjects (3ms)
		BackupInstance (0ms)
		ReleaseScriptingObjects (0ms)
		CreateAndSetChildDomain (19ms)
	RebuildCommonClasses (19ms)
	RebuildNativeTypeToScriptingClass (6ms)
	initialDomainReloadingComplete (16ms)
	LoadAllAssembliesAndSetupDomain (135ms)
		LoadAssemblies (164ms)
		RebuildTransferFunctionScriptingTraits (0ms)
		AnalyzeDomain (20ms)
			TypeCache.Refresh (7ms)
				TypeCache.ScanAssembly (1ms)
			ScanForSourceGeneratedMonoScriptInfo (8ms)
			ResolveRequiredComponents (4ms)
	FinalizeReload (1054ms)
		ReleaseScriptCaches (0ms)
		RebuildScriptCaches (0ms)
		SetupLoadedEditorAssemblies (766ms)
			LogAssemblyErrors (0ms)
			InitializePlatformSupportModulesInManaged (4ms)
			SetLoadedEditorAssemblies (3ms)
			RefreshPlugins (0ms)
			BeforeProcessingInitializeOnLoad (46ms)
			ProcessInitializeOnLoadAttributes (672ms)
			ProcessInitializeOnLoadMethodAttributes (38ms)
			AfterProcessingInitializeOnLoad (3ms)
			EditorAssembliesLoaded (0ms)
		ExecutionOrderSort2 (0ms)
		AwakeInstancesAfterBackupRestoration (4ms)
Refreshing native plugins compatible for Editor in 3.13 ms, found 6 plugins.
Preloading 0 native plugins for Editor in 0.00 ms.
Unloading 5142 Unused Serialized files (Serialized files now loaded: 0)
Unloading 746 unused Assets / (0.5 MB). Loaded Objects now: 5539.
Memory consumption went from 248.9 MB to 248.4 MB.
Total: 2.689100 ms (FindLiveObjects: 0.251600 ms CreateObjectMapping: 0.117200 ms MarkObjects: 1.745000 ms  DeleteObjects: 0.574400 ms)

Prepare: number of updated asset objects reloaded= 0
AssetImportParameters requested are different than current active one (requested -> active):
  custom:container-demuxer-ogg: 62fdf1f143b41e24485cea50d1cbac27 -> 
  custom:video-codec-MediaFoundation-h265: 746d11721c4dcdbdad8f713fa42b33f4 -> 
  custom:video-decoder-ogg-theora: a1e56fd34408186e4bbccfd4996cb3dc -> 
  custom:framework-win-MediaFoundation: 216162199b28c13a410421893ffa2e32 -> 
  custom:CustomObjectIndexerAttribute: 9a22284fe3817be447336de3de66b15e -> 
  custom:container-demuxer-webm: 4f35f7cbe854078d1ac9338744f61a02 -> 
  custom:container-muxer-webm: aa71ff27fc2769a1b78a27578f13a17b -> 
  custom:video-decoder-webm-vp8: 9c59270c3fd7afecdb556c50c9e8de78 -> 
  custom:SearchIndexIgnoredProperties: e643bd26f0fe6173181afceb89e7c659 -> 
  custom:AudioImporter_EditorPlatform: d09bf68614088b80899f8185d706f6e7 -> 
  custom:video-encoder-webm-vp8: eb34c28f22e8b96e1ab97ce403110664 -> 
  custom:audio-decoder-ogg-vorbis: bf7c407c2cedff20999df2af8eb42d56 -> 
  custom:audio-encoder-webm-vorbis: bf7c407c2cedff20999df2af8eb42d56 -> 
========================================================================
Received Prepare
Caller must complete domain reload
Begin MonoManager ReloadAssembly
- Loaded All Assemblies, in  0.261 seconds
Native extension for WindowsStandalone target not found
Mono: successfully reloaded assembly
- Finished resetting the current domain, in  1.216 seconds
Domain Reload Profiling: 1477ms
	BeginReloadAssembly (91ms)
		ExecutionOrderSort (0ms)
		DisableScriptedObjects (2ms)
		BackupInstance (0ms)
		ReleaseScriptingObjects (0ms)
		CreateAndSetChildDomain (19ms)
	RebuildCommonClasses (20ms)
	RebuildNativeTypeToScriptingClass (6ms)
	initialDomainReloadingComplete (16ms)
	LoadAllAssembliesAndSetupDomain (127ms)
		LoadAssemblies (165ms)
		RebuildTransferFunctionScriptingTraits (0ms)
		AnalyzeDomain (10ms)
			TypeCache.Refresh (5ms)
				TypeCache.ScanAssembly (0ms)
			ScanForSourceGeneratedMonoScriptInfo (0ms)
			ResolveRequiredComponents (4ms)
	FinalizeReload (1217ms)
		ReleaseScriptCaches (0ms)
		RebuildScriptCaches (0ms)
		SetupLoadedEditorAssemblies (932ms)
			LogAssemblyErrors (0ms)
			InitializePlatformSupportModulesInManaged (99ms)
			SetLoadedEditorAssemblies (4ms)
			RefreshPlugins (0ms)
			BeforeProcessingInitializeOnLoad (50ms)
			ProcessInitializeOnLoadAttributes (731ms)
			ProcessInitializeOnLoadMethodAttributes (44ms)
			AfterProcessingInitializeOnLoad (4ms)
			EditorAssembliesLoaded (0ms)
		ExecutionOrderSort2 (0ms)
		AwakeInstancesAfterBackupRestoration (5ms)
Refreshing native plugins compatible for Editor in 3.76 ms, found 6 plugins.
Preloading 0 native plugins for Editor in 0.00 ms.
Unloading 5143 Unused Serialized files (Serialized files now loaded: 0)
Unloading 746 unused Assets / (0.7 MB). Loaded Objects now: 5543.
Memory consumption went from 249.2 MB to 248.5 MB.
Total: 2.923600 ms (FindLiveObjects: 0.280800 ms CreateObjectMapping: 0.148200 ms MarkObjects: 1.761000 ms  DeleteObjects: 0.732800 ms)

Prepare: number of updated asset objects reloaded= 0
AssetImportParameters requested are different than current active one (requested -> active):
  custom:container-demuxer-ogg: 62fdf1f143b41e24485cea50d1cbac27 -> 
  custom:video-codec-MediaFoundation-h265: 746d11721c4dcdbdad8f713fa42b33f4 -> 
  custom:video-decoder-ogg-theora: a1e56fd34408186e4bbccfd4996cb3dc -> 
  custom:framework-win-MediaFoundation: 216162199b28c13a410421893ffa2e32 -> 
  custom:CustomObjectIndexerAttribute: 9a22284fe3817be447336de3de66b15e -> 
  custom:container-demuxer-webm: 4f35f7cbe854078d1ac9338744f61a02 -> 
  custom:container-muxer-webm: aa71ff27fc2769a1b78a27578f13a17b -> 
  custom:video-decoder-webm-vp8: 9c59270c3fd7afecdb556c50c9e8de78 -> 
  custom:SearchIndexIgnoredProperties: e643bd26f0fe6173181afceb89e7c659 -> 
  custom:AudioImporter_EditorPlatform: d09bf68614088b80899f8185d706f6e7 -> 
  custom:video-encoder-webm-vp8: eb34c28f22e8b96e1ab97ce403110664 -> 
  custom:audio-decoder-ogg-vorbis: bf7c407c2cedff20999df2af8eb42d56 -> 
  custom:audio-encoder-webm-vorbis: bf7c407c2cedff20999df2af8eb42d56 -> 
========================================================================
Received Prepare
Caller must complete domain reload
Begin MonoManager ReloadAssembly
- Loaded All Assemblies, in  0.263 seconds
Native extension for WindowsStandalone target not found
Mono: successfully reloaded assembly
- Finished resetting the current domain, in  1.092 seconds
Domain Reload Profiling: 1354ms
	BeginReloadAssembly (91ms)
		ExecutionOrderSort (0ms)
		DisableScriptedObjects (3ms)
		BackupInstance (0ms)
		ReleaseScriptingObjects (0ms)
		CreateAndSetChildDomain (18ms)
	RebuildCommonClasses (19ms)
	RebuildNativeTypeToScriptingClass (6ms)
	initialDomainReloadingComplete (16ms)
	LoadAllAssembliesAndSetupDomain (129ms)
		LoadAssemblies (168ms)
		RebuildTransferFunctionScriptingTraits (0ms)
		AnalyzeDomain (10ms)
			TypeCache.Refresh (5ms)
				TypeCache.ScanAssembly (0ms)
			ScanForSourceGeneratedMonoScriptInfo (0ms)
			ResolveRequiredComponents (4ms)
	FinalizeReload (1092ms)
		ReleaseScriptCaches (0ms)
		RebuildScriptCaches (0ms)
		SetupLoadedEditorAssemblies (807ms)
			LogAssemblyErrors (0ms)
			InitializePlatformSupportModulesInManaged (3ms)
			SetLoadedEditorAssemblies (3ms)
			RefreshPlugins (0ms)
			BeforeProcessingInitializeOnLoad (46ms)
			ProcessInitializeOnLoadAttributes (706ms)
			ProcessInitializeOnLoadMethodAttributes (44ms)
			AfterProcessingInitializeOnLoad (4ms)
			EditorAssembliesLoaded (0ms)
		ExecutionOrderSort2 (0ms)
		AwakeInstancesAfterBackupRestoration (5ms)
Refreshing native plugins compatible for Editor in 4.48 ms, found 6 plugins.
Preloading 0 native plugins for Editor in 0.00 ms.
Unloading 5143 Unused Serialized files (Serialized files now loaded: 0)
Unloading 746 unused Assets / (0.6 MB). Loaded Objects now: 5547.
Memory consumption went from 249.2 MB to 248.6 MB.
Total: 2.890600 ms (FindLiveObjects: 0.239600 ms CreateObjectMapping: 0.089800 ms MarkObjects: 1.842900 ms  DeleteObjects: 0.717500 ms)

Prepare: number of updated asset objects reloaded= 0
AssetImportParameters requested are different than current active one (requested -> active):
  custom:container-demuxer-ogg: 62fdf1f143b41e24485cea50d1cbac27 -> 
  custom:video-codec-MediaFoundation-h265: 746d11721c4dcdbdad8f713fa42b33f4 -> 
  custom:video-decoder-ogg-theora: a1e56fd34408186e4bbccfd4996cb3dc -> 
  custom:framework-win-MediaFoundation: 216162199b28c13a410421893ffa2e32 -> 
  custom:CustomObjectIndexerAttribute: 9a22284fe3817be447336de3de66b15e -> 
  custom:container-demuxer-webm: 4f35f7cbe854078d1ac9338744f61a02 -> 
  custom:container-muxer-webm: aa71ff27fc2769a1b78a27578f13a17b -> 
  custom:video-decoder-webm-vp8: 9c59270c3fd7afecdb556c50c9e8de78 -> 
  custom:SearchIndexIgnoredProperties: e643bd26f0fe6173181afceb89e7c659 -> 
  custom:AudioImporter_EditorPlatform: d09bf68614088b80899f8185d706f6e7 -> 
  custom:video-encoder-webm-vp8: eb34c28f22e8b96e1ab97ce403110664 -> 
  custom:audio-decoder-ogg-vorbis: bf7c407c2cedff20999df2af8eb42d56 -> 
  custom:audio-encoder-webm-vorbis: bf7c407c2cedff20999df2af8eb42d56 -> 
========================================================================
Received Prepare
Caller must complete domain reload
Begin MonoManager ReloadAssembly
- Loaded All Assemblies, in  0.270 seconds
Native extension for WindowsStandalone target not found
Mono: successfully reloaded assembly
- Finished resetting the current domain, in  1.101 seconds
Domain Reload Profiling: 1370ms
	BeginReloadAssembly (95ms)
		ExecutionOrderSort (0ms)
		DisableScriptedObjects (3ms)
		BackupInstance (0ms)
		ReleaseScriptingObjects (0ms)
		CreateAndSetChildDomain (21ms)
	RebuildCommonClasses (19ms)
	RebuildNativeTypeToScriptingClass (6ms)
	initialDomainReloadingComplete (17ms)
	LoadAllAssembliesAndSetupDomain (131ms)
		LoadAssemblies (170ms)
		RebuildTransferFunctionScriptingTraits (0ms)
		AnalyzeDomain (11ms)
			TypeCache.Refresh (5ms)
				TypeCache.ScanAssembly (0ms)
			ScanForSourceGeneratedMonoScriptInfo (0ms)
			ResolveRequiredComponents (4ms)
	FinalizeReload (1101ms)
		ReleaseScriptCaches (0ms)
		RebuildScriptCaches (0ms)
		SetupLoadedEditorAssemblies (813ms)
			LogAssemblyErrors (0ms)
			InitializePlatformSupportModulesInManaged (4ms)
			SetLoadedEditorAssemblies (3ms)
			RefreshPlugins (0ms)
			BeforeProcessingInitializeOnLoad (47ms)
			ProcessInitializeOnLoadAttributes (711ms)
			ProcessInitializeOnLoadMethodAttributes (45ms)
			AfterProcessingInitializeOnLoad (4ms)
			EditorAssembliesLoaded (0ms)
		ExecutionOrderSort2 (0ms)
		AwakeInstancesAfterBackupRestoration (5ms)
Refreshing native plugins compatible for Editor in 3.62 ms, found 6 plugins.
Preloading 0 native plugins for Editor in 0.00 ms.
Unloading 5143 Unused Serialized files (Serialized files now loaded: 0)
Unloading 746 unused Assets / (0.5 MB). Loaded Objects now: 5551.
Memory consumption went from 249.2 MB to 248.7 MB.
Total: 2.736200 ms (FindLiveObjects: 0.246500 ms CreateObjectMapping: 0.109000 ms MarkObjects: 1.723100 ms  DeleteObjects: 0.656700 ms)

Prepare: number of updated asset objects reloaded= 0
AssetImportParameters requested are different than current active one (requested -> active):
  custom:container-demuxer-ogg: 62fdf1f143b41e24485cea50d1cbac27 -> 
  custom:video-codec-MediaFoundation-h265: 746d11721c4dcdbdad8f713fa42b33f4 -> 
  custom:video-decoder-ogg-theora: a1e56fd34408186e4bbccfd4996cb3dc -> 
  custom:framework-win-MediaFoundation: 216162199b28c13a410421893ffa2e32 -> 
  custom:CustomObjectIndexerAttribute: 9a22284fe3817be447336de3de66b15e -> 
  custom:container-demuxer-webm: 4f35f7cbe854078d1ac9338744f61a02 -> 
  custom:container-muxer-webm: aa71ff27fc2769a1b78a27578f13a17b -> 
  custom:video-decoder-webm-vp8: 9c59270c3fd7afecdb556c50c9e8de78 -> 
  custom:SearchIndexIgnoredProperties: e643bd26f0fe6173181afceb89e7c659 -> 
  custom:AudioImporter_EditorPlatform: d09bf68614088b80899f8185d706f6e7 -> 
  custom:video-encoder-webm-vp8: eb34c28f22e8b96e1ab97ce403110664 -> 
  custom:audio-decoder-ogg-vorbis: bf7c407c2cedff20999df2af8eb42d56 -> 
  custom:audio-encoder-webm-vorbis: bf7c407c2cedff20999df2af8eb42d56 -> 
========================================================================
Received Prepare
Caller must complete domain reload
Begin MonoManager ReloadAssembly
- Loaded All Assemblies, in  0.261 seconds
Native extension for WindowsStandalone target not found
Mono: successfully reloaded assembly
- Finished resetting the current domain, in  1.118 seconds
Domain Reload Profiling: 1378ms
	BeginReloadAssembly (93ms)
		ExecutionOrderSort (0ms)
		DisableScriptedObjects (3ms)
		BackupInstance (0ms)
		ReleaseScriptingObjects (0ms)
		CreateAndSetChildDomain (20ms)
	RebuildCommonClasses (19ms)
	RebuildNativeTypeToScriptingClass (6ms)
	initialDomainReloadingComplete (16ms)
	LoadAllAssembliesAndSetupDomain (125ms)
		LoadAssemblies (163ms)
		RebuildTransferFunctionScriptingTraits (0ms)
		AnalyzeDomain (10ms)
			TypeCache.Refresh (5ms)
				TypeCache.ScanAssembly (0ms)
			ScanForSourceGeneratedMonoScriptInfo (0ms)
			ResolveRequiredComponents (4ms)
	FinalizeReload (1118ms)
		ReleaseScriptCaches (0ms)
		RebuildScriptCaches (0ms)
		SetupLoadedEditorAssemblies (829ms)
			LogAssemblyErrors (0ms)
			InitializePlatformSupportModulesInManaged (3ms)
			SetLoadedEditorAssemblies (3ms)
			RefreshPlugins (0ms)
			BeforeProcessingInitializeOnLoad (49ms)
			ProcessInitializeOnLoadAttributes (726ms)
			ProcessInitializeOnLoadMethodAttributes (45ms)
			AfterProcessingInitializeOnLoad (4ms)
			EditorAssembliesLoaded (0ms)
		ExecutionOrderSort2 (0ms)
		AwakeInstancesAfterBackupRestoration (4ms)
Refreshing native plugins compatible for Editor in 3.50 ms, found 6 plugins.
Preloading 0 native plugins for Editor in 0.00 ms.
Unloading 5143 Unused Serialized files (Serialized files now loaded: 0)
Unloading 746 unused Assets / (0.6 MB). Loaded Objects now: 5555.
Memory consumption went from 249.2 MB to 248.6 MB.
Total: 3.091200 ms (FindLiveObjects: 0.242500 ms CreateObjectMapping: 0.093100 ms MarkObjects: 2.138400 ms  DeleteObjects: 0.616700 ms)

Prepare: number of updated asset objects reloaded= 0
AssetImportParameters requested are different than current active one (requested -> active):
  custom:container-demuxer-ogg: 62fdf1f143b41e24485cea50d1cbac27 -> 
  custom:video-codec-MediaFoundation-h265: 746d11721c4dcdbdad8f713fa42b33f4 -> 
  custom:video-decoder-ogg-theora: a1e56fd34408186e4bbccfd4996cb3dc -> 
  custom:framework-win-MediaFoundation: 216162199b28c13a410421893ffa2e32 -> 
  custom:CustomObjectIndexerAttribute: 9a22284fe3817be447336de3de66b15e -> 
  custom:container-demuxer-webm: 4f35f7cbe854078d1ac9338744f61a02 -> 
  custom:container-muxer-webm: aa71ff27fc2769a1b78a27578f13a17b -> 
  custom:video-decoder-webm-vp8: 9c59270c3fd7afecdb556c50c9e8de78 -> 
  custom:SearchIndexIgnoredProperties: e643bd26f0fe6173181afceb89e7c659 -> 
  custom:AudioImporter_EditorPlatform: d09bf68614088b80899f8185d706f6e7 -> 
  custom:video-encoder-webm-vp8: eb34c28f22e8b96e1ab97ce403110664 -> 
  custom:audio-decoder-ogg-vorbis: bf7c407c2cedff20999df2af8eb42d56 -> 
  custom:audio-encoder-webm-vorbis: bf7c407c2cedff20999df2af8eb42d56 -> 
========================================================================
Received Import Request.
  Time since last request: 586.726192 seconds.
  path: Assets/Script/gun
  artifactKey: Guid(0f6c9eae227f3ba4e956e971875f6e14) Importer(815301076,1909f56bfc062723c751e8b465ee728b)
Start importing Assets/Script/gun using Guid(0f6c9eae227f3ba4e956e971875f6e14) Importer(815301076,1909f56bfc062723c751e8b465ee728b) [PhysX] Initialized MultithreadedTaskDispatcher with 24 workers.
 -> (artifact id: '4f4d9e71bd7afaffee25799d9159afca') in 0.005026 seconds
Number of updated asset objects reloaded before import = 0
Number of asset objects unloaded after import = 0
========================================================================
Received Import Request.
  Time since last request: 3.751627 seconds.
  path: Assets/Script/gun/WeaponDataKeeper1.cs
  artifactKey: Guid(086edee7dfba92645b99d7765dbaa3be) Importer(815301076,1909f56bfc062723c751e8b465ee728b)
Start importing Assets/Script/gun/WeaponDataKeeper1.cs using Guid(086edee7dfba92645b99d7765dbaa3be) Importer(815301076,1909f56bfc062723c751e8b465ee728b) [PhysX] Initialized MultithreadedTaskDispatcher with 24 workers.
 -> (artifact id: '656f9057fac12dd87339ff2b7c8c3c49') in 0.000450 seconds
Number of updated asset objects reloaded before import = 0
Number of asset objects unloaded after import = 0
========================================================================
Received Prepare
Caller must complete domain reload
Begin MonoManager ReloadAssembly
- Loaded All Assemblies, in  0.289 seconds
Native extension for WindowsStandalone target not found
Mono: successfully reloaded assembly
- Finished resetting the current domain, in  1.556 seconds
Domain Reload Profiling: 1844ms
	BeginReloadAssembly (95ms)
		ExecutionOrderSort (0ms)
		DisableScriptedObjects (3ms)
		BackupInstance (0ms)
		ReleaseScriptingObjects (0ms)
		CreateAndSetChildDomain (20ms)
	RebuildCommonClasses (19ms)
	RebuildNativeTypeToScriptingClass (6ms)
	initialDomainReloadingComplete (17ms)
	LoadAllAssembliesAndSetupDomain (151ms)
		LoadAssemblies (181ms)
		RebuildTransferFunctionScriptingTraits (0ms)
		AnalyzeDomain (20ms)
			TypeCache.Refresh (6ms)
				TypeCache.ScanAssembly (1ms)
			ScanForSourceGeneratedMonoScriptInfo (8ms)
			ResolveRequiredComponents (4ms)
	FinalizeReload (1557ms)
		ReleaseScriptCaches (0ms)
		RebuildScriptCaches (0ms)
		SetupLoadedEditorAssemblies (1244ms)
			LogAssemblyErrors (0ms)
			InitializePlatformSupportModulesInManaged (4ms)
			SetLoadedEditorAssemblies (3ms)
			RefreshPlugins (0ms)
			BeforeProcessingInitializeOnLoad (47ms)
			ProcessInitializeOnLoadAttributes (1111ms)
			ProcessInitializeOnLoadMethodAttributes (68ms)
			AfterProcessingInitializeOnLoad (11ms)
			EditorAssembliesLoaded (0ms)
		ExecutionOrderSort2 (0ms)
		AwakeInstancesAfterBackupRestoration (8ms)
Refreshing native plugins compatible for Editor in 6.67 ms, found 6 plugins.
Preloading 0 native plugins for Editor in 0.00 ms.
Unloading 5143 Unused Serialized files (Serialized files now loaded: 0)
Unloading 746 unused Assets / (0.5 MB). Loaded Objects now: 5560.
Memory consumption went from 249.0 MB to 248.4 MB.
Total: 4.154900 ms (FindLiveObjects: 0.424100 ms CreateObjectMapping: 0.147400 ms MarkObjects: 2.601800 ms  DeleteObjects: 0.980700 ms)

Prepare: number of updated asset objects reloaded= 0
AssetImportParameters requested are different than current active one (requested -> active):
  custom:container-demuxer-ogg: 62fdf1f143b41e24485cea50d1cbac27 -> 
  custom:video-codec-MediaFoundation-h265: 746d11721c4dcdbdad8f713fa42b33f4 -> 
  custom:video-decoder-ogg-theora: a1e56fd34408186e4bbccfd4996cb3dc -> 
  custom:framework-win-MediaFoundation: 216162199b28c13a410421893ffa2e32 -> 
  custom:CustomObjectIndexerAttribute: 9a22284fe3817be447336de3de66b15e -> 
  custom:container-demuxer-webm: 4f35f7cbe854078d1ac9338744f61a02 -> 
  custom:scripting/monoscript/fileName/WeaponDataKeeper1.cs: fff4c8c4a6c363279e133fa1720be44e -> 
  custom:container-muxer-webm: aa71ff27fc2769a1b78a27578f13a17b -> 
  custom:video-decoder-webm-vp8: 9c59270c3fd7afecdb556c50c9e8de78 -> 
  custom:SearchIndexIgnoredProperties: e643bd26f0fe6173181afceb89e7c659 -> 
  custom:AudioImporter_EditorPlatform: d09bf68614088b80899f8185d706f6e7 -> 
  custom:video-encoder-webm-vp8: eb34c28f22e8b96e1ab97ce403110664 -> 
  custom:audio-decoder-ogg-vorbis: bf7c407c2cedff20999df2af8eb42d56 -> 
  custom:audio-encoder-webm-vorbis: bf7c407c2cedff20999df2af8eb42d56 -> 
  custom:scripting/precompiled-assembly-types:Assembly-CSharp: efe7506219e9633e47c70364ec07210a -> 0f88ea35557e27a60fee2e7d156c0cbc
========================================================================
Received Import Request.
  Time since last request: 13.415400 seconds.
  path: Assets/Script/gun/WeaponDataKeeper1.cs
  artifactKey: Guid(086edee7dfba92645b99d7765dbaa3be) Importer(815301076,1909f56bfc062723c751e8b465ee728b)
Start importing Assets/Script/gun/WeaponDataKeeper1.cs using Guid(086edee7dfba92645b99d7765dbaa3be) Importer(815301076,1909f56bfc062723c751e8b465ee728b) [PhysX] Initialized MultithreadedTaskDispatcher with 24 workers.
 -> (artifact id: 'b919601d16a9c78ff53607e543bd3982') in 0.003935 seconds
Number of updated asset objects reloaded before import = 0
Number of asset objects unloaded after import = 0
========================================================================
Received Import Request.
  Time since last request: 93.339680 seconds.
  path: Assets/Script/gun/WeaponDataKeeper.cs
  artifactKey: Guid(884f9bd21afb2a0408039eada4547577) Importer(815301076,1909f56bfc062723c751e8b465ee728b)
Start importing Assets/Script/gun/WeaponDataKeeper.cs using Guid(884f9bd21afb2a0408039eada4547577) Importer(815301076,1909f56bfc062723c751e8b465ee728b) [PhysX] Initialized MultithreadedTaskDispatcher with 24 workers.
 -> (artifact id: '09d3abe50fe5e74a999aeb2d9fd81afb') in 0.000499 seconds
Number of updated asset objects reloaded before import = 0
Number of asset objects unloaded after import = 0
========================================================================
Received Prepare
Caller must complete domain reload
Begin MonoManager ReloadAssembly
- Loaded All Assemblies, in  0.277 seconds
Native extension for WindowsStandalone target not found
Mono: successfully reloaded assembly
- Finished resetting the current domain, in  1.084 seconds
Domain Reload Profiling: 1360ms
	BeginReloadAssembly (94ms)
		ExecutionOrderSort (0ms)
		DisableScriptedObjects (3ms)
		BackupInstance (0ms)
		ReleaseScriptingObjects (0ms)
		CreateAndSetChildDomain (21ms)
	RebuildCommonClasses (18ms)
	RebuildNativeTypeToScriptingClass (8ms)
	initialDomainReloadingComplete (18ms)
	LoadAllAssembliesAndSetupDomain (139ms)
		LoadAssemblies (168ms)
		RebuildTransferFunctionScriptingTraits (0ms)
		AnalyzeDomain (20ms)
			TypeCache.Refresh (6ms)
				TypeCache.ScanAssembly (1ms)
			ScanForSourceGeneratedMonoScriptInfo (8ms)
			ResolveRequiredComponents (4ms)
	FinalizeReload (1084ms)
		ReleaseScriptCaches (0ms)
		RebuildScriptCaches (0ms)
		SetupLoadedEditorAssemblies (796ms)
			LogAssemblyErrors (0ms)
			InitializePlatformSupportModulesInManaged (4ms)
			SetLoadedEditorAssemblies (3ms)
			RefreshPlugins (0ms)
			BeforeProcessingInitializeOnLoad (54ms)
			ProcessInitializeOnLoadAttributes (693ms)
			ProcessInitializeOnLoadMethodAttributes (38ms)
			AfterProcessingInitializeOnLoad (3ms)
			EditorAssembliesLoaded (0ms)
		ExecutionOrderSort2 (0ms)
		AwakeInstancesAfterBackupRestoration (4ms)
Refreshing native plugins compatible for Editor in 3.25 ms, found 6 plugins.
Preloading 0 native plugins for Editor in 0.00 ms.
Unloading 5142 Unused Serialized files (Serialized files now loaded: 0)
Unloading 747 unused Assets / (0.6 MB). Loaded Objects now: 5563.
Memory consumption went from 248.9 MB to 248.4 MB.
Total: 2.563100 ms (FindLiveObjects: 0.252300 ms CreateObjectMapping: 0.086300 ms MarkObjects: 1.637400 ms  DeleteObjects: 0.586100 ms)

Prepare: number of updated asset objects reloaded= 0
AssetImportParameters requested are different than current active one (requested -> active):
  custom:container-demuxer-ogg: 62fdf1f143b41e24485cea50d1cbac27 -> 
  custom:video-codec-MediaFoundation-h265: 746d11721c4dcdbdad8f713fa42b33f4 -> 
  custom:video-decoder-ogg-theora: a1e56fd34408186e4bbccfd4996cb3dc -> 
  custom:framework-win-MediaFoundation: 216162199b28c13a410421893ffa2e32 -> 
  custom:CustomObjectIndexerAttribute: 9a22284fe3817be447336de3de66b15e -> 
  custom:container-demuxer-webm: 4f35f7cbe854078d1ac9338744f61a02 -> 
  custom:scripting/monoscript/fileName/WeaponDataKeeper1.cs: 9179ad355340e57201fd2187cf231639 -> 
  custom:container-muxer-webm: aa71ff27fc2769a1b78a27578f13a17b -> 
  custom:video-decoder-webm-vp8: 9c59270c3fd7afecdb556c50c9e8de78 -> 
  custom:SearchIndexIgnoredProperties: e643bd26f0fe6173181afceb89e7c659 -> 
  custom:AudioImporter_EditorPlatform: d09bf68614088b80899f8185d706f6e7 -> 
  custom:video-encoder-webm-vp8: eb34c28f22e8b96e1ab97ce403110664 -> 
  custom:audio-decoder-ogg-vorbis: bf7c407c2cedff20999df2af8eb42d56 -> 
  custom:audio-encoder-webm-vorbis: bf7c407c2cedff20999df2af8eb42d56 -> 
  custom:scripting/precompiled-assembly-types:Assembly-CSharp: 04157832b63fa600058f60537685e4b0 -> 0f88ea35557e27a60fee2e7d156c0cbc
========================================================================
Received Prepare
Caller must complete domain reload
Begin MonoManager ReloadAssembly
- Loaded All Assemblies, in  0.259 seconds
Native extension for WindowsStandalone target not found
Mono: successfully reloaded assembly
- Finished resetting the current domain, in  1.095 seconds
Domain Reload Profiling: 1354ms
	BeginReloadAssembly (90ms)
		ExecutionOrderSort (0ms)
		DisableScriptedObjects (2ms)
		BackupInstance (0ms)
		ReleaseScriptingObjects (0ms)
		CreateAndSetChildDomain (19ms)
	RebuildCommonClasses (18ms)
	RebuildNativeTypeToScriptingClass (6ms)
	initialDomainReloadingComplete (16ms)
	LoadAllAssembliesAndSetupDomain (127ms)
		LoadAssemblies (164ms)
		RebuildTransferFunctionScriptingTraits (0ms)
		AnalyzeDomain (10ms)
			TypeCache.Refresh (4ms)
				TypeCache.ScanAssembly (0ms)
			ScanForSourceGeneratedMonoScriptInfo (0ms)
			ResolveRequiredComponents (4ms)
	FinalizeReload (1095ms)
		ReleaseScriptCaches (0ms)
		RebuildScriptCaches (0ms)
		SetupLoadedEditorAssemblies (813ms)
			LogAssemblyErrors (0ms)
			InitializePlatformSupportModulesInManaged (4ms)
			SetLoadedEditorAssemblies (3ms)
			RefreshPlugins (0ms)
			BeforeProcessingInitializeOnLoad (47ms)
			ProcessInitializeOnLoadAttributes (710ms)
			ProcessInitializeOnLoadMethodAttributes (47ms)
			AfterProcessingInitializeOnLoad (4ms)
			EditorAssembliesLoaded (0ms)
		ExecutionOrderSort2 (0ms)
		AwakeInstancesAfterBackupRestoration (4ms)
Refreshing native plugins compatible for Editor in 3.25 ms, found 6 plugins.
Preloading 0 native plugins for Editor in 0.00 ms.
Unloading 5143 Unused Serialized files (Serialized files now loaded: 0)
Unloading 746 unused Assets / (0.6 MB). Loaded Objects now: 5567.
Memory consumption went from 249.2 MB to 248.6 MB.
Total: 2.812900 ms (FindLiveObjects: 0.274900 ms CreateObjectMapping: 0.087400 ms MarkObjects: 1.865000 ms  DeleteObjects: 0.584800 ms)

Prepare: number of updated asset objects reloaded= 0
AssetImportParameters requested are different than current active one (requested -> active):
  custom:container-demuxer-ogg: 62fdf1f143b41e24485cea50d1cbac27 -> 
  custom:video-codec-MediaFoundation-h265: 746d11721c4dcdbdad8f713fa42b33f4 -> 
  custom:video-decoder-ogg-theora: a1e56fd34408186e4bbccfd4996cb3dc -> 
  custom:framework-win-MediaFoundation: 216162199b28c13a410421893ffa2e32 -> 
  custom:CustomObjectIndexerAttribute: 9a22284fe3817be447336de3de66b15e -> 
  custom:container-demuxer-webm: 4f35f7cbe854078d1ac9338744f61a02 -> 
  custom:scripting/monoscript/fileName/WeaponDataKeeper1.cs: 9179ad355340e57201fd2187cf231639 -> 
  custom:container-muxer-webm: aa71ff27fc2769a1b78a27578f13a17b -> 
  custom:video-decoder-webm-vp8: 9c59270c3fd7afecdb556c50c9e8de78 -> 
  custom:SearchIndexIgnoredProperties: e643bd26f0fe6173181afceb89e7c659 -> 
  custom:AudioImporter_EditorPlatform: d09bf68614088b80899f8185d706f6e7 -> 
  custom:video-encoder-webm-vp8: eb34c28f22e8b96e1ab97ce403110664 -> 
  custom:audio-decoder-ogg-vorbis: bf7c407c2cedff20999df2af8eb42d56 -> 
  custom:audio-encoder-webm-vorbis: bf7c407c2cedff20999df2af8eb42d56 -> 
  custom:scripting/precompiled-assembly-types:Assembly-CSharp: 04157832b63fa600058f60537685e4b0 -> 0f88ea35557e27a60fee2e7d156c0cbc
========================================================================
Received Prepare
Caller must complete domain reload
Begin MonoManager ReloadAssembly
- Loaded All Assemblies, in  0.263 seconds
Native extension for WindowsStandalone target not found
Mono: successfully reloaded assembly
- Finished resetting the current domain, in  1.380 seconds
Domain Reload Profiling: 1642ms
	BeginReloadAssembly (91ms)
		ExecutionOrderSort (0ms)
		DisableScriptedObjects (3ms)
		BackupInstance (0ms)
		ReleaseScriptingObjects (0ms)
		CreateAndSetChildDomain (18ms)
	RebuildCommonClasses (19ms)
	RebuildNativeTypeToScriptingClass (6ms)
	initialDomainReloadingComplete (17ms)
	LoadAllAssembliesAndSetupDomain (127ms)
		LoadAssemblies (165ms)
		RebuildTransferFunctionScriptingTraits (0ms)
		AnalyzeDomain (11ms)
			TypeCache.Refresh (5ms)
				TypeCache.ScanAssembly (0ms)
			ScanForSourceGeneratedMonoScriptInfo (0ms)
			ResolveRequiredComponents (4ms)
	FinalizeReload (1380ms)
		ReleaseScriptCaches (0ms)
		RebuildScriptCaches (0ms)
		SetupLoadedEditorAssemblies (1063ms)
			LogAssemblyErrors (0ms)
			InitializePlatformSupportModulesInManaged (4ms)
			SetLoadedEditorAssemblies (3ms)
			RefreshPlugins (0ms)
			BeforeProcessingInitializeOnLoad (58ms)
			ProcessInitializeOnLoadAttributes (934ms)
			ProcessInitializeOnLoadMethodAttributes (58ms)
			AfterProcessingInitializeOnLoad (5ms)
			EditorAssembliesLoaded (0ms)
		ExecutionOrderSort2 (0ms)
		AwakeInstancesAfterBackupRestoration (6ms)
Refreshing native plugins compatible for Editor in 4.52 ms, found 6 plugins.
Preloading 0 native plugins for Editor in 0.00 ms.
Unloading 5143 Unused Serialized files (Serialized files now loaded: 0)
Unloading 746 unused Assets / (0.5 MB). Loaded Objects now: 5571.
Memory consumption went from 249.2 MB to 248.7 MB.
Total: 3.277400 ms (FindLiveObjects: 0.271500 ms CreateObjectMapping: 0.104800 ms MarkObjects: 2.184600 ms  DeleteObjects: 0.715800 ms)

Prepare: number of updated asset objects reloaded= 0
AssetImportParameters requested are different than current active one (requested -> active):
  custom:container-demuxer-ogg: 62fdf1f143b41e24485cea50d1cbac27 -> 
  custom:video-codec-MediaFoundation-h265: 746d11721c4dcdbdad8f713fa42b33f4 -> 
  custom:video-decoder-ogg-theora: a1e56fd34408186e4bbccfd4996cb3dc -> 
  custom:framework-win-MediaFoundation: 216162199b28c13a410421893ffa2e32 -> 
  custom:CustomObjectIndexerAttribute: 9a22284fe3817be447336de3de66b15e -> 
  custom:container-demuxer-webm: 4f35f7cbe854078d1ac9338744f61a02 -> 
  custom:scripting/monoscript/fileName/WeaponDataKeeper1.cs: 9179ad355340e57201fd2187cf231639 -> 
  custom:container-muxer-webm: aa71ff27fc2769a1b78a27578f13a17b -> 
  custom:video-decoder-webm-vp8: 9c59270c3fd7afecdb556c50c9e8de78 -> 
  custom:SearchIndexIgnoredProperties: e643bd26f0fe6173181afceb89e7c659 -> 
  custom:AudioImporter_EditorPlatform: d09bf68614088b80899f8185d706f6e7 -> 
  custom:video-encoder-webm-vp8: eb34c28f22e8b96e1ab97ce403110664 -> 
  custom:audio-decoder-ogg-vorbis: bf7c407c2cedff20999df2af8eb42d56 -> 
  custom:audio-encoder-webm-vorbis: bf7c407c2cedff20999df2af8eb42d56 -> 
  custom:scripting/precompiled-assembly-types:Assembly-CSharp: 04157832b63fa600058f60537685e4b0 -> 0f88ea35557e27a60fee2e7d156c0cbc
