Using pre-set license
Built from '2022.3/respin/2022.3.62f2-4af31df585-v2' branch; Version is '2022.3.62f3 (96770f904ca7) revision 9860879'; Using compiler version '192829333'; Build Type 'Release'
OS: 'Windows 11  (10.0.26200) 64bit Professional' Language: 'ja' Physical Memory: 32486 MB
BatchMode: 1, IsHumanControllingUs: 0, StartBugReporterOnCrash: 0, Is64bit: 1, IsPro: 1

COMMAND LINE ARGUMENTS:
C:\Program Files\Unity\Hub\Editor\2022.3.62f3\Editor\Unity.exe
-adb2
-batchMode
-noUpm
-name
AssetImportWorker11
-projectPath
D:/個人製作２/Infinite Arsenal/Infinite Arsenal
-logFile
Logs/AssetImportWorker11.log
-srvPort
64336
Successfully changed project path to: D:/個人製作２/Infinite Arsenal/Infinite Arsenal
D:/個人製作２/Infinite Arsenal/Infinite Arsenal
[UnityMemory] Configuration Parameters - Can be set up in boot.config
    "memorysetup-bucket-allocator-granularity=16"
    "memorysetup-bucket-allocator-bucket-count=8"
    "memorysetup-bucket-allocator-block-size=33554432"
    "memorysetup-bucket-allocator-block-count=8"
    "memorysetup-main-allocator-block-size=16777216"
    "memorysetup-thread-allocator-block-size=16777216"
    "memorysetup-gfx-main-allocator-block-size=16777216"
    "memorysetup-gfx-thread-allocator-block-size=16777216"
    "memorysetup-cache-allocator-block-size=4194304"
    "memorysetup-typetree-allocator-block-size=2097152"
    "memorysetup-profiler-bucket-allocator-granularity=16"
    "memorysetup-profiler-bucket-allocator-bucket-count=8"
    "memorysetup-profiler-bucket-allocator-block-size=33554432"
    "memorysetup-profiler-bucket-allocator-block-count=8"
    "memorysetup-profiler-allocator-block-size=16777216"
    "memorysetup-profiler-editor-allocator-block-size=1048576"
    "memorysetup-temp-allocator-size-main=16777216"
    "memorysetup-job-temp-allocator-block-size=2097152"
    "memorysetup-job-temp-allocator-block-size-background=1048576"
    "memorysetup-job-temp-allocator-reduction-small-platforms=262144"
    "memorysetup-allocator-temp-initial-block-size-main=262144"
    "memorysetup-allocator-temp-initial-block-size-worker=262144"
    "memorysetup-temp-allocator-size-background-worker=32768"
    "memorysetup-temp-allocator-size-job-worker=262144"
    "memorysetup-temp-allocator-size-preload-manager=33554432"
    "memorysetup-temp-allocator-size-nav-mesh-worker=65536"
    "memorysetup-temp-allocator-size-audio-worker=65536"
    "memorysetup-temp-allocator-size-cloud-worker=32768"
    "memorysetup-temp-allocator-size-gi-baking-worker=262144"
    "memorysetup-temp-allocator-size-gfx=262144"
Player connection [5772]  Target information:

Player connection [5772]  * "[IP] 10.219.32.102 [Port] 0 [Flags] 2 [Guid] 743527470 [EditorId] 743527470 [Version] 1048832 [Id] WindowsEditor(7,KIC-GAME-B-02) [Debug] 1 [PackageName] WindowsEditor [ProjectName] Editor" 

Player connection [5772] Host joined multi-casting on [225.0.0.222:54997]...
Player connection [5772] Host joined alternative multi-casting on [225.0.0.222:34997]...
Input System module state changed to: Initialized.
[PhysX] Initialized MultithreadedTaskDispatcher with 24 workers.
Refreshing native plugins compatible for Editor in 6.76 ms, found 6 plugins.
Preloading 0 native plugins for Editor in 0.00 ms.
Initialize engine version: 2022.3.62f3 (96770f904ca7)
[Subsystems] Discovering subsystems at path C:/Program Files/Unity/Hub/Editor/2022.3.62f3/Editor/Data/Resources/UnitySubsystems
[Subsystems] Discovering subsystems at path D:/個人製作２/Infinite Arsenal/Infinite Arsenal/Assets
GfxDevice: creating device client; threaded=0; jobified=0
Direct3D:
    Version:  Direct3D 11.0 [level 11.1]
    Renderer: NVIDIA GeForce RTX 4060 Ti (ID=0x2803)
    Vendor:   NVIDIA
    VRAM:     7949 MB
    Driver:   32.0.16.1060
Initialize mono
Mono path[0] = 'C:/Program Files/Unity/Hub/Editor/2022.3.62f3/Editor/Data/Managed'
Mono path[1] = 'C:/Program Files/Unity/Hub/Editor/2022.3.62f3/Editor/Data/MonoBleedingEdge/lib/mono/unityjit-win32'
Mono config path = 'C:/Program Files/Unity/Hub/Editor/2022.3.62f3/Editor/Data/MonoBleedingEdge/etc'
Using monoOptions --debugger-agent=transport=dt_socket,embedding=1,server=y,suspend=n,address=127.0.0.1:56852
Begin MonoManager ReloadAssembly
Registering precompiled unity dll's ...
Register platform support module: C:/Program Files/Unity/Hub/Editor/2022.3.62f3/Editor/Data/PlaybackEngines/WindowsStandaloneSupport/UnityEditor.WindowsStandalone.Extensions.dll
Registered in 0.003441 seconds.
- Loaded All Assemblies, in  0.230 seconds
Native extension for WindowsStandalone target not found
Mono: successfully reloaded assembly
- Finished resetting the current domain, in  0.163 seconds
Domain Reload Profiling: 392ms
	BeginReloadAssembly (70ms)
		ExecutionOrderSort (0ms)
		DisableScriptedObjects (0ms)
		BackupInstance (0ms)
		ReleaseScriptingObjects (0ms)
		CreateAndSetChildDomain (0ms)
	RebuildCommonClasses (36ms)
	RebuildNativeTypeToScriptingClass (6ms)
	initialDomainReloadingComplete (35ms)
	LoadAllAssembliesAndSetupDomain (81ms)
		LoadAssemblies (69ms)
		RebuildTransferFunctionScriptingTraits (0ms)
		AnalyzeDomain (80ms)
			TypeCache.Refresh (79ms)
				TypeCache.ScanAssembly (71ms)
			ScanForSourceGeneratedMonoScriptInfo (0ms)
			ResolveRequiredComponents (0ms)
	FinalizeReload (163ms)
		ReleaseScriptCaches (0ms)
		RebuildScriptCaches (0ms)
		SetupLoadedEditorAssemblies (135ms)
			LogAssemblyErrors (0ms)
			InitializePlatformSupportModulesInManaged (6ms)
			SetLoadedEditorAssemblies (5ms)
			RefreshPlugins (0ms)
			BeforeProcessingInitializeOnLoad (1ms)
			ProcessInitializeOnLoadAttributes (92ms)
			ProcessInitializeOnLoadMethodAttributes (31ms)
			AfterProcessingInitializeOnLoad (0ms)
			EditorAssembliesLoaded (0ms)
		ExecutionOrderSort2 (0ms)
		AwakeInstancesAfterBackupRestoration (0ms)
========================================================================
Worker process is ready to serve import requests
Caller must complete domain reload
Begin MonoManager ReloadAssembly
- Loaded All Assemblies, in  0.425 seconds
Native extension for WindowsStandalone target not found
Mono: successfully reloaded assembly
- Finished resetting the current domain, in  0.530 seconds
Domain Reload Profiling: 954ms
	BeginReloadAssembly (88ms)
		ExecutionOrderSort (0ms)
		DisableScriptedObjects (4ms)
		BackupInstance (0ms)
		ReleaseScriptingObjects (0ms)
		CreateAndSetChildDomain (13ms)
	RebuildCommonClasses (20ms)
	RebuildNativeTypeToScriptingClass (7ms)
	initialDomainReloadingComplete (24ms)
	LoadAllAssembliesAndSetupDomain (284ms)
		LoadAssemblies (198ms)
		RebuildTransferFunctionScriptingTraits (0ms)
		AnalyzeDomain (137ms)
			TypeCache.Refresh (118ms)
				TypeCache.ScanAssembly (109ms)
			ScanForSourceGeneratedMonoScriptInfo (14ms)
			ResolveRequiredComponents (3ms)
	FinalizeReload (530ms)
		ReleaseScriptCaches (0ms)
		RebuildScriptCaches (0ms)
		SetupLoadedEditorAssemblies (442ms)
			LogAssemblyErrors (0ms)
			InitializePlatformSupportModulesInManaged (4ms)
			SetLoadedEditorAssemblies (3ms)
			RefreshPlugins (0ms)
			BeforeProcessingInitializeOnLoad (48ms)
			ProcessInitializeOnLoadAttributes (339ms)
			ProcessInitializeOnLoadMethodAttributes (45ms)
			AfterProcessingInitializeOnLoad (3ms)
			EditorAssembliesLoaded (0ms)
		ExecutionOrderSort2 (0ms)
		AwakeInstancesAfterBackupRestoration (4ms)
Launched and connected shader compiler UnityShaderCompiler.exe after 0.02 seconds
Refreshing native plugins compatible for Editor in 2.97 ms, found 6 plugins.
Preloading 0 native plugins for Editor in 0.00 ms.
Unloading 5128 Unused Serialized files (Serialized files now loaded: 0)
Unloading 403 unused Assets / (469.4 KB). Loaded Objects now: 5475.
Memory consumption went from 231.1 MB to 230.6 MB.
Total: 2.588700 ms (FindLiveObjects: 0.233200 ms CreateObjectMapping: 0.087200 ms MarkObjects: 1.875000 ms  DeleteObjects: 0.392600 ms)

AssetImportParameters requested are different than current active one (requested -> active):
  custom:container-demuxer-ogg: 62fdf1f143b41e24485cea50d1cbac27 -> 
  custom:video-codec-MediaFoundation-h265: 746d11721c4dcdbdad8f713fa42b33f4 -> 
  custom:video-decoder-ogg-theora: a1e56fd34408186e4bbccfd4996cb3dc -> 
  custom:framework-win-MediaFoundation: 216162199b28c13a410421893ffa2e32 -> 
  custom:CustomObjectIndexerAttribute: 9a22284fe3817be447336de3de66b15e -> 
  custom:container-demuxer-webm: 4f35f7cbe854078d1ac9338744f61a02 -> 
  custom:container-muxer-webm: aa71ff27fc2769a1b78a27578f13a17b -> 
  custom:video-decoder-webm-vp8: 9c59270c3fd7afecdb556c50c9e8de78 -> 
  custom:SearchIndexIgnoredProperties: e643bd26f0fe6173181afceb89e7c659 -> 
  custom:AudioImporter_EditorPlatform: d09bf68614088b80899f8185d706f6e7 -> 
  custom:video-encoder-webm-vp8: eb34c28f22e8b96e1ab97ce403110664 -> 
  custom:audio-decoder-ogg-vorbis: bf7c407c2cedff20999df2af8eb42d56 -> 
  custom:audio-encoder-webm-vorbis: bf7c407c2cedff20999df2af8eb42d56 -> 
========================================================================
Received Import Request.
  Time since last request: 13605.468679 seconds.
  path: Assets/Map/Low Poly Atmospheric Locations Pack/Models/Lands
  artifactKey: Guid(261eaad5dbc46ea4eba76c98d2c39b3c) Importer(815301076,1909f56bfc062723c751e8b465ee728b)
Start importing Assets/Map/Low Poly Atmospheric Locations Pack/Models/Lands using Guid(261eaad5dbc46ea4eba76c98d2c39b3c) Importer(815301076,1909f56bfc062723c751e8b465ee728b) [PhysX] Initialized MultithreadedTaskDispatcher with 24 workers.
 -> (artifact id: '534e9ef55559a72d43b29b3549c3de2c') in 0.001971 seconds
Number of updated asset objects reloaded before import = 0
Number of asset objects unloaded after import = 0
========================================================================
Received Prepare
Caller must complete domain reload
Begin MonoManager ReloadAssembly
- Loaded All Assemblies, in  0.277 seconds
Native extension for WindowsStandalone target not found
Mono: successfully reloaded assembly
- Finished resetting the current domain, in  0.770 seconds
Domain Reload Profiling: 1046ms
	BeginReloadAssembly (100ms)
		ExecutionOrderSort (0ms)
		DisableScriptedObjects (2ms)
		BackupInstance (0ms)
		ReleaseScriptingObjects (0ms)
		CreateAndSetChildDomain (26ms)
	RebuildCommonClasses (19ms)
	RebuildNativeTypeToScriptingClass (6ms)
	initialDomainReloadingComplete (16ms)
	LoadAllAssembliesAndSetupDomain (135ms)
		LoadAssemblies (171ms)
		RebuildTransferFunctionScriptingTraits (0ms)
		AnalyzeDomain (13ms)
			TypeCache.Refresh (5ms)
				TypeCache.ScanAssembly (0ms)
			ScanForSourceGeneratedMonoScriptInfo (0ms)
			ResolveRequiredComponents (5ms)
	FinalizeReload (770ms)
		ReleaseScriptCaches (0ms)
		RebuildScriptCaches (0ms)
		SetupLoadedEditorAssemblies (471ms)
			LogAssemblyErrors (0ms)
			InitializePlatformSupportModulesInManaged (4ms)
			SetLoadedEditorAssemblies (4ms)
			RefreshPlugins (0ms)
			BeforeProcessingInitializeOnLoad (49ms)
			ProcessInitializeOnLoadAttributes (361ms)
			ProcessInitializeOnLoadMethodAttributes (48ms)
			AfterProcessingInitializeOnLoad (5ms)
			EditorAssembliesLoaded (0ms)
		ExecutionOrderSort2 (0ms)
		AwakeInstancesAfterBackupRestoration (6ms)
Refreshing native plugins compatible for Editor in 3.88 ms, found 6 plugins.
Preloading 0 native plugins for Editor in 0.00 ms.
Unloading 5097 Unused Serialized files (Serialized files now loaded: 0)
Unloading 398 unused Assets / (444.1 KB). Loaded Objects now: 5479.
Memory consumption went from 224.2 MB to 223.8 MB.
Total: 2.739100 ms (FindLiveObjects: 0.250500 ms CreateObjectMapping: 0.142400 ms MarkObjects: 1.973000 ms  DeleteObjects: 0.372700 ms)

Prepare: number of updated asset objects reloaded= 0
AssetImportParameters requested are different than current active one (requested -> active):
  custom:container-demuxer-ogg: 62fdf1f143b41e24485cea50d1cbac27 -> 
  custom:video-codec-MediaFoundation-h265: 746d11721c4dcdbdad8f713fa42b33f4 -> 
  custom:video-decoder-ogg-theora: a1e56fd34408186e4bbccfd4996cb3dc -> 
  custom:framework-win-MediaFoundation: 216162199b28c13a410421893ffa2e32 -> 
  custom:CustomObjectIndexerAttribute: 9a22284fe3817be447336de3de66b15e -> 
  custom:container-demuxer-webm: 4f35f7cbe854078d1ac9338744f61a02 -> 
  custom:container-muxer-webm: aa71ff27fc2769a1b78a27578f13a17b -> 
  custom:video-decoder-webm-vp8: 9c59270c3fd7afecdb556c50c9e8de78 -> 
  custom:SearchIndexIgnoredProperties: e643bd26f0fe6173181afceb89e7c659 -> 
  custom:AudioImporter_EditorPlatform: d09bf68614088b80899f8185d706f6e7 -> 
  custom:video-encoder-webm-vp8: eb34c28f22e8b96e1ab97ce403110664 -> 
  custom:audio-decoder-ogg-vorbis: bf7c407c2cedff20999df2af8eb42d56 -> 
  custom:audio-encoder-webm-vorbis: bf7c407c2cedff20999df2af8eb42d56 -> 
========================================================================
Received Prepare
Caller must complete domain reload
Begin MonoManager ReloadAssembly
- Loaded All Assemblies, in  0.271 seconds
Native extension for WindowsStandalone target not found
Mono: successfully reloaded assembly
- Finished resetting the current domain, in  0.671 seconds
Domain Reload Profiling: 941ms
	BeginReloadAssembly (91ms)
		ExecutionOrderSort (0ms)
		DisableScriptedObjects (3ms)
		BackupInstance (0ms)
		ReleaseScriptingObjects (0ms)
		CreateAndSetChildDomain (18ms)
	RebuildCommonClasses (19ms)
	RebuildNativeTypeToScriptingClass (6ms)
	initialDomainReloadingComplete (17ms)
	LoadAllAssembliesAndSetupDomain (137ms)
		LoadAssemblies (165ms)
		RebuildTransferFunctionScriptingTraits (0ms)
		AnalyzeDomain (20ms)
			TypeCache.Refresh (7ms)
				TypeCache.ScanAssembly (0ms)
			ScanForSourceGeneratedMonoScriptInfo (8ms)
			ResolveRequiredComponents (4ms)
	FinalizeReload (672ms)
		ReleaseScriptCaches (0ms)
		RebuildScriptCaches (0ms)
		SetupLoadedEditorAssemblies (398ms)
			LogAssemblyErrors (0ms)
			InitializePlatformSupportModulesInManaged (4ms)
			SetLoadedEditorAssemblies (3ms)
			RefreshPlugins (0ms)
			BeforeProcessingInitializeOnLoad (47ms)
			ProcessInitializeOnLoadAttributes (303ms)
			ProcessInitializeOnLoadMethodAttributes (37ms)
			AfterProcessingInitializeOnLoad (3ms)
			EditorAssembliesLoaded (0ms)
		ExecutionOrderSort2 (0ms)
		AwakeInstancesAfterBackupRestoration (4ms)
Refreshing native plugins compatible for Editor in 2.60 ms, found 6 plugins.
Preloading 0 native plugins for Editor in 0.00 ms.
Unloading 5098 Unused Serialized files (Serialized files now loaded: 0)
Unloading 398 unused Assets / (442.7 KB). Loaded Objects now: 5483.
Memory consumption went from 224.5 MB to 224.1 MB.
Total: 2.370600 ms (FindLiveObjects: 0.227400 ms CreateObjectMapping: 0.089900 ms MarkObjects: 1.687700 ms  DeleteObjects: 0.364900 ms)

Prepare: number of updated asset objects reloaded= 0
AssetImportParameters requested are different than current active one (requested -> active):
  custom:container-demuxer-ogg: 62fdf1f143b41e24485cea50d1cbac27 -> 
  custom:video-codec-MediaFoundation-h265: 746d11721c4dcdbdad8f713fa42b33f4 -> 
  custom:video-decoder-ogg-theora: a1e56fd34408186e4bbccfd4996cb3dc -> 
  custom:framework-win-MediaFoundation: 216162199b28c13a410421893ffa2e32 -> 
  custom:CustomObjectIndexerAttribute: 9a22284fe3817be447336de3de66b15e -> 
  custom:container-demuxer-webm: 4f35f7cbe854078d1ac9338744f61a02 -> 
  custom:container-muxer-webm: aa71ff27fc2769a1b78a27578f13a17b -> 
  custom:video-decoder-webm-vp8: 9c59270c3fd7afecdb556c50c9e8de78 -> 
  custom:SearchIndexIgnoredProperties: e643bd26f0fe6173181afceb89e7c659 -> 
  custom:AudioImporter_EditorPlatform: d09bf68614088b80899f8185d706f6e7 -> 
  custom:video-encoder-webm-vp8: eb34c28f22e8b96e1ab97ce403110664 -> 
  custom:audio-decoder-ogg-vorbis: bf7c407c2cedff20999df2af8eb42d56 -> 
  custom:audio-encoder-webm-vorbis: bf7c407c2cedff20999df2af8eb42d56 -> 
  custom:scripting/precompiled-assembly-types:Assembly-CSharp: bbf948f7c52e94b38a29c8587d93f693 -> 5480967452b6f0b4b1dcfd5ec7e31075
========================================================================
Received Import Request.
  Time since last request: 787.263878 seconds.
  path: Assets/Prefab/Enemy/1,SlimePBR.prefab
  artifactKey: Guid(0434e5908ef8daf4b94386db57ff3c66) Importer(815301076,1909f56bfc062723c751e8b465ee728b)
Start importing Assets/Prefab/Enemy/1,SlimePBR.prefab using Guid(0434e5908ef8daf4b94386db57ff3c66) Importer(815301076,1909f56bfc062723c751e8b465ee728b) [PhysX] Initialized MultithreadedTaskDispatcher with 24 workers.
[PhysX] Initialized MultithreadedTaskDispatcher with 24 workers.
 -> (artifact id: '38683b0bfd74ce7de5dcbe2174bcbd6a') in 0.101374 seconds
Number of updated asset objects reloaded before import = 0
Number of asset objects unloaded after import = 112
========================================================================
Received Import Request.
  Time since last request: 0.000013 seconds.
  path: Assets/Prefab/Enemy/3,MushroomAngryPA.prefab
  artifactKey: Guid(ee58ff3e6ee3c7f4684b768db09be184) Importer(815301076,1909f56bfc062723c751e8b465ee728b)
Start importing Assets/Prefab/Enemy/3,MushroomAngryPA.prefab using Guid(ee58ff3e6ee3c7f4684b768db09be184) Importer(815301076,1909f56bfc062723c751e8b465ee728b) [PhysX] Initialized MultithreadedTaskDispatcher with 24 workers.
[PhysX] Initialized MultithreadedTaskDispatcher with 24 workers.
 -> (artifact id: 'c45c6213f9992b00bab8d58e2a8413cd') in 0.030225 seconds
Number of updated asset objects reloaded before import = 0
Number of asset objects unloaded after import = 131
========================================================================
Received Import Request.
  Time since last request: 5.043069 seconds.
  path: Assets/Prefab/Enemy/1,SlimePBR.prefab
  artifactKey: Guid(0434e5908ef8daf4b94386db57ff3c66) Importer(815301076,1909f56bfc062723c751e8b465ee728b)
Start importing Assets/Prefab/Enemy/1,SlimePBR.prefab using Guid(0434e5908ef8daf4b94386db57ff3c66) Importer(815301076,1909f56bfc062723c751e8b465ee728b) [PhysX] Initialized MultithreadedTaskDispatcher with 24 workers.
[PhysX] Initialized MultithreadedTaskDispatcher with 24 workers.
 -> (artifact id: '79e5a38c13fda963eeb979dcea35ba73') in 0.021704 seconds
Number of updated asset objects reloaded before import = 0
Number of asset objects unloaded after import = 113
========================================================================
Received Import Request.
  Time since last request: 4.800209 seconds.
  path: Assets/Prefab/Enemy/2,TurtleShellPBR.prefab
  artifactKey: Guid(9fad1d332a5140a4cbdd3750a179a7c5) Importer(815301076,1909f56bfc062723c751e8b465ee728b)
Start importing Assets/Prefab/Enemy/2,TurtleShellPBR.prefab using Guid(9fad1d332a5140a4cbdd3750a179a7c5) Importer(815301076,1909f56bfc062723c751e8b465ee728b) [PhysX] Initialized MultithreadedTaskDispatcher with 24 workers.
[PhysX] Initialized MultithreadedTaskDispatcher with 24 workers.
 -> (artifact id: '0fb1caad1d0ea4a972b550b1ca939afe') in 0.136981 seconds
Number of updated asset objects reloaded before import = 0
Number of asset objects unloaded after import = 159
========================================================================
Received Import Request.
  Time since last request: 2.881824 seconds.
  path: Assets/Prefab/Enemy/3,MushroomAngryPA.prefab
  artifactKey: Guid(ee58ff3e6ee3c7f4684b768db09be184) Importer(815301076,1909f56bfc062723c751e8b465ee728b)
Start importing Assets/Prefab/Enemy/3,MushroomAngryPA.prefab using Guid(ee58ff3e6ee3c7f4684b768db09be184) Importer(815301076,1909f56bfc062723c751e8b465ee728b) [PhysX] Initialized MultithreadedTaskDispatcher with 24 workers.
[PhysX] Initialized MultithreadedTaskDispatcher with 24 workers.
 -> (artifact id: '30d822afb40f2a0ab87bd003b6c21a03') in 0.088383 seconds
Number of updated asset objects reloaded before import = 0
Number of asset objects unloaded after import = 132
========================================================================
Received Prepare
Caller must complete domain reload
Begin MonoManager ReloadAssembly
- Loaded All Assemblies, in  0.257 seconds
Native extension for WindowsStandalone target not found
Mono: successfully reloaded assembly
- Finished resetting the current domain, in  0.766 seconds
Domain Reload Profiling: 1023ms
	BeginReloadAssembly (91ms)
		ExecutionOrderSort (0ms)
		DisableScriptedObjects (4ms)
		BackupInstance (0ms)
		ReleaseScriptingObjects (0ms)
		CreateAndSetChildDomain (20ms)
	RebuildCommonClasses (19ms)
	RebuildNativeTypeToScriptingClass (6ms)
	initialDomainReloadingComplete (16ms)
	LoadAllAssembliesAndSetupDomain (124ms)
		LoadAssemblies (159ms)
		RebuildTransferFunctionScriptingTraits (0ms)
		AnalyzeDomain (10ms)
			TypeCache.Refresh (5ms)
				TypeCache.ScanAssembly (0ms)
			ScanForSourceGeneratedMonoScriptInfo (0ms)
			ResolveRequiredComponents (4ms)
	FinalizeReload (767ms)
		ReleaseScriptCaches (0ms)
		RebuildScriptCaches (0ms)
		SetupLoadedEditorAssemblies (471ms)
			LogAssemblyErrors (0ms)
			InitializePlatformSupportModulesInManaged (5ms)
			SetLoadedEditorAssemblies (3ms)
			RefreshPlugins (0ms)
			BeforeProcessingInitializeOnLoad (56ms)
			ProcessInitializeOnLoadAttributes (360ms)
			ProcessInitializeOnLoadMethodAttributes (44ms)
			AfterProcessingInitializeOnLoad (3ms)
			EditorAssembliesLoaded (0ms)
		ExecutionOrderSort2 (0ms)
		AwakeInstancesAfterBackupRestoration (5ms)
Refreshing native plugins compatible for Editor in 272.44 ms, found 6 plugins.
Preloading 0 native plugins for Editor in 0.00 ms.
Unloading 5097 Unused Serialized files (Serialized files now loaded: 0)
Unloading 398 unused Assets / (441.6 KB). Loaded Objects now: 5497.
Memory consumption went from 230.2 MB to 229.8 MB.
Total: 2.630800 ms (FindLiveObjects: 0.233000 ms CreateObjectMapping: 0.123000 ms MarkObjects: 1.900200 ms  DeleteObjects: 0.374000 ms)

Prepare: number of updated asset objects reloaded= 0
AssetImportParameters requested are different than current active one (requested -> active):
  custom:container-demuxer-ogg: 62fdf1f143b41e24485cea50d1cbac27 -> 
  custom:video-codec-MediaFoundation-h265: 746d11721c4dcdbdad8f713fa42b33f4 -> 
  custom:video-decoder-ogg-theora: a1e56fd34408186e4bbccfd4996cb3dc -> 
  custom:framework-win-MediaFoundation: 216162199b28c13a410421893ffa2e32 -> 
  custom:CustomObjectIndexerAttribute: 9a22284fe3817be447336de3de66b15e -> 
  custom:container-demuxer-webm: 4f35f7cbe854078d1ac9338744f61a02 -> 
  custom:container-muxer-webm: aa71ff27fc2769a1b78a27578f13a17b -> 
  custom:video-decoder-webm-vp8: 9c59270c3fd7afecdb556c50c9e8de78 -> 
  custom:SearchIndexIgnoredProperties: e643bd26f0fe6173181afceb89e7c659 -> 
  custom:AudioImporter_EditorPlatform: d09bf68614088b80899f8185d706f6e7 -> 
  custom:video-encoder-webm-vp8: eb34c28f22e8b96e1ab97ce403110664 -> 
  custom:audio-decoder-ogg-vorbis: bf7c407c2cedff20999df2af8eb42d56 -> 
  custom:audio-encoder-webm-vorbis: bf7c407c2cedff20999df2af8eb42d56 -> 
  custom:scripting/precompiled-assembly-types:Assembly-CSharp: bbf948f7c52e94b38a29c8587d93f693 -> 5480967452b6f0b4b1dcfd5ec7e31075
========================================================================
Received Import Request.
  Time since last request: 364.429351 seconds.
  path: Assets/Prefab/Enemy/3,MushroomAngryPA.prefab
  artifactKey: Guid(ee58ff3e6ee3c7f4684b768db09be184) Importer(815301076,1909f56bfc062723c751e8b465ee728b)
Start importing Assets/Prefab/Enemy/3,MushroomAngryPA.prefab using Guid(ee58ff3e6ee3c7f4684b768db09be184) Importer(815301076,1909f56bfc062723c751e8b465ee728b) [PhysX] Initialized MultithreadedTaskDispatcher with 24 workers.
[PhysX] Initialized MultithreadedTaskDispatcher with 24 workers.
 -> (artifact id: '4dc612740a9066f9e8afaa4ef58d24e1') in 0.220211 seconds
Number of updated asset objects reloaded before import = 0
Number of asset objects unloaded after import = 132
========================================================================
Received Import Request.
  Time since last request: 5.537345 seconds.
  path: Assets/Prefab/Enemy/1,SlimePBR.prefab
  artifactKey: Guid(0434e5908ef8daf4b94386db57ff3c66) Importer(815301076,1909f56bfc062723c751e8b465ee728b)
Start importing Assets/Prefab/Enemy/1,SlimePBR.prefab using Guid(0434e5908ef8daf4b94386db57ff3c66) Importer(815301076,1909f56bfc062723c751e8b465ee728b) [PhysX] Initialized MultithreadedTaskDispatcher with 24 workers.
[PhysX] Initialized MultithreadedTaskDispatcher with 24 workers.
 -> (artifact id: 'bc963620af744ab8c2812036a07f26e1') in 0.783058 seconds
Number of updated asset objects reloaded before import = 0
Number of asset objects unloaded after import = 113
========================================================================
Received Import Request.
  Time since last request: 2.430496 seconds.
  path: Assets/Prefab/Enemy/2,TurtleShellPBR.prefab
  artifactKey: Guid(9fad1d332a5140a4cbdd3750a179a7c5) Importer(815301076,1909f56bfc062723c751e8b465ee728b)
Start importing Assets/Prefab/Enemy/2,TurtleShellPBR.prefab using Guid(9fad1d332a5140a4cbdd3750a179a7c5) Importer(815301076,1909f56bfc062723c751e8b465ee728b) [PhysX] Initialized MultithreadedTaskDispatcher with 24 workers.
[PhysX] Initialized MultithreadedTaskDispatcher with 24 workers.
 -> (artifact id: 'c48369b700ea6948d15877bf89b57e64') in 0.188551 seconds
Number of updated asset objects reloaded before import = 0
Number of asset objects unloaded after import = 159
========================================================================
Received Prepare
Caller must complete domain reload
Begin MonoManager ReloadAssembly
- Loaded All Assemblies, in  1.889 seconds
Native extension for WindowsStandalone target not found
Mono: successfully reloaded assembly
- Finished resetting the current domain, in 18.016 seconds
Domain Reload Profiling: 19904ms
	BeginReloadAssembly (103ms)
		ExecutionOrderSort (0ms)
		DisableScriptedObjects (2ms)
		BackupInstance (0ms)
		ReleaseScriptingObjects (0ms)
		CreateAndSetChildDomain (26ms)
	RebuildCommonClasses (109ms)
	RebuildNativeTypeToScriptingClass (8ms)
	initialDomainReloadingComplete (23ms)
	LoadAllAssembliesAndSetupDomain (1644ms)
		LoadAssemblies (1684ms)
		RebuildTransferFunctionScriptingTraits (0ms)
		AnalyzeDomain (13ms)
			TypeCache.Refresh (5ms)
				TypeCache.ScanAssembly (0ms)
			ScanForSourceGeneratedMonoScriptInfo (0ms)
			ResolveRequiredComponents (4ms)
	FinalizeReload (18017ms)
		ReleaseScriptCaches (0ms)
		RebuildScriptCaches (0ms)
		SetupLoadedEditorAssemblies (1053ms)
			LogAssemblyErrors (0ms)
			InitializePlatformSupportModulesInManaged (4ms)
			SetLoadedEditorAssemblies (3ms)
			RefreshPlugins (0ms)
			BeforeProcessingInitializeOnLoad (52ms)
			ProcessInitializeOnLoadAttributes (944ms)
			ProcessInitializeOnLoadMethodAttributes (45ms)
			AfterProcessingInitializeOnLoad (5ms)
			EditorAssembliesLoaded (0ms)
		ExecutionOrderSort2 (0ms)
		AwakeInstancesAfterBackupRestoration (5ms)
Refreshing native plugins compatible for Editor in 3.37 ms, found 6 plugins.
Preloading 0 native plugins for Editor in 0.00 ms.
Unloading 5097 Unused Serialized files (Serialized files now loaded: 0)
Unloading 398 unused Assets / (428.6 KB). Loaded Objects now: 5501.
Memory consumption went from 230.2 MB to 229.8 MB.
Total: 2.581100 ms (FindLiveObjects: 0.254600 ms CreateObjectMapping: 0.099200 ms MarkObjects: 1.844600 ms  DeleteObjects: 0.381900 ms)

Prepare: number of updated asset objects reloaded= 0
AssetImportParameters requested are different than current active one (requested -> active):
  custom:container-demuxer-ogg: 62fdf1f143b41e24485cea50d1cbac27 -> 
  custom:video-codec-MediaFoundation-h265: 746d11721c4dcdbdad8f713fa42b33f4 -> 
  custom:video-decoder-ogg-theora: a1e56fd34408186e4bbccfd4996cb3dc -> 
  custom:framework-win-MediaFoundation: 216162199b28c13a410421893ffa2e32 -> 
  custom:CustomObjectIndexerAttribute: 9a22284fe3817be447336de3de66b15e -> 
  custom:container-demuxer-webm: 4f35f7cbe854078d1ac9338744f61a02 -> 
  custom:container-muxer-webm: aa71ff27fc2769a1b78a27578f13a17b -> 
  custom:video-decoder-webm-vp8: 9c59270c3fd7afecdb556c50c9e8de78 -> 
  custom:SearchIndexIgnoredProperties: e643bd26f0fe6173181afceb89e7c659 -> 
  custom:AudioImporter_EditorPlatform: d09bf68614088b80899f8185d706f6e7 -> 
  custom:video-encoder-webm-vp8: eb34c28f22e8b96e1ab97ce403110664 -> 
  custom:audio-decoder-ogg-vorbis: bf7c407c2cedff20999df2af8eb42d56 -> 
  custom:audio-encoder-webm-vorbis: bf7c407c2cedff20999df2af8eb42d56 -> 
  custom:scripting/precompiled-assembly-types:Assembly-CSharp: bbf948f7c52e94b38a29c8587d93f693 -> 5480967452b6f0b4b1dcfd5ec7e31075
========================================================================
Received Import Request.
  Time since last request: 147.519568 seconds.
  path: Assets/Prefab/Enemy/1,SlimePBR.prefab
  artifactKey: Guid(0434e5908ef8daf4b94386db57ff3c66) Importer(815301076,1909f56bfc062723c751e8b465ee728b)
Start importing Assets/Prefab/Enemy/1,SlimePBR.prefab using Guid(0434e5908ef8daf4b94386db57ff3c66) Importer(815301076,1909f56bfc062723c751e8b465ee728b) [PhysX] Initialized MultithreadedTaskDispatcher with 24 workers.
[PhysX] Initialized MultithreadedTaskDispatcher with 24 workers.
 -> (artifact id: 'b0c5667f468b91b3901f22ba00127d31') in 0.242171 seconds
Number of updated asset objects reloaded before import = 0
Number of asset objects unloaded after import = 113
========================================================================
Received Import Request.
  Time since last request: 31.206605 seconds.
  path: Assets/Prefab/Enemy/1,SlimePBR.prefab
  artifactKey: Guid(0434e5908ef8daf4b94386db57ff3c66) Importer(815301076,1909f56bfc062723c751e8b465ee728b)
Start importing Assets/Prefab/Enemy/1,SlimePBR.prefab using Guid(0434e5908ef8daf4b94386db57ff3c66) Importer(815301076,1909f56bfc062723c751e8b465ee728b) [PhysX] Initialized MultithreadedTaskDispatcher with 24 workers.
[PhysX] Initialized MultithreadedTaskDispatcher with 24 workers.
 -> (artifact id: '868b061bf364a18ada75bb63e9f04ffa') in 0.035471 seconds
Number of updated asset objects reloaded before import = 0
Number of asset objects unloaded after import = 113
========================================================================
Received Import Request.
  Time since last request: 9.638809 seconds.
  path: Assets/Prefab/Enemy/2,TurtleShellPBR.prefab
  artifactKey: Guid(9fad1d332a5140a4cbdd3750a179a7c5) Importer(815301076,1909f56bfc062723c751e8b465ee728b)
Start importing Assets/Prefab/Enemy/2,TurtleShellPBR.prefab using Guid(9fad1d332a5140a4cbdd3750a179a7c5) Importer(815301076,1909f56bfc062723c751e8b465ee728b) [PhysX] Initialized MultithreadedTaskDispatcher with 24 workers.
[PhysX] Initialized MultithreadedTaskDispatcher with 24 workers.
 -> (artifact id: 'aed3c113856abb6ca3c47eb545aa4ae3') in 0.022587 seconds
Number of updated asset objects reloaded before import = 0
Number of asset objects unloaded after import = 159
========================================================================
Received Import Request.
  Time since last request: 7.045334 seconds.
  path: Assets/Prefab/Enemy/3,MushroomAngryPA.prefab
  artifactKey: Guid(ee58ff3e6ee3c7f4684b768db09be184) Importer(815301076,1909f56bfc062723c751e8b465ee728b)
Start importing Assets/Prefab/Enemy/3,MushroomAngryPA.prefab using Guid(ee58ff3e6ee3c7f4684b768db09be184) Importer(815301076,1909f56bfc062723c751e8b465ee728b) [PhysX] Initialized MultithreadedTaskDispatcher with 24 workers.
[PhysX] Initialized MultithreadedTaskDispatcher with 24 workers.
 -> (artifact id: '55f23f46d511e821f75bc357d5d2d71b') in 0.032504 seconds
Number of updated asset objects reloaded before import = 0
Number of asset objects unloaded after import = 132
========================================================================
Received Prepare
Caller must complete domain reload
Begin MonoManager ReloadAssembly
- Loaded All Assemblies, in  0.262 seconds
Native extension for WindowsStandalone target not found
Mono: successfully reloaded assembly
- Finished resetting the current domain, in  0.763 seconds
Domain Reload Profiling: 1024ms
	BeginReloadAssembly (97ms)
		ExecutionOrderSort (0ms)
		DisableScriptedObjects (2ms)
		BackupInstance (0ms)
		ReleaseScriptingObjects (0ms)
		CreateAndSetChildDomain (20ms)
	RebuildCommonClasses (19ms)
	RebuildNativeTypeToScriptingClass (6ms)
	initialDomainReloadingComplete (17ms)
	LoadAllAssembliesAndSetupDomain (122ms)
		LoadAssemblies (164ms)
		RebuildTransferFunctionScriptingTraits (0ms)
		AnalyzeDomain (11ms)
			TypeCache.Refresh (5ms)
				TypeCache.ScanAssembly (0ms)
			ScanForSourceGeneratedMonoScriptInfo (0ms)
			ResolveRequiredComponents (4ms)
	FinalizeReload (764ms)
		ReleaseScriptCaches (0ms)
		RebuildScriptCaches (0ms)
		SetupLoadedEditorAssemblies (473ms)
			LogAssemblyErrors (0ms)
			InitializePlatformSupportModulesInManaged (5ms)
			SetLoadedEditorAssemblies (3ms)
			RefreshPlugins (0ms)
			BeforeProcessingInitializeOnLoad (66ms)
			ProcessInitializeOnLoadAttributes (351ms)
			ProcessInitializeOnLoadMethodAttributes (45ms)
			AfterProcessingInitializeOnLoad (4ms)
			EditorAssembliesLoaded (0ms)
		ExecutionOrderSort2 (0ms)
		AwakeInstancesAfterBackupRestoration (4ms)
Refreshing native plugins compatible for Editor in 3.88 ms, found 6 plugins.
Preloading 0 native plugins for Editor in 0.00 ms.
Unloading 5097 Unused Serialized files (Serialized files now loaded: 0)
Unloading 398 unused Assets / (443.1 KB). Loaded Objects now: 5505.
Memory consumption went from 230.2 MB to 229.8 MB.
Total: 2.506300 ms (FindLiveObjects: 0.227100 ms CreateObjectMapping: 0.082300 ms MarkObjects: 1.791000 ms  DeleteObjects: 0.405000 ms)

Prepare: number of updated asset objects reloaded= 0
AssetImportParameters requested are different than current active one (requested -> active):
  custom:container-demuxer-ogg: 62fdf1f143b41e24485cea50d1cbac27 -> 
  custom:video-codec-MediaFoundation-h265: 746d11721c4dcdbdad8f713fa42b33f4 -> 
  custom:video-decoder-ogg-theora: a1e56fd34408186e4bbccfd4996cb3dc -> 
  custom:framework-win-MediaFoundation: 216162199b28c13a410421893ffa2e32 -> 
  custom:CustomObjectIndexerAttribute: 9a22284fe3817be447336de3de66b15e -> 
  custom:container-demuxer-webm: 4f35f7cbe854078d1ac9338744f61a02 -> 
  custom:container-muxer-webm: aa71ff27fc2769a1b78a27578f13a17b -> 
  custom:video-decoder-webm-vp8: 9c59270c3fd7afecdb556c50c9e8de78 -> 
  custom:SearchIndexIgnoredProperties: e643bd26f0fe6173181afceb89e7c659 -> 
  custom:AudioImporter_EditorPlatform: d09bf68614088b80899f8185d706f6e7 -> 
  custom:video-encoder-webm-vp8: eb34c28f22e8b96e1ab97ce403110664 -> 
  custom:audio-decoder-ogg-vorbis: bf7c407c2cedff20999df2af8eb42d56 -> 
  custom:audio-encoder-webm-vorbis: bf7c407c2cedff20999df2af8eb42d56 -> 
  custom:scripting/precompiled-assembly-types:Assembly-CSharp: bbf948f7c52e94b38a29c8587d93f693 -> 5480967452b6f0b4b1dcfd5ec7e31075
========================================================================
Received Prepare
Caller must complete domain reload
Begin MonoManager ReloadAssembly
- Loaded All Assemblies, in  0.288 seconds
Native extension for WindowsStandalone target not found
Mono: successfully reloaded assembly
- Finished resetting the current domain, in  0.761 seconds
Domain Reload Profiling: 1048ms
	BeginReloadAssembly (95ms)
		ExecutionOrderSort (0ms)
		DisableScriptedObjects (3ms)
		BackupInstance (0ms)
		ReleaseScriptingObjects (0ms)
		CreateAndSetChildDomain (19ms)
	RebuildCommonClasses (20ms)
	RebuildNativeTypeToScriptingClass (6ms)
	initialDomainReloadingComplete (17ms)
	LoadAllAssembliesAndSetupDomain (149ms)
		LoadAssemblies (189ms)
		RebuildTransferFunctionScriptingTraits (0ms)
		AnalyzeDomain (11ms)
			TypeCache.Refresh (5ms)
				TypeCache.ScanAssembly (0ms)
			ScanForSourceGeneratedMonoScriptInfo (0ms)
			ResolveRequiredComponents (4ms)
	FinalizeReload (761ms)
		ReleaseScriptCaches (0ms)
		RebuildScriptCaches (0ms)
		SetupLoadedEditorAssemblies (461ms)
			LogAssemblyErrors (0ms)
			InitializePlatformSupportModulesInManaged (4ms)
			SetLoadedEditorAssemblies (3ms)
			RefreshPlugins (0ms)
			BeforeProcessingInitializeOnLoad (56ms)
			ProcessInitializeOnLoadAttributes (349ms)
			ProcessInitializeOnLoadMethodAttributes (46ms)
			AfterProcessingInitializeOnLoad (4ms)
			EditorAssembliesLoaded (0ms)
		ExecutionOrderSort2 (0ms)
		AwakeInstancesAfterBackupRestoration (4ms)
Refreshing native plugins compatible for Editor in 3.67 ms, found 6 plugins.
Preloading 0 native plugins for Editor in 0.00 ms.
Unloading 5098 Unused Serialized files (Serialized files now loaded: 0)
Unloading 398 unused Assets / (444.0 KB). Loaded Objects now: 5509.
Memory consumption went from 230.5 MB to 230.1 MB.
Total: 2.462400 ms (FindLiveObjects: 0.242800 ms CreateObjectMapping: 0.096300 ms MarkObjects: 1.755300 ms  DeleteObjects: 0.367500 ms)

Prepare: number of updated asset objects reloaded= 0
AssetImportParameters requested are different than current active one (requested -> active):
  custom:container-demuxer-ogg: 62fdf1f143b41e24485cea50d1cbac27 -> 
  custom:video-codec-MediaFoundation-h265: 746d11721c4dcdbdad8f713fa42b33f4 -> 
  custom:video-decoder-ogg-theora: a1e56fd34408186e4bbccfd4996cb3dc -> 
  custom:framework-win-MediaFoundation: 216162199b28c13a410421893ffa2e32 -> 
  custom:CustomObjectIndexerAttribute: 9a22284fe3817be447336de3de66b15e -> 
  custom:container-demuxer-webm: 4f35f7cbe854078d1ac9338744f61a02 -> 
  custom:container-muxer-webm: aa71ff27fc2769a1b78a27578f13a17b -> 
  custom:video-decoder-webm-vp8: 9c59270c3fd7afecdb556c50c9e8de78 -> 
  custom:SearchIndexIgnoredProperties: e643bd26f0fe6173181afceb89e7c659 -> 
  custom:AudioImporter_EditorPlatform: d09bf68614088b80899f8185d706f6e7 -> 
  custom:video-encoder-webm-vp8: eb34c28f22e8b96e1ab97ce403110664 -> 
  custom:audio-decoder-ogg-vorbis: bf7c407c2cedff20999df2af8eb42d56 -> 
  custom:audio-encoder-webm-vorbis: bf7c407c2cedff20999df2af8eb42d56 -> 
  custom:scripting/precompiled-assembly-types:Assembly-CSharp: bbf948f7c52e94b38a29c8587d93f693 -> 5480967452b6f0b4b1dcfd5ec7e31075
========================================================================
Received Prepare
Caller must complete domain reload
Begin MonoManager ReloadAssembly
- Loaded All Assemblies, in  0.258 seconds
Native extension for WindowsStandalone target not found
Mono: successfully reloaded assembly
- Finished resetting the current domain, in  0.755 seconds
Domain Reload Profiling: 1012ms
	BeginReloadAssembly (96ms)
		ExecutionOrderSort (0ms)
		DisableScriptedObjects (3ms)
		BackupInstance (0ms)
		ReleaseScriptingObjects (0ms)
		CreateAndSetChildDomain (17ms)
	RebuildCommonClasses (20ms)
	RebuildNativeTypeToScriptingClass (6ms)
	initialDomainReloadingComplete (15ms)
	LoadAllAssembliesAndSetupDomain (119ms)
		LoadAssemblies (163ms)
		RebuildTransferFunctionScriptingTraits (0ms)
		AnalyzeDomain (11ms)
			TypeCache.Refresh (5ms)
				TypeCache.ScanAssembly (0ms)
			ScanForSourceGeneratedMonoScriptInfo (0ms)
			ResolveRequiredComponents (4ms)
	FinalizeReload (755ms)
		ReleaseScriptCaches (0ms)
		RebuildScriptCaches (0ms)
		SetupLoadedEditorAssemblies (466ms)
			LogAssemblyErrors (0ms)
			InitializePlatformSupportModulesInManaged (4ms)
			SetLoadedEditorAssemblies (3ms)
			RefreshPlugins (0ms)
			BeforeProcessingInitializeOnLoad (51ms)
			ProcessInitializeOnLoadAttributes (359ms)
			ProcessInitializeOnLoadMethodAttributes (46ms)
			AfterProcessingInitializeOnLoad (4ms)
			EditorAssembliesLoaded (0ms)
		ExecutionOrderSort2 (0ms)
		AwakeInstancesAfterBackupRestoration (5ms)
Refreshing native plugins compatible for Editor in 3.16 ms, found 6 plugins.
Preloading 0 native plugins for Editor in 0.00 ms.
Unloading 5098 Unused Serialized files (Serialized files now loaded: 0)
Unloading 398 unused Assets / (442.6 KB). Loaded Objects now: 5513.
Memory consumption went from 230.5 MB to 230.1 MB.
Total: 2.460300 ms (FindLiveObjects: 0.240200 ms CreateObjectMapping: 0.088900 ms MarkObjects: 1.758900 ms  DeleteObjects: 0.371700 ms)

Prepare: number of updated asset objects reloaded= 0
AssetImportParameters requested are different than current active one (requested -> active):
  custom:container-demuxer-ogg: 62fdf1f143b41e24485cea50d1cbac27 -> 
  custom:video-codec-MediaFoundation-h265: 746d11721c4dcdbdad8f713fa42b33f4 -> 
  custom:video-decoder-ogg-theora: a1e56fd34408186e4bbccfd4996cb3dc -> 
  custom:framework-win-MediaFoundation: 216162199b28c13a410421893ffa2e32 -> 
  custom:CustomObjectIndexerAttribute: 9a22284fe3817be447336de3de66b15e -> 
  custom:container-demuxer-webm: 4f35f7cbe854078d1ac9338744f61a02 -> 
  custom:container-muxer-webm: aa71ff27fc2769a1b78a27578f13a17b -> 
  custom:video-decoder-webm-vp8: 9c59270c3fd7afecdb556c50c9e8de78 -> 
  custom:SearchIndexIgnoredProperties: e643bd26f0fe6173181afceb89e7c659 -> 
  custom:AudioImporter_EditorPlatform: d09bf68614088b80899f8185d706f6e7 -> 
  custom:video-encoder-webm-vp8: eb34c28f22e8b96e1ab97ce403110664 -> 
  custom:audio-decoder-ogg-vorbis: bf7c407c2cedff20999df2af8eb42d56 -> 
  custom:audio-encoder-webm-vorbis: bf7c407c2cedff20999df2af8eb42d56 -> 
  custom:scripting/precompiled-assembly-types:Assembly-CSharp: bbf948f7c52e94b38a29c8587d93f693 -> 5480967452b6f0b4b1dcfd5ec7e31075
========================================================================
Received Import Request.
  Time since last request: 575.977843 seconds.
  path: Assets/Prefab/Enemy/1,SlimePBR.prefab
  artifactKey: Guid(0434e5908ef8daf4b94386db57ff3c66) Importer(815301076,1909f56bfc062723c751e8b465ee728b)
Start importing Assets/Prefab/Enemy/1,SlimePBR.prefab using Guid(0434e5908ef8daf4b94386db57ff3c66) Importer(815301076,1909f56bfc062723c751e8b465ee728b) [PhysX] Initialized MultithreadedTaskDispatcher with 24 workers.
[PhysX] Initialized MultithreadedTaskDispatcher with 24 workers.
 -> (artifact id: '5c2d262b0c94b447e332c696df6eecfd') in 0.073130 seconds
Number of updated asset objects reloaded before import = 0
Number of asset objects unloaded after import = 113
========================================================================
Received Import Request.
  Time since last request: 2.520765 seconds.
  path: Assets/Prefab/Enemy/2,TurtleShellPBR.prefab
  artifactKey: Guid(9fad1d332a5140a4cbdd3750a179a7c5) Importer(815301076,1909f56bfc062723c751e8b465ee728b)
Start importing Assets/Prefab/Enemy/2,TurtleShellPBR.prefab using Guid(9fad1d332a5140a4cbdd3750a179a7c5) Importer(815301076,1909f56bfc062723c751e8b465ee728b) [PhysX] Initialized MultithreadedTaskDispatcher with 24 workers.
[PhysX] Initialized MultithreadedTaskDispatcher with 24 workers.
 -> (artifact id: 'f22b80872be062bd807208eec9783804') in 0.021865 seconds
Number of updated asset objects reloaded before import = 0
Number of asset objects unloaded after import = 159
========================================================================
Received Import Request.
  Time since last request: 3.060793 seconds.
  path: Assets/Prefab/Enemy/3,MushroomAngryPA.prefab
  artifactKey: Guid(ee58ff3e6ee3c7f4684b768db09be184) Importer(815301076,1909f56bfc062723c751e8b465ee728b)
Start importing Assets/Prefab/Enemy/3,MushroomAngryPA.prefab using Guid(ee58ff3e6ee3c7f4684b768db09be184) Importer(815301076,1909f56bfc062723c751e8b465ee728b) [PhysX] Initialized MultithreadedTaskDispatcher with 24 workers.
[PhysX] Initialized MultithreadedTaskDispatcher with 24 workers.
 -> (artifact id: 'ea39729ff832c2f2edef813a379d276e') in 0.025242 seconds
Number of updated asset objects reloaded before import = 0
Number of asset objects unloaded after import = 132
========================================================================
Received Prepare
Caller must complete domain reload
Begin MonoManager ReloadAssembly
- Loaded All Assemblies, in  0.261 seconds
Native extension for WindowsStandalone target not found
Mono: successfully reloaded assembly
- Finished resetting the current domain, in  0.763 seconds
Domain Reload Profiling: 1023ms
	BeginReloadAssembly (91ms)
		ExecutionOrderSort (0ms)
		DisableScriptedObjects (2ms)
		BackupInstance (0ms)
		ReleaseScriptingObjects (0ms)
		CreateAndSetChildDomain (19ms)
	RebuildCommonClasses (21ms)
	RebuildNativeTypeToScriptingClass (6ms)
	initialDomainReloadingComplete (17ms)
	LoadAllAssembliesAndSetupDomain (126ms)
		LoadAssemblies (162ms)
		RebuildTransferFunctionScriptingTraits (0ms)
		AnalyzeDomain (11ms)
			TypeCache.Refresh (5ms)
				TypeCache.ScanAssembly (0ms)
			ScanForSourceGeneratedMonoScriptInfo (0ms)
			ResolveRequiredComponents (4ms)
	FinalizeReload (763ms)
		ReleaseScriptCaches (0ms)
		RebuildScriptCaches (0ms)
		SetupLoadedEditorAssemblies (472ms)
			LogAssemblyErrors (0ms)
			InitializePlatformSupportModulesInManaged (4ms)
			SetLoadedEditorAssemblies (3ms)
			RefreshPlugins (0ms)
			BeforeProcessingInitializeOnLoad (56ms)
			ProcessInitializeOnLoadAttributes (357ms)
			ProcessInitializeOnLoadMethodAttributes (47ms)
			AfterProcessingInitializeOnLoad (5ms)
			EditorAssembliesLoaded (0ms)
		ExecutionOrderSort2 (0ms)
		AwakeInstancesAfterBackupRestoration (5ms)
Refreshing native plugins compatible for Editor in 3.89 ms, found 6 plugins.
Preloading 0 native plugins for Editor in 0.00 ms.
Unloading 5097 Unused Serialized files (Serialized files now loaded: 0)
Unloading 398 unused Assets / (443.1 KB). Loaded Objects now: 5517.
Memory consumption went from 230.2 MB to 229.8 MB.
Total: 2.455500 ms (FindLiveObjects: 0.263800 ms CreateObjectMapping: 0.098700 ms MarkObjects: 1.724400 ms  DeleteObjects: 0.367900 ms)

Prepare: number of updated asset objects reloaded= 0
AssetImportParameters requested are different than current active one (requested -> active):
  custom:container-demuxer-ogg: 62fdf1f143b41e24485cea50d1cbac27 -> 
  custom:video-codec-MediaFoundation-h265: 746d11721c4dcdbdad8f713fa42b33f4 -> 
  custom:video-decoder-ogg-theora: a1e56fd34408186e4bbccfd4996cb3dc -> 
  custom:framework-win-MediaFoundation: 216162199b28c13a410421893ffa2e32 -> 
  custom:CustomObjectIndexerAttribute: 9a22284fe3817be447336de3de66b15e -> 
  custom:container-demuxer-webm: 4f35f7cbe854078d1ac9338744f61a02 -> 
  custom:container-muxer-webm: aa71ff27fc2769a1b78a27578f13a17b -> 
  custom:video-decoder-webm-vp8: 9c59270c3fd7afecdb556c50c9e8de78 -> 
  custom:SearchIndexIgnoredProperties: e643bd26f0fe6173181afceb89e7c659 -> 
  custom:AudioImporter_EditorPlatform: d09bf68614088b80899f8185d706f6e7 -> 
  custom:video-encoder-webm-vp8: eb34c28f22e8b96e1ab97ce403110664 -> 
  custom:audio-decoder-ogg-vorbis: bf7c407c2cedff20999df2af8eb42d56 -> 
  custom:audio-encoder-webm-vorbis: bf7c407c2cedff20999df2af8eb42d56 -> 
  custom:scripting/precompiled-assembly-types:Assembly-CSharp: bbf948f7c52e94b38a29c8587d93f693 -> 5480967452b6f0b4b1dcfd5ec7e31075
========================================================================
Received Import Request.
  Time since last request: 44.861692 seconds.
  path: Assets/Prefab/Enemy/1,SlimePBR.prefab
  artifactKey: Guid(0434e5908ef8daf4b94386db57ff3c66) Importer(815301076,1909f56bfc062723c751e8b465ee728b)
Start importing Assets/Prefab/Enemy/1,SlimePBR.prefab using Guid(0434e5908ef8daf4b94386db57ff3c66) Importer(815301076,1909f56bfc062723c751e8b465ee728b) [PhysX] Initialized MultithreadedTaskDispatcher with 24 workers.
[PhysX] Initialized MultithreadedTaskDispatcher with 24 workers.
 -> (artifact id: 'bd2f23b064d9c7f80661aa317191dea4') in 0.071963 seconds
Number of updated asset objects reloaded before import = 0
Number of asset objects unloaded after import = 113
========================================================================
Received Prepare
Caller must complete domain reload
Begin MonoManager ReloadAssembly
- Loaded All Assemblies, in  0.260 seconds
Native extension for WindowsStandalone target not found
Mono: successfully reloaded assembly
- Finished resetting the current domain, in  0.736 seconds
Domain Reload Profiling: 996ms
	BeginReloadAssembly (94ms)
		ExecutionOrderSort (0ms)
		DisableScriptedObjects (2ms)
		BackupInstance (0ms)
		ReleaseScriptingObjects (0ms)
		CreateAndSetChildDomain (22ms)
	RebuildCommonClasses (19ms)
	RebuildNativeTypeToScriptingClass (6ms)
	initialDomainReloadingComplete (18ms)
	LoadAllAssembliesAndSetupDomain (121ms)
		LoadAssemblies (159ms)
		RebuildTransferFunctionScriptingTraits (0ms)
		AnalyzeDomain (10ms)
			TypeCache.Refresh (4ms)
				TypeCache.ScanAssembly (0ms)
			ScanForSourceGeneratedMonoScriptInfo (0ms)
			ResolveRequiredComponents (4ms)
	FinalizeReload (737ms)
		ReleaseScriptCaches (0ms)
		RebuildScriptCaches (0ms)
		SetupLoadedEditorAssemblies (452ms)
			LogAssemblyErrors (0ms)
			InitializePlatformSupportModulesInManaged (3ms)
			SetLoadedEditorAssemblies (3ms)
			RefreshPlugins (0ms)
			BeforeProcessingInitializeOnLoad (48ms)
			ProcessInitializeOnLoadAttributes (348ms)
			ProcessInitializeOnLoadMethodAttributes (47ms)
			AfterProcessingInitializeOnLoad (3ms)
			EditorAssembliesLoaded (0ms)
		ExecutionOrderSort2 (0ms)
		AwakeInstancesAfterBackupRestoration (5ms)
Refreshing native plugins compatible for Editor in 3.49 ms, found 6 plugins.
Preloading 0 native plugins for Editor in 0.00 ms.
Unloading 5097 Unused Serialized files (Serialized files now loaded: 0)
Unloading 398 unused Assets / (442.6 KB). Loaded Objects now: 5521.
Memory consumption went from 230.3 MB to 229.8 MB.
Total: 2.933000 ms (FindLiveObjects: 0.226300 ms CreateObjectMapping: 0.083400 ms MarkObjects: 2.147700 ms  DeleteObjects: 0.474900 ms)

Prepare: number of updated asset objects reloaded= 0
AssetImportParameters requested are different than current active one (requested -> active):
  custom:container-demuxer-ogg: 62fdf1f143b41e24485cea50d1cbac27 -> 
  custom:video-codec-MediaFoundation-h265: 746d11721c4dcdbdad8f713fa42b33f4 -> 
  custom:video-decoder-ogg-theora: a1e56fd34408186e4bbccfd4996cb3dc -> 
  custom:framework-win-MediaFoundation: 216162199b28c13a410421893ffa2e32 -> 
  custom:CustomObjectIndexerAttribute: 9a22284fe3817be447336de3de66b15e -> 
  custom:container-demuxer-webm: 4f35f7cbe854078d1ac9338744f61a02 -> 
  custom:container-muxer-webm: aa71ff27fc2769a1b78a27578f13a17b -> 
  custom:video-decoder-webm-vp8: 9c59270c3fd7afecdb556c50c9e8de78 -> 
  custom:SearchIndexIgnoredProperties: e643bd26f0fe6173181afceb89e7c659 -> 
  custom:AudioImporter_EditorPlatform: d09bf68614088b80899f8185d706f6e7 -> 
  custom:video-encoder-webm-vp8: eb34c28f22e8b96e1ab97ce403110664 -> 
  custom:audio-decoder-ogg-vorbis: bf7c407c2cedff20999df2af8eb42d56 -> 
  custom:audio-encoder-webm-vorbis: bf7c407c2cedff20999df2af8eb42d56 -> 
  custom:scripting/precompiled-assembly-types:Assembly-CSharp: bbf948f7c52e94b38a29c8587d93f693 -> 5480967452b6f0b4b1dcfd5ec7e31075
========================================================================
Received Import Request.
  Time since last request: 6.383106 seconds.
  path: Assets/Prefab/Enemy/2,TurtleShellPBR.prefab
  artifactKey: Guid(9fad1d332a5140a4cbdd3750a179a7c5) Importer(815301076,1909f56bfc062723c751e8b465ee728b)
Start importing Assets/Prefab/Enemy/2,TurtleShellPBR.prefab using Guid(9fad1d332a5140a4cbdd3750a179a7c5) Importer(815301076,1909f56bfc062723c751e8b465ee728b) [PhysX] Initialized MultithreadedTaskDispatcher with 24 workers.
[PhysX] Initialized MultithreadedTaskDispatcher with 24 workers.
 -> (artifact id: '5928aaebea35cffa41e13cf421bf641c') in 0.079285 seconds
Number of updated asset objects reloaded before import = 0
Number of asset objects unloaded after import = 159
========================================================================
Received Prepare
Refreshing native plugins compatible for Editor in 2.63 ms, found 6 plugins.
Preloading 0 native plugins for Editor in 0.00 ms.
Unloading 2 Unused Serialized files (Serialized files now loaded: 0)
Unloading 3 unused Assets / (291.6 KB). Loaded Objects now: 5522.
Memory consumption went from 98.7 MB to 98.4 MB.
Total: 2.602500 ms (FindLiveObjects: 0.232200 ms CreateObjectMapping: 0.099200 ms MarkObjects: 2.227300 ms  DeleteObjects: 0.043100 ms)

Prepare: number of updated asset objects reloaded= 0
AssetImportParameters requested are different than current active one (requested -> active):
  custom:container-demuxer-ogg: 62fdf1f143b41e24485cea50d1cbac27 -> 
  custom:video-codec-MediaFoundation-h265: 746d11721c4dcdbdad8f713fa42b33f4 -> 
  custom:video-decoder-ogg-theora: a1e56fd34408186e4bbccfd4996cb3dc -> 
  custom:framework-win-MediaFoundation: 216162199b28c13a410421893ffa2e32 -> 
  custom:CustomObjectIndexerAttribute: 9a22284fe3817be447336de3de66b15e -> 
  custom:container-demuxer-webm: 4f35f7cbe854078d1ac9338744f61a02 -> 
  custom:container-muxer-webm: aa71ff27fc2769a1b78a27578f13a17b -> 
  custom:video-decoder-webm-vp8: 9c59270c3fd7afecdb556c50c9e8de78 -> 
  custom:SearchIndexIgnoredProperties: e643bd26f0fe6173181afceb89e7c659 -> 
  custom:AudioImporter_EditorPlatform: d09bf68614088b80899f8185d706f6e7 -> 
  custom:video-encoder-webm-vp8: eb34c28f22e8b96e1ab97ce403110664 -> 
  custom:audio-decoder-ogg-vorbis: bf7c407c2cedff20999df2af8eb42d56 -> 
  custom:audio-encoder-webm-vorbis: bf7c407c2cedff20999df2af8eb42d56 -> 
========================================================================
Received Import Request.
  Time since last request: 33.783951 seconds.
  path: Assets/Prefab/Enemy/1,SlimePBR.prefab
  artifactKey: Guid(0434e5908ef8daf4b94386db57ff3c66) Importer(815301076,1909f56bfc062723c751e8b465ee728b)
Start importing Assets/Prefab/Enemy/1,SlimePBR.prefab using Guid(0434e5908ef8daf4b94386db57ff3c66) Importer(815301076,1909f56bfc062723c751e8b465ee728b) [PhysX] Initialized MultithreadedTaskDispatcher with 24 workers.
[PhysX] Initialized MultithreadedTaskDispatcher with 24 workers.
 -> (artifact id: '11865c1120ebf4c1c0ed0290f1c4748e') in 0.024292 seconds
Number of updated asset objects reloaded before import = 0
Number of asset objects unloaded after import = 113
========================================================================
Received Import Request.
  Time since last request: 0.000014 seconds.
  path: Assets/Prefab/Enemy/3,MushroomAngryPA.prefab
  artifactKey: Guid(ee58ff3e6ee3c7f4684b768db09be184) Importer(815301076,1909f56bfc062723c751e8b465ee728b)
Start importing Assets/Prefab/Enemy/3,MushroomAngryPA.prefab using Guid(ee58ff3e6ee3c7f4684b768db09be184) Importer(815301076,1909f56bfc062723c751e8b465ee728b) [PhysX] Initialized MultithreadedTaskDispatcher with 24 workers.
[PhysX] Initialized MultithreadedTaskDispatcher with 24 workers.
 -> (artifact id: 'c0315cfef48ec5b6930f1aa48fb4fd28') in 0.021047 seconds
Number of updated asset objects reloaded before import = 0
Number of asset objects unloaded after import = 132
========================================================================
Received Prepare
Caller must complete domain reload
Begin MonoManager ReloadAssembly
- Loaded All Assemblies, in  0.279 seconds
Native extension for WindowsStandalone target not found
Mono: successfully reloaded assembly
- Finished resetting the current domain, in  0.691 seconds
Domain Reload Profiling: 969ms
	BeginReloadAssembly (98ms)
		ExecutionOrderSort (0ms)
		DisableScriptedObjects (3ms)
		BackupInstance (0ms)
		ReleaseScriptingObjects (0ms)
		CreateAndSetChildDomain (23ms)
	RebuildCommonClasses (19ms)
	RebuildNativeTypeToScriptingClass (6ms)
	initialDomainReloadingComplete (17ms)
	LoadAllAssembliesAndSetupDomain (137ms)
		LoadAssemblies (167ms)
		RebuildTransferFunctionScriptingTraits (0ms)
		AnalyzeDomain (21ms)
			TypeCache.Refresh (6ms)
				TypeCache.ScanAssembly (0ms)
			ScanForSourceGeneratedMonoScriptInfo (8ms)
			ResolveRequiredComponents (4ms)
	FinalizeReload (691ms)
		ReleaseScriptCaches (0ms)
		RebuildScriptCaches (0ms)
		SetupLoadedEditorAssemblies (405ms)
			LogAssemblyErrors (0ms)
			InitializePlatformSupportModulesInManaged (4ms)
			SetLoadedEditorAssemblies (3ms)
			RefreshPlugins (0ms)
			BeforeProcessingInitializeOnLoad (46ms)
			ProcessInitializeOnLoadAttributes (309ms)
			ProcessInitializeOnLoadMethodAttributes (40ms)
			AfterProcessingInitializeOnLoad (4ms)
			EditorAssembliesLoaded (0ms)
		ExecutionOrderSort2 (0ms)
		AwakeInstancesAfterBackupRestoration (4ms)
Refreshing native plugins compatible for Editor in 3.23 ms, found 6 plugins.
Preloading 0 native plugins for Editor in 0.00 ms.
Unloading 5097 Unused Serialized files (Serialized files now loaded: 0)
Unloading 398 unused Assets / (444.1 KB). Loaded Objects now: 5525.
Memory consumption went from 230.3 MB to 229.8 MB.
Total: 2.342200 ms (FindLiveObjects: 0.220100 ms CreateObjectMapping: 0.081800 ms MarkObjects: 1.649000 ms  DeleteObjects: 0.390700 ms)

Prepare: number of updated asset objects reloaded= 0
AssetImportParameters requested are different than current active one (requested -> active):
  custom:container-demuxer-ogg: 62fdf1f143b41e24485cea50d1cbac27 -> 
  custom:video-codec-MediaFoundation-h265: 746d11721c4dcdbdad8f713fa42b33f4 -> 
  custom:video-decoder-ogg-theora: a1e56fd34408186e4bbccfd4996cb3dc -> 
  custom:framework-win-MediaFoundation: 216162199b28c13a410421893ffa2e32 -> 
  custom:CustomObjectIndexerAttribute: 9a22284fe3817be447336de3de66b15e -> 
  custom:container-demuxer-webm: 4f35f7cbe854078d1ac9338744f61a02 -> 
  custom:container-muxer-webm: aa71ff27fc2769a1b78a27578f13a17b -> 
  custom:video-decoder-webm-vp8: 9c59270c3fd7afecdb556c50c9e8de78 -> 
  custom:SearchIndexIgnoredProperties: e643bd26f0fe6173181afceb89e7c659 -> 
  custom:AudioImporter_EditorPlatform: d09bf68614088b80899f8185d706f6e7 -> 
  custom:video-encoder-webm-vp8: eb34c28f22e8b96e1ab97ce403110664 -> 
  custom:audio-decoder-ogg-vorbis: bf7c407c2cedff20999df2af8eb42d56 -> 
  custom:audio-encoder-webm-vorbis: bf7c407c2cedff20999df2af8eb42d56 -> 
========================================================================
Received Import Request.
  Time since last request: 7.989912 seconds.
  path: Assets/Prefab/Enemy/1,SlimePBR.prefab
  artifactKey: Guid(0434e5908ef8daf4b94386db57ff3c66) Importer(815301076,1909f56bfc062723c751e8b465ee728b)
Start importing Assets/Prefab/Enemy/1,SlimePBR.prefab using Guid(0434e5908ef8daf4b94386db57ff3c66) Importer(815301076,1909f56bfc062723c751e8b465ee728b) [PhysX] Initialized MultithreadedTaskDispatcher with 24 workers.
[PhysX] Initialized MultithreadedTaskDispatcher with 24 workers.
 -> (artifact id: '0aef77296d43904adc44c9fbc9a92995') in 0.069597 seconds
Number of updated asset objects reloaded before import = 0
Number of asset objects unloaded after import = 112
========================================================================
Received Prepare
Caller must complete domain reload
Begin MonoManager ReloadAssembly
- Loaded All Assemblies, in  0.258 seconds
Native extension for WindowsStandalone target not found
Mono: successfully reloaded assembly
- Finished resetting the current domain, in  0.763 seconds
Domain Reload Profiling: 1020ms
	BeginReloadAssembly (91ms)
		ExecutionOrderSort (0ms)
		DisableScriptedObjects (3ms)
		BackupInstance (0ms)
		ReleaseScriptingObjects (0ms)
		CreateAndSetChildDomain (19ms)
	RebuildCommonClasses (19ms)
	RebuildNativeTypeToScriptingClass (6ms)
	initialDomainReloadingComplete (17ms)
	LoadAllAssembliesAndSetupDomain (125ms)
		LoadAssemblies (161ms)
		RebuildTransferFunctionScriptingTraits (0ms)
		AnalyzeDomain (11ms)
			TypeCache.Refresh (5ms)
				TypeCache.ScanAssembly (0ms)
			ScanForSourceGeneratedMonoScriptInfo (0ms)
			ResolveRequiredComponents (4ms)
	FinalizeReload (763ms)
		ReleaseScriptCaches (0ms)
		RebuildScriptCaches (0ms)
		SetupLoadedEditorAssemblies (472ms)
			LogAssemblyErrors (0ms)
			InitializePlatformSupportModulesInManaged (4ms)
			SetLoadedEditorAssemblies (3ms)
			RefreshPlugins (0ms)
			BeforeProcessingInitializeOnLoad (62ms)
			ProcessInitializeOnLoadAttributes (351ms)
			ProcessInitializeOnLoadMethodAttributes (48ms)
			AfterProcessingInitializeOnLoad (4ms)
			EditorAssembliesLoaded (0ms)
		ExecutionOrderSort2 (0ms)
		AwakeInstancesAfterBackupRestoration (5ms)
Refreshing native plugins compatible for Editor in 3.18 ms, found 6 plugins.
Preloading 0 native plugins for Editor in 0.00 ms.
Unloading 5097 Unused Serialized files (Serialized files now loaded: 0)
Unloading 398 unused Assets / (441.7 KB). Loaded Objects now: 5529.
Memory consumption went from 230.3 MB to 229.8 MB.
Total: 2.861200 ms (FindLiveObjects: 0.231300 ms CreateObjectMapping: 0.112900 ms MarkObjects: 1.969200 ms  DeleteObjects: 0.546800 ms)

Prepare: number of updated asset objects reloaded= 0
AssetImportParameters requested are different than current active one (requested -> active):
  custom:container-demuxer-ogg: 62fdf1f143b41e24485cea50d1cbac27 -> 
  custom:video-codec-MediaFoundation-h265: 746d11721c4dcdbdad8f713fa42b33f4 -> 
  custom:video-decoder-ogg-theora: a1e56fd34408186e4bbccfd4996cb3dc -> 
  custom:framework-win-MediaFoundation: 216162199b28c13a410421893ffa2e32 -> 
  custom:CustomObjectIndexerAttribute: 9a22284fe3817be447336de3de66b15e -> 
  custom:container-demuxer-webm: 4f35f7cbe854078d1ac9338744f61a02 -> 
  custom:container-muxer-webm: aa71ff27fc2769a1b78a27578f13a17b -> 
  custom:video-decoder-webm-vp8: 9c59270c3fd7afecdb556c50c9e8de78 -> 
  custom:SearchIndexIgnoredProperties: e643bd26f0fe6173181afceb89e7c659 -> 
  custom:AudioImporter_EditorPlatform: d09bf68614088b80899f8185d706f6e7 -> 
  custom:video-encoder-webm-vp8: eb34c28f22e8b96e1ab97ce403110664 -> 
  custom:audio-decoder-ogg-vorbis: bf7c407c2cedff20999df2af8eb42d56 -> 
  custom:audio-encoder-webm-vorbis: bf7c407c2cedff20999df2af8eb42d56 -> 
========================================================================
Received Prepare
Caller must complete domain reload
Begin MonoManager ReloadAssembly
- Loaded All Assemblies, in  0.256 seconds
Native extension for WindowsStandalone target not found
Mono: successfully reloaded assembly
- Finished resetting the current domain, in  0.747 seconds
Domain Reload Profiling: 1002ms
	BeginReloadAssembly (89ms)
		ExecutionOrderSort (0ms)
		DisableScriptedObjects (3ms)
		BackupInstance (0ms)
		ReleaseScriptingObjects (0ms)
		CreateAndSetChildDomain (17ms)
	RebuildCommonClasses (19ms)
	RebuildNativeTypeToScriptingClass (6ms)
	initialDomainReloadingComplete (16ms)
	LoadAllAssembliesAndSetupDomain (126ms)
		LoadAssemblies (163ms)
		RebuildTransferFunctionScriptingTraits (0ms)
		AnalyzeDomain (11ms)
			TypeCache.Refresh (5ms)
				TypeCache.ScanAssembly (0ms)
			ScanForSourceGeneratedMonoScriptInfo (0ms)
			ResolveRequiredComponents (4ms)
	FinalizeReload (747ms)
		ReleaseScriptCaches (0ms)
		RebuildScriptCaches (0ms)
		SetupLoadedEditorAssemblies (457ms)
			LogAssemblyErrors (0ms)
			InitializePlatformSupportModulesInManaged (5ms)
			SetLoadedEditorAssemblies (3ms)
			RefreshPlugins (0ms)
			BeforeProcessingInitializeOnLoad (49ms)
			ProcessInitializeOnLoadAttributes (351ms)
			ProcessInitializeOnLoadMethodAttributes (45ms)
			AfterProcessingInitializeOnLoad (4ms)
			EditorAssembliesLoaded (0ms)
		ExecutionOrderSort2 (0ms)
		AwakeInstancesAfterBackupRestoration (5ms)
Refreshing native plugins compatible for Editor in 4.29 ms, found 6 plugins.
Preloading 0 native plugins for Editor in 0.00 ms.
Unloading 5098 Unused Serialized files (Serialized files now loaded: 0)
Unloading 398 unused Assets / (442.2 KB). Loaded Objects now: 5533.
Memory consumption went from 230.5 MB to 230.1 MB.
Total: 2.860000 ms (FindLiveObjects: 0.236200 ms CreateObjectMapping: 0.084700 ms MarkObjects: 1.851100 ms  DeleteObjects: 0.687400 ms)

Prepare: number of updated asset objects reloaded= 0
AssetImportParameters requested are different than current active one (requested -> active):
  custom:container-demuxer-ogg: 62fdf1f143b41e24485cea50d1cbac27 -> 
  custom:video-codec-MediaFoundation-h265: 746d11721c4dcdbdad8f713fa42b33f4 -> 
  custom:video-decoder-ogg-theora: a1e56fd34408186e4bbccfd4996cb3dc -> 
  custom:framework-win-MediaFoundation: 216162199b28c13a410421893ffa2e32 -> 
  custom:CustomObjectIndexerAttribute: 9a22284fe3817be447336de3de66b15e -> 
  custom:container-demuxer-webm: 4f35f7cbe854078d1ac9338744f61a02 -> 
  custom:container-muxer-webm: aa71ff27fc2769a1b78a27578f13a17b -> 
  custom:video-decoder-webm-vp8: 9c59270c3fd7afecdb556c50c9e8de78 -> 
  custom:SearchIndexIgnoredProperties: e643bd26f0fe6173181afceb89e7c659 -> 
  custom:AudioImporter_EditorPlatform: d09bf68614088b80899f8185d706f6e7 -> 
  custom:video-encoder-webm-vp8: eb34c28f22e8b96e1ab97ce403110664 -> 
  custom:audio-decoder-ogg-vorbis: bf7c407c2cedff20999df2af8eb42d56 -> 
  custom:audio-encoder-webm-vorbis: bf7c407c2cedff20999df2af8eb42d56 -> 
========================================================================
Received Prepare
Caller must complete domain reload
Begin MonoManager ReloadAssembly
- Loaded All Assemblies, in  0.283 seconds
Native extension for WindowsStandalone target not found
Mono: successfully reloaded assembly
- Finished resetting the current domain, in  0.732 seconds
Domain Reload Profiling: 1014ms
	BeginReloadAssembly (93ms)
		ExecutionOrderSort (0ms)
		DisableScriptedObjects (3ms)
		BackupInstance (0ms)
		ReleaseScriptingObjects (0ms)
		CreateAndSetChildDomain (19ms)
	RebuildCommonClasses (19ms)
	RebuildNativeTypeToScriptingClass (6ms)
	initialDomainReloadingComplete (16ms)
	LoadAllAssembliesAndSetupDomain (147ms)
		LoadAssemblies (172ms)
		RebuildTransferFunctionScriptingTraits (0ms)
		AnalyzeDomain (23ms)
			TypeCache.Refresh (10ms)
				TypeCache.ScanAssembly (1ms)
			ScanForSourceGeneratedMonoScriptInfo (8ms)
			ResolveRequiredComponents (4ms)
	FinalizeReload (732ms)
		ReleaseScriptCaches (0ms)
		RebuildScriptCaches (0ms)
		SetupLoadedEditorAssemblies (420ms)
			LogAssemblyErrors (0ms)
			InitializePlatformSupportModulesInManaged (5ms)
			SetLoadedEditorAssemblies (3ms)
			RefreshPlugins (0ms)
			BeforeProcessingInitializeOnLoad (50ms)
			ProcessInitializeOnLoadAttributes (320ms)
			ProcessInitializeOnLoadMethodAttributes (39ms)
			AfterProcessingInitializeOnLoad (4ms)
			EditorAssembliesLoaded (0ms)
		ExecutionOrderSort2 (0ms)
		AwakeInstancesAfterBackupRestoration (4ms)
Refreshing native plugins compatible for Editor in 2.81 ms, found 6 plugins.
Preloading 0 native plugins for Editor in 0.00 ms.
Unloading 5098 Unused Serialized files (Serialized files now loaded: 0)
Unloading 398 unused Assets / (434.8 KB). Loaded Objects now: 5537.
Memory consumption went from 230.5 MB to 230.1 MB.
Total: 2.449400 ms (FindLiveObjects: 0.240400 ms CreateObjectMapping: 0.091000 ms MarkObjects: 1.715900 ms  DeleteObjects: 0.401500 ms)

Prepare: number of updated asset objects reloaded= 0
AssetImportParameters requested are different than current active one (requested -> active):
  custom:container-demuxer-ogg: 62fdf1f143b41e24485cea50d1cbac27 -> 
  custom:video-codec-MediaFoundation-h265: 746d11721c4dcdbdad8f713fa42b33f4 -> 
  custom:video-decoder-ogg-theora: a1e56fd34408186e4bbccfd4996cb3dc -> 
  custom:framework-win-MediaFoundation: 216162199b28c13a410421893ffa2e32 -> 
  custom:CustomObjectIndexerAttribute: 9a22284fe3817be447336de3de66b15e -> 
  custom:container-demuxer-webm: 4f35f7cbe854078d1ac9338744f61a02 -> 
  custom:container-muxer-webm: aa71ff27fc2769a1b78a27578f13a17b -> 
  custom:video-decoder-webm-vp8: 9c59270c3fd7afecdb556c50c9e8de78 -> 
  custom:SearchIndexIgnoredProperties: e643bd26f0fe6173181afceb89e7c659 -> 
  custom:AudioImporter_EditorPlatform: d09bf68614088b80899f8185d706f6e7 -> 
  custom:video-encoder-webm-vp8: eb34c28f22e8b96e1ab97ce403110664 -> 
  custom:audio-decoder-ogg-vorbis: bf7c407c2cedff20999df2af8eb42d56 -> 
  custom:audio-encoder-webm-vorbis: bf7c407c2cedff20999df2af8eb42d56 -> 
  custom:scripting/precompiled-assembly-types:Assembly-CSharp: 4eb6f3030609eb80b3758b49291b212a -> 5480967452b6f0b4b1dcfd5ec7e31075
========================================================================
Received Import Request.
  Time since last request: 272.107630 seconds.
  path: Assets/Prefab/Enemy/3,MushroomAngryPA.prefab
  artifactKey: Guid(ee58ff3e6ee3c7f4684b768db09be184) Importer(815301076,1909f56bfc062723c751e8b465ee728b)
Start importing Assets/Prefab/Enemy/3,MushroomAngryPA.prefab using Guid(ee58ff3e6ee3c7f4684b768db09be184) Importer(815301076,1909f56bfc062723c751e8b465ee728b) [PhysX] Initialized MultithreadedTaskDispatcher with 24 workers.
[PhysX] Initialized MultithreadedTaskDispatcher with 24 workers.
 -> (artifact id: '7be1d89c3284c656815608be49978ff9') in 0.078787 seconds
Number of updated asset objects reloaded before import = 0
Number of asset objects unloaded after import = 131
========================================================================
Received Prepare
Caller must complete domain reload
Begin MonoManager ReloadAssembly
- Loaded All Assemblies, in  0.261 seconds
Native extension for WindowsStandalone target not found
Mono: successfully reloaded assembly
- Finished resetting the current domain, in  0.752 seconds
Domain Reload Profiling: 1012ms
	BeginReloadAssembly (92ms)
		ExecutionOrderSort (0ms)
		DisableScriptedObjects (2ms)
		BackupInstance (0ms)
		ReleaseScriptingObjects (0ms)
		CreateAndSetChildDomain (19ms)
	RebuildCommonClasses (19ms)
	RebuildNativeTypeToScriptingClass (6ms)
	initialDomainReloadingComplete (17ms)
	LoadAllAssembliesAndSetupDomain (126ms)
		LoadAssemblies (163ms)
		RebuildTransferFunctionScriptingTraits (0ms)
		AnalyzeDomain (12ms)
			TypeCache.Refresh (5ms)
				TypeCache.ScanAssembly (0ms)
			ScanForSourceGeneratedMonoScriptInfo (0ms)
			ResolveRequiredComponents (4ms)
	FinalizeReload (752ms)
		ReleaseScriptCaches (0ms)
		RebuildScriptCaches (0ms)
		SetupLoadedEditorAssemblies (454ms)
			LogAssemblyErrors (0ms)
			InitializePlatformSupportModulesInManaged (3ms)
			SetLoadedEditorAssemblies (3ms)
			RefreshPlugins (0ms)
			BeforeProcessingInitializeOnLoad (53ms)
			ProcessInitializeOnLoadAttributes (346ms)
			ProcessInitializeOnLoadMethodAttributes (45ms)
			AfterProcessingInitializeOnLoad (4ms)
			EditorAssembliesLoaded (0ms)
		ExecutionOrderSort2 (0ms)
		AwakeInstancesAfterBackupRestoration (5ms)
Refreshing native plugins compatible for Editor in 4.11 ms, found 6 plugins.
Preloading 0 native plugins for Editor in 0.00 ms.
Unloading 5097 Unused Serialized files (Serialized files now loaded: 0)
Unloading 398 unused Assets / (442.8 KB). Loaded Objects now: 5541.
Memory consumption went from 230.3 MB to 229.8 MB.
Total: 3.256600 ms (FindLiveObjects: 0.237900 ms CreateObjectMapping: 0.087400 ms MarkObjects: 2.459600 ms  DeleteObjects: 0.471100 ms)

Prepare: number of updated asset objects reloaded= 0
AssetImportParameters requested are different than current active one (requested -> active):
  custom:container-demuxer-ogg: 62fdf1f143b41e24485cea50d1cbac27 -> 
  custom:video-codec-MediaFoundation-h265: 746d11721c4dcdbdad8f713fa42b33f4 -> 
  custom:video-decoder-ogg-theora: a1e56fd34408186e4bbccfd4996cb3dc -> 
  custom:framework-win-MediaFoundation: 216162199b28c13a410421893ffa2e32 -> 
  custom:CustomObjectIndexerAttribute: 9a22284fe3817be447336de3de66b15e -> 
  custom:container-demuxer-webm: 4f35f7cbe854078d1ac9338744f61a02 -> 
  custom:container-muxer-webm: aa71ff27fc2769a1b78a27578f13a17b -> 
  custom:video-decoder-webm-vp8: 9c59270c3fd7afecdb556c50c9e8de78 -> 
  custom:SearchIndexIgnoredProperties: e643bd26f0fe6173181afceb89e7c659 -> 
  custom:AudioImporter_EditorPlatform: d09bf68614088b80899f8185d706f6e7 -> 
  custom:video-encoder-webm-vp8: eb34c28f22e8b96e1ab97ce403110664 -> 
  custom:audio-decoder-ogg-vorbis: bf7c407c2cedff20999df2af8eb42d56 -> 
  custom:audio-encoder-webm-vorbis: bf7c407c2cedff20999df2af8eb42d56 -> 
  custom:scripting/precompiled-assembly-types:Assembly-CSharp: 4eb6f3030609eb80b3758b49291b212a -> 5480967452b6f0b4b1dcfd5ec7e31075
========================================================================
Received Prepare
Caller must complete domain reload
Begin MonoManager ReloadAssembly
- Loaded All Assemblies, in  0.252 seconds
Native extension for WindowsStandalone target not found
Mono: successfully reloaded assembly
- Finished resetting the current domain, in  0.762 seconds
Domain Reload Profiling: 1013ms
	BeginReloadAssembly (89ms)
		ExecutionOrderSort (0ms)
		DisableScriptedObjects (3ms)
		BackupInstance (0ms)
		ReleaseScriptingObjects (0ms)
		CreateAndSetChildDomain (18ms)
	RebuildCommonClasses (19ms)
	RebuildNativeTypeToScriptingClass (6ms)
	initialDomainReloadingComplete (17ms)
	LoadAllAssembliesAndSetupDomain (121ms)
		LoadAssemblies (156ms)
		RebuildTransferFunctionScriptingTraits (0ms)
		AnalyzeDomain (11ms)
			TypeCache.Refresh (5ms)
				TypeCache.ScanAssembly (0ms)
			ScanForSourceGeneratedMonoScriptInfo (0ms)
			ResolveRequiredComponents (4ms)
	FinalizeReload (763ms)
		ReleaseScriptCaches (0ms)
		RebuildScriptCaches (0ms)
		SetupLoadedEditorAssemblies (467ms)
			LogAssemblyErrors (0ms)
			InitializePlatformSupportModulesInManaged (5ms)
			SetLoadedEditorAssemblies (3ms)
			RefreshPlugins (0ms)
			BeforeProcessingInitializeOnLoad (58ms)
			ProcessInitializeOnLoadAttributes (351ms)
			ProcessInitializeOnLoadMethodAttributes (46ms)
			AfterProcessingInitializeOnLoad (4ms)
			EditorAssembliesLoaded (0ms)
		ExecutionOrderSort2 (0ms)
		AwakeInstancesAfterBackupRestoration (5ms)
Refreshing native plugins compatible for Editor in 3.99 ms, found 6 plugins.
Preloading 0 native plugins for Editor in 0.00 ms.
Unloading 5098 Unused Serialized files (Serialized files now loaded: 0)
Unloading 398 unused Assets / (442.6 KB). Loaded Objects now: 5545.
Memory consumption went from 230.5 MB to 230.1 MB.
Total: 2.414600 ms (FindLiveObjects: 0.250500 ms CreateObjectMapping: 0.085300 ms MarkObjects: 1.707300 ms  DeleteObjects: 0.370700 ms)

Prepare: number of updated asset objects reloaded= 0
AssetImportParameters requested are different than current active one (requested -> active):
  custom:container-demuxer-ogg: 62fdf1f143b41e24485cea50d1cbac27 -> 
  custom:video-codec-MediaFoundation-h265: 746d11721c4dcdbdad8f713fa42b33f4 -> 
  custom:video-decoder-ogg-theora: a1e56fd34408186e4bbccfd4996cb3dc -> 
  custom:framework-win-MediaFoundation: 216162199b28c13a410421893ffa2e32 -> 
  custom:CustomObjectIndexerAttribute: 9a22284fe3817be447336de3de66b15e -> 
  custom:container-demuxer-webm: 4f35f7cbe854078d1ac9338744f61a02 -> 
  custom:container-muxer-webm: aa71ff27fc2769a1b78a27578f13a17b -> 
  custom:video-decoder-webm-vp8: 9c59270c3fd7afecdb556c50c9e8de78 -> 
  custom:SearchIndexIgnoredProperties: e643bd26f0fe6173181afceb89e7c659 -> 
  custom:AudioImporter_EditorPlatform: d09bf68614088b80899f8185d706f6e7 -> 
  custom:video-encoder-webm-vp8: eb34c28f22e8b96e1ab97ce403110664 -> 
  custom:audio-decoder-ogg-vorbis: bf7c407c2cedff20999df2af8eb42d56 -> 
  custom:audio-encoder-webm-vorbis: bf7c407c2cedff20999df2af8eb42d56 -> 
  custom:scripting/precompiled-assembly-types:Assembly-CSharp: 4eb6f3030609eb80b3758b49291b212a -> 5480967452b6f0b4b1dcfd5ec7e31075
========================================================================
Received Import Request.
  Time since last request: 239.029231 seconds.
  path: Assets/Prefab/Enemy/1,SlimePBR.prefab
  artifactKey: Guid(0434e5908ef8daf4b94386db57ff3c66) Importer(815301076,1909f56bfc062723c751e8b465ee728b)
Start importing Assets/Prefab/Enemy/1,SlimePBR.prefab using Guid(0434e5908ef8daf4b94386db57ff3c66) Importer(815301076,1909f56bfc062723c751e8b465ee728b) [PhysX] Initialized MultithreadedTaskDispatcher with 24 workers.
[PhysX] Initialized MultithreadedTaskDispatcher with 24 workers.
 -> (artifact id: 'ca8c2a41aeead059f9b14a27f9e6366b') in 0.079012 seconds
Number of updated asset objects reloaded before import = 0
Number of asset objects unloaded after import = 112
========================================================================
Received Import Request.
  Time since last request: 0.499530 seconds.
  path: Assets/Prefab/Enemy/1,SlimePBR.prefab
  artifactKey: Guid(0434e5908ef8daf4b94386db57ff3c66) Importer(815301076,1909f56bfc062723c751e8b465ee728b)
Start importing Assets/Prefab/Enemy/1,SlimePBR.prefab using Guid(0434e5908ef8daf4b94386db57ff3c66) Importer(815301076,1909f56bfc062723c751e8b465ee728b) [PhysX] Initialized MultithreadedTaskDispatcher with 24 workers.
[PhysX] Initialized MultithreadedTaskDispatcher with 24 workers.
 -> (artifact id: 'faa3f23200aab0066c809f15779f1cb4') in 0.019720 seconds
Number of updated asset objects reloaded before import = 0
Number of asset objects unloaded after import = 112
========================================================================
Received Import Request.
  Time since last request: 3.585171 seconds.
  path: Assets/Prefab/Enemy/2,TurtleShellPBR.prefab
  artifactKey: Guid(9fad1d332a5140a4cbdd3750a179a7c5) Importer(815301076,1909f56bfc062723c751e8b465ee728b)
Start importing Assets/Prefab/Enemy/2,TurtleShellPBR.prefab using Guid(9fad1d332a5140a4cbdd3750a179a7c5) Importer(815301076,1909f56bfc062723c751e8b465ee728b) [PhysX] Initialized MultithreadedTaskDispatcher with 24 workers.
[PhysX] Initialized MultithreadedTaskDispatcher with 24 workers.
 -> (artifact id: '74433b70b0022150cc5029fa9ff8c457') in 0.027225 seconds
Number of updated asset objects reloaded before import = 0
Number of asset objects unloaded after import = 158
========================================================================
Received Import Request.
  Time since last request: 0.548517 seconds.
  path: Assets/Prefab/Enemy/2,TurtleShellPBR.prefab
  artifactKey: Guid(9fad1d332a5140a4cbdd3750a179a7c5) Importer(815301076,1909f56bfc062723c751e8b465ee728b)
Start importing Assets/Prefab/Enemy/2,TurtleShellPBR.prefab using Guid(9fad1d332a5140a4cbdd3750a179a7c5) Importer(815301076,1909f56bfc062723c751e8b465ee728b) [PhysX] Initialized MultithreadedTaskDispatcher with 24 workers.
[PhysX] Initialized MultithreadedTaskDispatcher with 24 workers.
 -> (artifact id: 'f24ec1ebdc40450841825a50f7f16195') in 0.022596 seconds
Number of updated asset objects reloaded before import = 0
Number of asset objects unloaded after import = 158
========================================================================
Received Prepare
Caller must complete domain reload
Begin MonoManager ReloadAssembly
- Loaded All Assemblies, in  0.268 seconds
Native extension for WindowsStandalone target not found
Mono: successfully reloaded assembly
- Finished resetting the current domain, in  0.792 seconds
Domain Reload Profiling: 1060ms
	BeginReloadAssembly (94ms)
		ExecutionOrderSort (0ms)
		DisableScriptedObjects (3ms)
		BackupInstance (0ms)
		ReleaseScriptingObjects (0ms)
		CreateAndSetChildDomain (20ms)
	RebuildCommonClasses (18ms)
	RebuildNativeTypeToScriptingClass (6ms)
	initialDomainReloadingComplete (16ms)
	LoadAllAssembliesAndSetupDomain (133ms)
		LoadAssemblies (170ms)
		RebuildTransferFunctionScriptingTraits (0ms)
		AnalyzeDomain (11ms)
			TypeCache.Refresh (5ms)
				TypeCache.ScanAssembly (0ms)
			ScanForSourceGeneratedMonoScriptInfo (0ms)
			ResolveRequiredComponents (4ms)
	FinalizeReload (793ms)
		ReleaseScriptCaches (0ms)
		RebuildScriptCaches (0ms)
		SetupLoadedEditorAssemblies (467ms)
			LogAssemblyErrors (0ms)
			InitializePlatformSupportModulesInManaged (5ms)
			SetLoadedEditorAssemblies (3ms)
			RefreshPlugins (0ms)
			BeforeProcessingInitializeOnLoad (50ms)
			ProcessInitializeOnLoadAttributes (358ms)
			ProcessInitializeOnLoadMethodAttributes (47ms)
			AfterProcessingInitializeOnLoad (4ms)
			EditorAssembliesLoaded (0ms)
		ExecutionOrderSort2 (0ms)
		AwakeInstancesAfterBackupRestoration (5ms)
Refreshing native plugins compatible for Editor in 3.59 ms, found 6 plugins.
Preloading 0 native plugins for Editor in 0.00 ms.
Unloading 5097 Unused Serialized files (Serialized files now loaded: 0)
Unloading 398 unused Assets / (442.2 KB). Loaded Objects now: 5549.
Memory consumption went from 230.3 MB to 229.9 MB.
Total: 2.682600 ms (FindLiveObjects: 0.240300 ms CreateObjectMapping: 0.086500 ms MarkObjects: 1.903900 ms  DeleteObjects: 0.451200 ms)

Prepare: number of updated asset objects reloaded= 0
AssetImportParameters requested are different than current active one (requested -> active):
  custom:container-demuxer-ogg: 62fdf1f143b41e24485cea50d1cbac27 -> 
  custom:video-codec-MediaFoundation-h265: 746d11721c4dcdbdad8f713fa42b33f4 -> 
  custom:video-decoder-ogg-theora: a1e56fd34408186e4bbccfd4996cb3dc -> 
  custom:framework-win-MediaFoundation: 216162199b28c13a410421893ffa2e32 -> 
  custom:CustomObjectIndexerAttribute: 9a22284fe3817be447336de3de66b15e -> 
  custom:container-demuxer-webm: 4f35f7cbe854078d1ac9338744f61a02 -> 
  custom:container-muxer-webm: aa71ff27fc2769a1b78a27578f13a17b -> 
  custom:video-decoder-webm-vp8: 9c59270c3fd7afecdb556c50c9e8de78 -> 
  custom:SearchIndexIgnoredProperties: e643bd26f0fe6173181afceb89e7c659 -> 
  custom:AudioImporter_EditorPlatform: d09bf68614088b80899f8185d706f6e7 -> 
  custom:video-encoder-webm-vp8: eb34c28f22e8b96e1ab97ce403110664 -> 
  custom:audio-decoder-ogg-vorbis: bf7c407c2cedff20999df2af8eb42d56 -> 
  custom:audio-encoder-webm-vorbis: bf7c407c2cedff20999df2af8eb42d56 -> 
  custom:scripting/precompiled-assembly-types:Assembly-CSharp: 4eb6f3030609eb80b3758b49291b212a -> 5480967452b6f0b4b1dcfd5ec7e31075
========================================================================
Received Import Request.
  Time since last request: 24.551381 seconds.
  path: Assets/Prefab/Enemy/1,SlimePBR.prefab
  artifactKey: Guid(0434e5908ef8daf4b94386db57ff3c66) Importer(815301076,1909f56bfc062723c751e8b465ee728b)
Start importing Assets/Prefab/Enemy/1,SlimePBR.prefab using Guid(0434e5908ef8daf4b94386db57ff3c66) Importer(815301076,1909f56bfc062723c751e8b465ee728b) [PhysX] Initialized MultithreadedTaskDispatcher with 24 workers.
[PhysX] Initialized MultithreadedTaskDispatcher with 24 workers.
 -> (artifact id: 'b5f31f516f717fa0d9e96247ea3f4847') in 0.136776 seconds
Number of updated asset objects reloaded before import = 0
Number of asset objects unloaded after import = 112
========================================================================
Received Prepare
Caller must complete domain reload
Begin MonoManager ReloadAssembly
- Loaded All Assemblies, in  0.256 seconds
Native extension for WindowsStandalone target not found
Mono: successfully reloaded assembly
- Finished resetting the current domain, in  0.767 seconds
Domain Reload Profiling: 1023ms
	BeginReloadAssembly (91ms)
		ExecutionOrderSort (0ms)
		DisableScriptedObjects (2ms)
		BackupInstance (0ms)
		ReleaseScriptingObjects (0ms)
		CreateAndSetChildDomain (18ms)
	RebuildCommonClasses (19ms)
	RebuildNativeTypeToScriptingClass (6ms)
	initialDomainReloadingComplete (16ms)
	LoadAllAssembliesAndSetupDomain (123ms)
		LoadAssemblies (159ms)
		RebuildTransferFunctionScriptingTraits (0ms)
		AnalyzeDomain (11ms)
			TypeCache.Refresh (5ms)
				TypeCache.ScanAssembly (0ms)
			ScanForSourceGeneratedMonoScriptInfo (0ms)
			ResolveRequiredComponents (4ms)
	FinalizeReload (768ms)
		ReleaseScriptCaches (0ms)
		RebuildScriptCaches (0ms)
		SetupLoadedEditorAssemblies (472ms)
			LogAssemblyErrors (0ms)
			InitializePlatformSupportModulesInManaged (4ms)
			SetLoadedEditorAssemblies (3ms)
			RefreshPlugins (0ms)
			BeforeProcessingInitializeOnLoad (60ms)
			ProcessInitializeOnLoadAttributes (356ms)
			ProcessInitializeOnLoadMethodAttributes (45ms)
			AfterProcessingInitializeOnLoad (4ms)
			EditorAssembliesLoaded (0ms)
		ExecutionOrderSort2 (0ms)
		AwakeInstancesAfterBackupRestoration (5ms)
Refreshing native plugins compatible for Editor in 2.82 ms, found 6 plugins.
Preloading 0 native plugins for Editor in 0.00 ms.
Unloading 5097 Unused Serialized files (Serialized files now loaded: 0)
Unloading 398 unused Assets / (446.5 KB). Loaded Objects now: 5553.
Memory consumption went from 230.3 MB to 229.9 MB.
Total: 2.601100 ms (FindLiveObjects: 0.227400 ms CreateObjectMapping: 0.110200 ms MarkObjects: 1.792800 ms  DeleteObjects: 0.470100 ms)

Prepare: number of updated asset objects reloaded= 0
AssetImportParameters requested are different than current active one (requested -> active):
  custom:container-demuxer-ogg: 62fdf1f143b41e24485cea50d1cbac27 -> 
  custom:video-codec-MediaFoundation-h265: 746d11721c4dcdbdad8f713fa42b33f4 -> 
  custom:video-decoder-ogg-theora: a1e56fd34408186e4bbccfd4996cb3dc -> 
  custom:framework-win-MediaFoundation: 216162199b28c13a410421893ffa2e32 -> 
  custom:CustomObjectIndexerAttribute: 9a22284fe3817be447336de3de66b15e -> 
  custom:container-demuxer-webm: 4f35f7cbe854078d1ac9338744f61a02 -> 
  custom:container-muxer-webm: aa71ff27fc2769a1b78a27578f13a17b -> 
  custom:video-decoder-webm-vp8: 9c59270c3fd7afecdb556c50c9e8de78 -> 
  custom:SearchIndexIgnoredProperties: e643bd26f0fe6173181afceb89e7c659 -> 
  custom:AudioImporter_EditorPlatform: d09bf68614088b80899f8185d706f6e7 -> 
  custom:video-encoder-webm-vp8: eb34c28f22e8b96e1ab97ce403110664 -> 
  custom:audio-decoder-ogg-vorbis: bf7c407c2cedff20999df2af8eb42d56 -> 
  custom:audio-encoder-webm-vorbis: bf7c407c2cedff20999df2af8eb42d56 -> 
  custom:scripting/precompiled-assembly-types:Assembly-CSharp: 4eb6f3030609eb80b3758b49291b212a -> 5480967452b6f0b4b1dcfd5ec7e31075
========================================================================
Received Import Request.
  Time since last request: 224.125770 seconds.
  path: Assets/Prefab/Enemy/3,MushroomAngryPA.prefab
  artifactKey: Guid(ee58ff3e6ee3c7f4684b768db09be184) Importer(815301076,1909f56bfc062723c751e8b465ee728b)
Start importing Assets/Prefab/Enemy/3,MushroomAngryPA.prefab using Guid(ee58ff3e6ee3c7f4684b768db09be184) Importer(815301076,1909f56bfc062723c751e8b465ee728b) [PhysX] Initialized MultithreadedTaskDispatcher with 24 workers.
[PhysX] Initialized MultithreadedTaskDispatcher with 24 workers.
 -> (artifact id: '4e0a11e83e17f64b9474361007067536') in 0.073918 seconds
Number of updated asset objects reloaded before import = 0
Number of asset objects unloaded after import = 131
========================================================================
Received Prepare
Caller must complete domain reload
Begin MonoManager ReloadAssembly
- Loaded All Assemblies, in  0.260 seconds
Native extension for WindowsStandalone target not found
Mono: successfully reloaded assembly
- Finished resetting the current domain, in  0.758 seconds
Domain Reload Profiling: 1017ms
	BeginReloadAssembly (93ms)
		ExecutionOrderSort (0ms)
		DisableScriptedObjects (2ms)
		BackupInstance (0ms)
		ReleaseScriptingObjects (0ms)
		CreateAndSetChildDomain (21ms)
	RebuildCommonClasses (19ms)
	RebuildNativeTypeToScriptingClass (6ms)
	initialDomainReloadingComplete (17ms)
	LoadAllAssembliesAndSetupDomain (124ms)
		LoadAssemblies (162ms)
		RebuildTransferFunctionScriptingTraits (0ms)
		AnalyzeDomain (10ms)
			TypeCache.Refresh (5ms)
				TypeCache.ScanAssembly (0ms)
			ScanForSourceGeneratedMonoScriptInfo (0ms)
			ResolveRequiredComponents (4ms)
	FinalizeReload (759ms)
		ReleaseScriptCaches (0ms)
		RebuildScriptCaches (0ms)
		SetupLoadedEditorAssemblies (466ms)
			LogAssemblyErrors (0ms)
			InitializePlatformSupportModulesInManaged (4ms)
			SetLoadedEditorAssemblies (3ms)
			RefreshPlugins (0ms)
			BeforeProcessingInitializeOnLoad (50ms)
			ProcessInitializeOnLoadAttributes (359ms)
			ProcessInitializeOnLoadMethodAttributes (47ms)
			AfterProcessingInitializeOnLoad (4ms)
			EditorAssembliesLoaded (0ms)
		ExecutionOrderSort2 (0ms)
		AwakeInstancesAfterBackupRestoration (5ms)
Refreshing native plugins compatible for Editor in 3.59 ms, found 6 plugins.
Preloading 0 native plugins for Editor in 0.00 ms.
Unloading 5097 Unused Serialized files (Serialized files now loaded: 0)
Unloading 398 unused Assets / (446.7 KB). Loaded Objects now: 5557.
Memory consumption went from 230.3 MB to 229.9 MB.
Total: 2.822000 ms (FindLiveObjects: 0.305100 ms CreateObjectMapping: 0.116200 ms MarkObjects: 1.861100 ms  DeleteObjects: 0.538800 ms)

Prepare: number of updated asset objects reloaded= 0
AssetImportParameters requested are different than current active one (requested -> active):
  custom:container-demuxer-ogg: 62fdf1f143b41e24485cea50d1cbac27 -> 
  custom:video-codec-MediaFoundation-h265: 746d11721c4dcdbdad8f713fa42b33f4 -> 
  custom:video-decoder-ogg-theora: a1e56fd34408186e4bbccfd4996cb3dc -> 
  custom:framework-win-MediaFoundation: 216162199b28c13a410421893ffa2e32 -> 
  custom:CustomObjectIndexerAttribute: 9a22284fe3817be447336de3de66b15e -> 
  custom:container-demuxer-webm: 4f35f7cbe854078d1ac9338744f61a02 -> 
  custom:container-muxer-webm: aa71ff27fc2769a1b78a27578f13a17b -> 
  custom:video-decoder-webm-vp8: 9c59270c3fd7afecdb556c50c9e8de78 -> 
  custom:SearchIndexIgnoredProperties: e643bd26f0fe6173181afceb89e7c659 -> 
  custom:AudioImporter_EditorPlatform: d09bf68614088b80899f8185d706f6e7 -> 
  custom:video-encoder-webm-vp8: eb34c28f22e8b96e1ab97ce403110664 -> 
  custom:audio-decoder-ogg-vorbis: bf7c407c2cedff20999df2af8eb42d56 -> 
  custom:audio-encoder-webm-vorbis: bf7c407c2cedff20999df2af8eb42d56 -> 
  custom:scripting/precompiled-assembly-types:Assembly-CSharp: 4eb6f3030609eb80b3758b49291b212a -> 5480967452b6f0b4b1dcfd5ec7e31075
========================================================================
Received Prepare
Caller must complete domain reload
Begin MonoManager ReloadAssembly
- Loaded All Assemblies, in  0.256 seconds
Native extension for WindowsStandalone target not found
Mono: successfully reloaded assembly
- Finished resetting the current domain, in  0.770 seconds
Domain Reload Profiling: 1026ms
	BeginReloadAssembly (92ms)
		ExecutionOrderSort (0ms)
		DisableScriptedObjects (3ms)
		BackupInstance (0ms)
		ReleaseScriptingObjects (0ms)
		CreateAndSetChildDomain (19ms)
	RebuildCommonClasses (19ms)
	RebuildNativeTypeToScriptingClass (6ms)
	initialDomainReloadingComplete (16ms)
	LoadAllAssembliesAndSetupDomain (123ms)
		LoadAssemblies (161ms)
		RebuildTransferFunctionScriptingTraits (0ms)
		AnalyzeDomain (10ms)
			TypeCache.Refresh (5ms)
				TypeCache.ScanAssembly (0ms)
			ScanForSourceGeneratedMonoScriptInfo (0ms)
			ResolveRequiredComponents (4ms)
	FinalizeReload (771ms)
		ReleaseScriptCaches (0ms)
		RebuildScriptCaches (0ms)
		SetupLoadedEditorAssemblies (464ms)
			LogAssemblyErrors (0ms)
			InitializePlatformSupportModulesInManaged (4ms)
			SetLoadedEditorAssemblies (3ms)
			RefreshPlugins (0ms)
			BeforeProcessingInitializeOnLoad (49ms)
			ProcessInitializeOnLoadAttributes (358ms)
			ProcessInitializeOnLoadMethodAttributes (45ms)
			AfterProcessingInitializeOnLoad (5ms)
			EditorAssembliesLoaded (0ms)
		ExecutionOrderSort2 (0ms)
		AwakeInstancesAfterBackupRestoration (5ms)
Refreshing native plugins compatible for Editor in 3.93 ms, found 6 plugins.
Preloading 0 native plugins for Editor in 0.00 ms.
Unloading 5098 Unused Serialized files (Serialized files now loaded: 0)
Unloading 398 unused Assets / (442.5 KB). Loaded Objects now: 5561.
Memory consumption went from 230.6 MB to 230.2 MB.
Total: 2.534000 ms (FindLiveObjects: 0.226400 ms CreateObjectMapping: 0.083600 ms MarkObjects: 1.779100 ms  DeleteObjects: 0.444400 ms)

Prepare: number of updated asset objects reloaded= 0
AssetImportParameters requested are different than current active one (requested -> active):
  custom:container-demuxer-ogg: 62fdf1f143b41e24485cea50d1cbac27 -> 
  custom:video-codec-MediaFoundation-h265: 746d11721c4dcdbdad8f713fa42b33f4 -> 
  custom:video-decoder-ogg-theora: a1e56fd34408186e4bbccfd4996cb3dc -> 
  custom:framework-win-MediaFoundation: 216162199b28c13a410421893ffa2e32 -> 
  custom:CustomObjectIndexerAttribute: 9a22284fe3817be447336de3de66b15e -> 
  custom:container-demuxer-webm: 4f35f7cbe854078d1ac9338744f61a02 -> 
  custom:container-muxer-webm: aa71ff27fc2769a1b78a27578f13a17b -> 
  custom:video-decoder-webm-vp8: 9c59270c3fd7afecdb556c50c9e8de78 -> 
  custom:SearchIndexIgnoredProperties: e643bd26f0fe6173181afceb89e7c659 -> 
  custom:AudioImporter_EditorPlatform: d09bf68614088b80899f8185d706f6e7 -> 
  custom:video-encoder-webm-vp8: eb34c28f22e8b96e1ab97ce403110664 -> 
  custom:audio-decoder-ogg-vorbis: bf7c407c2cedff20999df2af8eb42d56 -> 
  custom:audio-encoder-webm-vorbis: bf7c407c2cedff20999df2af8eb42d56 -> 
  custom:scripting/precompiled-assembly-types:Assembly-CSharp: 4eb6f3030609eb80b3758b49291b212a -> 5480967452b6f0b4b1dcfd5ec7e31075
========================================================================
Received Prepare
Caller must complete domain reload
Begin MonoManager ReloadAssembly
- Loaded All Assemblies, in  0.262 seconds
Native extension for WindowsStandalone target not found
Mono: successfully reloaded assembly
- Finished resetting the current domain, in  0.791 seconds
Domain Reload Profiling: 1052ms
	BeginReloadAssembly (94ms)
		ExecutionOrderSort (0ms)
		DisableScriptedObjects (3ms)
		BackupInstance (0ms)
		ReleaseScriptingObjects (0ms)
		CreateAndSetChildDomain (17ms)
	RebuildCommonClasses (19ms)
	RebuildNativeTypeToScriptingClass (6ms)
	initialDomainReloadingComplete (17ms)
	LoadAllAssembliesAndSetupDomain (126ms)
		LoadAssemblies (163ms)
		RebuildTransferFunctionScriptingTraits (0ms)
		AnalyzeDomain (12ms)
			TypeCache.Refresh (5ms)
				TypeCache.ScanAssembly (0ms)
			ScanForSourceGeneratedMonoScriptInfo (0ms)
			ResolveRequiredComponents (4ms)
	FinalizeReload (791ms)
		ReleaseScriptCaches (0ms)
		RebuildScriptCaches (0ms)
		SetupLoadedEditorAssemblies (458ms)
			LogAssemblyErrors (0ms)
			InitializePlatformSupportModulesInManaged (4ms)
			SetLoadedEditorAssemblies (3ms)
			RefreshPlugins (0ms)
			BeforeProcessingInitializeOnLoad (50ms)
			ProcessInitializeOnLoadAttributes (353ms)
			ProcessInitializeOnLoadMethodAttributes (44ms)
			AfterProcessingInitializeOnLoad (4ms)
			EditorAssembliesLoaded (0ms)
		ExecutionOrderSort2 (0ms)
		AwakeInstancesAfterBackupRestoration (5ms)
Refreshing native plugins compatible for Editor in 4.58 ms, found 6 plugins.
Preloading 0 native plugins for Editor in 0.00 ms.
Unloading 5098 Unused Serialized files (Serialized files now loaded: 0)
Unloading 398 unused Assets / (440.8 KB). Loaded Objects now: 5565.
Memory consumption went from 230.6 MB to 230.2 MB.
Total: 2.994900 ms (FindLiveObjects: 0.269200 ms CreateObjectMapping: 0.152900 ms MarkObjects: 2.071000 ms  DeleteObjects: 0.500700 ms)

Prepare: number of updated asset objects reloaded= 0
AssetImportParameters requested are different than current active one (requested -> active):
  custom:container-demuxer-ogg: 62fdf1f143b41e24485cea50d1cbac27 -> 
  custom:video-codec-MediaFoundation-h265: 746d11721c4dcdbdad8f713fa42b33f4 -> 
  custom:video-decoder-ogg-theora: a1e56fd34408186e4bbccfd4996cb3dc -> 
  custom:framework-win-MediaFoundation: 216162199b28c13a410421893ffa2e32 -> 
  custom:CustomObjectIndexerAttribute: 9a22284fe3817be447336de3de66b15e -> 
  custom:container-demuxer-webm: 4f35f7cbe854078d1ac9338744f61a02 -> 
  custom:container-muxer-webm: aa71ff27fc2769a1b78a27578f13a17b -> 
  custom:video-decoder-webm-vp8: 9c59270c3fd7afecdb556c50c9e8de78 -> 
  custom:SearchIndexIgnoredProperties: e643bd26f0fe6173181afceb89e7c659 -> 
  custom:AudioImporter_EditorPlatform: d09bf68614088b80899f8185d706f6e7 -> 
  custom:video-encoder-webm-vp8: eb34c28f22e8b96e1ab97ce403110664 -> 
  custom:audio-decoder-ogg-vorbis: bf7c407c2cedff20999df2af8eb42d56 -> 
  custom:audio-encoder-webm-vorbis: bf7c407c2cedff20999df2af8eb42d56 -> 
  custom:scripting/precompiled-assembly-types:Assembly-CSharp: 4eb6f3030609eb80b3758b49291b212a -> 5480967452b6f0b4b1dcfd5ec7e31075
========================================================================
Received Prepare
Caller must complete domain reload
Begin MonoManager ReloadAssembly
- Loaded All Assemblies, in  0.255 seconds
Native extension for WindowsStandalone target not found
Mono: successfully reloaded assembly
- Finished resetting the current domain, in  0.761 seconds
Domain Reload Profiling: 1016ms
	BeginReloadAssembly (92ms)
		ExecutionOrderSort (0ms)
		DisableScriptedObjects (3ms)
		BackupInstance (0ms)
		ReleaseScriptingObjects (0ms)
		CreateAndSetChildDomain (19ms)
	RebuildCommonClasses (19ms)
	RebuildNativeTypeToScriptingClass (6ms)
	initialDomainReloadingComplete (16ms)
	LoadAllAssembliesAndSetupDomain (120ms)
		LoadAssemblies (158ms)
		RebuildTransferFunctionScriptingTraits (0ms)
		AnalyzeDomain (11ms)
			TypeCache.Refresh (5ms)
				TypeCache.ScanAssembly (0ms)
			ScanForSourceGeneratedMonoScriptInfo (0ms)
			ResolveRequiredComponents (4ms)
	FinalizeReload (762ms)
		ReleaseScriptCaches (0ms)
		RebuildScriptCaches (0ms)
		SetupLoadedEditorAssemblies (469ms)
			LogAssemblyErrors (0ms)
			InitializePlatformSupportModulesInManaged (3ms)
			SetLoadedEditorAssemblies (3ms)
			RefreshPlugins (0ms)
			BeforeProcessingInitializeOnLoad (50ms)
			ProcessInitializeOnLoadAttributes (364ms)
			ProcessInitializeOnLoadMethodAttributes (45ms)
			AfterProcessingInitializeOnLoad (4ms)
			EditorAssembliesLoaded (0ms)
		ExecutionOrderSort2 (0ms)
		AwakeInstancesAfterBackupRestoration (5ms)
Refreshing native plugins compatible for Editor in 3.19 ms, found 6 plugins.
Preloading 0 native plugins for Editor in 0.00 ms.
Unloading 5098 Unused Serialized files (Serialized files now loaded: 0)
Unloading 398 unused Assets / (417.7 KB). Loaded Objects now: 5569.
Memory consumption went from 230.6 MB to 230.2 MB.
Total: 3.047400 ms (FindLiveObjects: 0.256900 ms CreateObjectMapping: 0.104700 ms MarkObjects: 2.105000 ms  DeleteObjects: 0.580200 ms)

Prepare: number of updated asset objects reloaded= 0
AssetImportParameters requested are different than current active one (requested -> active):
  custom:container-demuxer-ogg: 62fdf1f143b41e24485cea50d1cbac27 -> 
  custom:video-codec-MediaFoundation-h265: 746d11721c4dcdbdad8f713fa42b33f4 -> 
  custom:video-decoder-ogg-theora: a1e56fd34408186e4bbccfd4996cb3dc -> 
  custom:framework-win-MediaFoundation: 216162199b28c13a410421893ffa2e32 -> 
  custom:CustomObjectIndexerAttribute: 9a22284fe3817be447336de3de66b15e -> 
  custom:container-demuxer-webm: 4f35f7cbe854078d1ac9338744f61a02 -> 
  custom:container-muxer-webm: aa71ff27fc2769a1b78a27578f13a17b -> 
  custom:video-decoder-webm-vp8: 9c59270c3fd7afecdb556c50c9e8de78 -> 
  custom:SearchIndexIgnoredProperties: e643bd26f0fe6173181afceb89e7c659 -> 
  custom:AudioImporter_EditorPlatform: d09bf68614088b80899f8185d706f6e7 -> 
  custom:video-encoder-webm-vp8: eb34c28f22e8b96e1ab97ce403110664 -> 
  custom:audio-decoder-ogg-vorbis: bf7c407c2cedff20999df2af8eb42d56 -> 
  custom:audio-encoder-webm-vorbis: bf7c407c2cedff20999df2af8eb42d56 -> 
  custom:scripting/precompiled-assembly-types:Assembly-CSharp: 4eb6f3030609eb80b3758b49291b212a -> 5480967452b6f0b4b1dcfd5ec7e31075
========================================================================
Received Import Request.
  Time since last request: 137.228614 seconds.
  path: Assets/Prefab/Enemy/2,TurtleShellPBR.prefab
  artifactKey: Guid(9fad1d332a5140a4cbdd3750a179a7c5) Importer(815301076,1909f56bfc062723c751e8b465ee728b)
Start importing Assets/Prefab/Enemy/2,TurtleShellPBR.prefab using Guid(9fad1d332a5140a4cbdd3750a179a7c5) Importer(815301076,1909f56bfc062723c751e8b465ee728b) [PhysX] Initialized MultithreadedTaskDispatcher with 24 workers.
[PhysX] Initialized MultithreadedTaskDispatcher with 24 workers.
 -> (artifact id: 'b516a7ae2a6e9b000611f7b3969b0582') in 0.074274 seconds
Number of updated asset objects reloaded before import = 0
Number of asset objects unloaded after import = 158
========================================================================
Received Import Request.
  Time since last request: 0.355379 seconds.
  path: Assets/Prefab/Enemy/2,TurtleShellPBR.prefab
  artifactKey: Guid(9fad1d332a5140a4cbdd3750a179a7c5) Importer(815301076,1909f56bfc062723c751e8b465ee728b)
Start importing Assets/Prefab/Enemy/2,TurtleShellPBR.prefab using Guid(9fad1d332a5140a4cbdd3750a179a7c5) Importer(815301076,1909f56bfc062723c751e8b465ee728b) [PhysX] Initialized MultithreadedTaskDispatcher with 24 workers.
[PhysX] Initialized MultithreadedTaskDispatcher with 24 workers.
 -> (artifact id: 'b0bc32cede91f3131a14a9d23a5de235') in 0.022409 seconds
Number of updated asset objects reloaded before import = 0
Number of asset objects unloaded after import = 158
========================================================================
Received Prepare
Caller must complete domain reload
Begin MonoManager ReloadAssembly
- Loaded All Assemblies, in  0.260 seconds
Native extension for WindowsStandalone target not found
Mono: successfully reloaded assembly
- Finished resetting the current domain, in  0.749 seconds
Domain Reload Profiling: 1008ms
	BeginReloadAssembly (96ms)
		ExecutionOrderSort (0ms)
		DisableScriptedObjects (2ms)
		BackupInstance (0ms)
		ReleaseScriptingObjects (0ms)
		CreateAndSetChildDomain (21ms)
	RebuildCommonClasses (19ms)
	RebuildNativeTypeToScriptingClass (6ms)
	initialDomainReloadingComplete (16ms)
	LoadAllAssembliesAndSetupDomain (122ms)
		LoadAssemblies (161ms)
		RebuildTransferFunctionScriptingTraits (0ms)
		AnalyzeDomain (11ms)
			TypeCache.Refresh (5ms)
				TypeCache.ScanAssembly (0ms)
			ScanForSourceGeneratedMonoScriptInfo (0ms)
			ResolveRequiredComponents (4ms)
	FinalizeReload (750ms)
		ReleaseScriptCaches (0ms)
		RebuildScriptCaches (0ms)
		SetupLoadedEditorAssemblies (463ms)
			LogAssemblyErrors (0ms)
			InitializePlatformSupportModulesInManaged (4ms)
			SetLoadedEditorAssemblies (3ms)
			RefreshPlugins (0ms)
			BeforeProcessingInitializeOnLoad (54ms)
			ProcessInitializeOnLoadAttributes (352ms)
			ProcessInitializeOnLoadMethodAttributes (45ms)
			AfterProcessingInitializeOnLoad (4ms)
			EditorAssembliesLoaded (0ms)
		ExecutionOrderSort2 (0ms)
		AwakeInstancesAfterBackupRestoration (6ms)
Refreshing native plugins compatible for Editor in 3.72 ms, found 6 plugins.
Preloading 0 native plugins for Editor in 0.00 ms.
Unloading 5097 Unused Serialized files (Serialized files now loaded: 0)
Unloading 398 unused Assets / (438.4 KB). Loaded Objects now: 5573.
Memory consumption went from 230.3 MB to 229.9 MB.
Total: 2.867200 ms (FindLiveObjects: 0.303000 ms CreateObjectMapping: 0.095600 ms MarkObjects: 2.067900 ms  DeleteObjects: 0.399800 ms)

Prepare: number of updated asset objects reloaded= 0
AssetImportParameters requested are different than current active one (requested -> active):
  custom:container-demuxer-ogg: 62fdf1f143b41e24485cea50d1cbac27 -> 
  custom:video-codec-MediaFoundation-h265: 746d11721c4dcdbdad8f713fa42b33f4 -> 
  custom:video-decoder-ogg-theora: a1e56fd34408186e4bbccfd4996cb3dc -> 
  custom:framework-win-MediaFoundation: 216162199b28c13a410421893ffa2e32 -> 
  custom:CustomObjectIndexerAttribute: 9a22284fe3817be447336de3de66b15e -> 
  custom:container-demuxer-webm: 4f35f7cbe854078d1ac9338744f61a02 -> 
  custom:container-muxer-webm: aa71ff27fc2769a1b78a27578f13a17b -> 
  custom:video-decoder-webm-vp8: 9c59270c3fd7afecdb556c50c9e8de78 -> 
  custom:SearchIndexIgnoredProperties: e643bd26f0fe6173181afceb89e7c659 -> 
  custom:AudioImporter_EditorPlatform: d09bf68614088b80899f8185d706f6e7 -> 
  custom:video-encoder-webm-vp8: eb34c28f22e8b96e1ab97ce403110664 -> 
  custom:audio-decoder-ogg-vorbis: bf7c407c2cedff20999df2af8eb42d56 -> 
  custom:audio-encoder-webm-vorbis: bf7c407c2cedff20999df2af8eb42d56 -> 
  custom:scripting/precompiled-assembly-types:Assembly-CSharp: 4eb6f3030609eb80b3758b49291b212a -> 5480967452b6f0b4b1dcfd5ec7e31075
========================================================================
Received Prepare
Caller must complete domain reload
Begin MonoManager ReloadAssembly
- Loaded All Assemblies, in  0.280 seconds
Native extension for WindowsStandalone target not found
Mono: successfully reloaded assembly
- Finished resetting the current domain, in  0.705 seconds
Domain Reload Profiling: 985ms
	BeginReloadAssembly (93ms)
		ExecutionOrderSort (0ms)
		DisableScriptedObjects (3ms)
		BackupInstance (0ms)
		ReleaseScriptingObjects (0ms)
		CreateAndSetChildDomain (19ms)
	RebuildCommonClasses (19ms)
	RebuildNativeTypeToScriptingClass (6ms)
	initialDomainReloadingComplete (17ms)
	LoadAllAssembliesAndSetupDomain (144ms)
		LoadAssemblies (173ms)
		RebuildTransferFunctionScriptingTraits (0ms)
		AnalyzeDomain (20ms)
			TypeCache.Refresh (7ms)
				TypeCache.ScanAssembly (0ms)
			ScanForSourceGeneratedMonoScriptInfo (8ms)
			ResolveRequiredComponents (4ms)
	FinalizeReload (706ms)
		ReleaseScriptCaches (0ms)
		RebuildScriptCaches (0ms)
		SetupLoadedEditorAssemblies (419ms)
			LogAssemblyErrors (0ms)
			InitializePlatformSupportModulesInManaged (4ms)
			SetLoadedEditorAssemblies (3ms)
			RefreshPlugins (0ms)
			BeforeProcessingInitializeOnLoad (48ms)
			ProcessInitializeOnLoadAttributes (321ms)
			ProcessInitializeOnLoadMethodAttributes (39ms)
			AfterProcessingInitializeOnLoad (4ms)
			EditorAssembliesLoaded (0ms)
		ExecutionOrderSort2 (0ms)
		AwakeInstancesAfterBackupRestoration (4ms)
Refreshing native plugins compatible for Editor in 3.21 ms, found 6 plugins.
Preloading 0 native plugins for Editor in 0.00 ms.
Unloading 5098 Unused Serialized files (Serialized files now loaded: 0)
Unloading 398 unused Assets / (442.7 KB). Loaded Objects now: 5577.
Memory consumption went from 230.6 MB to 230.2 MB.
Total: 2.578000 ms (FindLiveObjects: 0.305300 ms CreateObjectMapping: 0.090100 ms MarkObjects: 1.805100 ms  DeleteObjects: 0.376700 ms)

Prepare: number of updated asset objects reloaded= 0
AssetImportParameters requested are different than current active one (requested -> active):
  custom:container-demuxer-ogg: 62fdf1f143b41e24485cea50d1cbac27 -> 
  custom:video-codec-MediaFoundation-h265: 746d11721c4dcdbdad8f713fa42b33f4 -> 
  custom:video-decoder-ogg-theora: a1e56fd34408186e4bbccfd4996cb3dc -> 
  custom:framework-win-MediaFoundation: 216162199b28c13a410421893ffa2e32 -> 
  custom:CustomObjectIndexerAttribute: 9a22284fe3817be447336de3de66b15e -> 
  custom:container-demuxer-webm: 4f35f7cbe854078d1ac9338744f61a02 -> 
  custom:container-muxer-webm: aa71ff27fc2769a1b78a27578f13a17b -> 
  custom:video-decoder-webm-vp8: 9c59270c3fd7afecdb556c50c9e8de78 -> 
  custom:SearchIndexIgnoredProperties: e643bd26f0fe6173181afceb89e7c659 -> 
  custom:AudioImporter_EditorPlatform: d09bf68614088b80899f8185d706f6e7 -> 
  custom:video-encoder-webm-vp8: eb34c28f22e8b96e1ab97ce403110664 -> 
  custom:audio-decoder-ogg-vorbis: bf7c407c2cedff20999df2af8eb42d56 -> 
  custom:audio-encoder-webm-vorbis: bf7c407c2cedff20999df2af8eb42d56 -> 
  custom:scripting/precompiled-assembly-types:Assembly-CSharp: 4eb6f3030609eb80b3758b49291b212a -> 5480967452b6f0b4b1dcfd5ec7e31075
========================================================================
Received Import Request.
  Time since last request: 305.350567 seconds.
  path: Assets/Prefab/Enemy/3,MushroomAngryPA.prefab
  artifactKey: Guid(ee58ff3e6ee3c7f4684b768db09be184) Importer(815301076,1909f56bfc062723c751e8b465ee728b)
Start importing Assets/Prefab/Enemy/3,MushroomAngryPA.prefab using Guid(ee58ff3e6ee3c7f4684b768db09be184) Importer(815301076,1909f56bfc062723c751e8b465ee728b) [PhysX] Initialized MultithreadedTaskDispatcher with 24 workers.
[PhysX] Initialized MultithreadedTaskDispatcher with 24 workers.
 -> (artifact id: '2ee2e78ed2573ce32e77e3f3e2e2058f') in 0.075257 seconds
Number of updated asset objects reloaded before import = 0
Number of asset objects unloaded after import = 131
========================================================================
Received Prepare
Caller must complete domain reload
Begin MonoManager ReloadAssembly
- Loaded All Assemblies, in  0.254 seconds
Native extension for WindowsStandalone target not found
Mono: successfully reloaded assembly
- Finished resetting the current domain, in  0.736 seconds
Domain Reload Profiling: 989ms
	BeginReloadAssembly (90ms)
		ExecutionOrderSort (0ms)
		DisableScriptedObjects (2ms)
		BackupInstance (0ms)
		ReleaseScriptingObjects (0ms)
		CreateAndSetChildDomain (20ms)
	RebuildCommonClasses (19ms)
	RebuildNativeTypeToScriptingClass (6ms)
	initialDomainReloadingComplete (16ms)
	LoadAllAssembliesAndSetupDomain (121ms)
		LoadAssemblies (156ms)
		RebuildTransferFunctionScriptingTraits (0ms)
		AnalyzeDomain (11ms)
			TypeCache.Refresh (5ms)
				TypeCache.ScanAssembly (0ms)
			ScanForSourceGeneratedMonoScriptInfo (0ms)
			ResolveRequiredComponents (4ms)
	FinalizeReload (737ms)
		ReleaseScriptCaches (0ms)
		RebuildScriptCaches (0ms)
		SetupLoadedEditorAssemblies (450ms)
			LogAssemblyErrors (0ms)
			InitializePlatformSupportModulesInManaged (4ms)
			SetLoadedEditorAssemblies (3ms)
			RefreshPlugins (0ms)
			BeforeProcessingInitializeOnLoad (45ms)
			ProcessInitializeOnLoadAttributes (349ms)
			ProcessInitializeOnLoadMethodAttributes (45ms)
			AfterProcessingInitializeOnLoad (4ms)
			EditorAssembliesLoaded (0ms)
		ExecutionOrderSort2 (0ms)
		AwakeInstancesAfterBackupRestoration (5ms)
Refreshing native plugins compatible for Editor in 3.88 ms, found 6 plugins.
Preloading 0 native plugins for Editor in 0.00 ms.
Unloading 5097 Unused Serialized files (Serialized files now loaded: 0)
Unloading 398 unused Assets / (437.2 KB). Loaded Objects now: 5581.
Memory consumption went from 230.4 MB to 229.9 MB.
Total: 2.824000 ms (FindLiveObjects: 0.252800 ms CreateObjectMapping: 0.118600 ms MarkObjects: 2.069600 ms  DeleteObjects: 0.382400 ms)

Prepare: number of updated asset objects reloaded= 0
AssetImportParameters requested are different than current active one (requested -> active):
  custom:container-demuxer-ogg: 62fdf1f143b41e24485cea50d1cbac27 -> 
  custom:video-codec-MediaFoundation-h265: 746d11721c4dcdbdad8f713fa42b33f4 -> 
  custom:video-decoder-ogg-theora: a1e56fd34408186e4bbccfd4996cb3dc -> 
  custom:framework-win-MediaFoundation: 216162199b28c13a410421893ffa2e32 -> 
  custom:CustomObjectIndexerAttribute: 9a22284fe3817be447336de3de66b15e -> 
  custom:container-demuxer-webm: 4f35f7cbe854078d1ac9338744f61a02 -> 
  custom:container-muxer-webm: aa71ff27fc2769a1b78a27578f13a17b -> 
  custom:video-decoder-webm-vp8: 9c59270c3fd7afecdb556c50c9e8de78 -> 
  custom:SearchIndexIgnoredProperties: e643bd26f0fe6173181afceb89e7c659 -> 
  custom:AudioImporter_EditorPlatform: d09bf68614088b80899f8185d706f6e7 -> 
  custom:video-encoder-webm-vp8: eb34c28f22e8b96e1ab97ce403110664 -> 
  custom:audio-decoder-ogg-vorbis: bf7c407c2cedff20999df2af8eb42d56 -> 
  custom:audio-encoder-webm-vorbis: bf7c407c2cedff20999df2af8eb42d56 -> 
  custom:scripting/precompiled-assembly-types:Assembly-CSharp: 4eb6f3030609eb80b3758b49291b212a -> 5480967452b6f0b4b1dcfd5ec7e31075
========================================================================
Received Prepare
Caller must complete domain reload
Begin MonoManager ReloadAssembly
- Loaded All Assemblies, in  0.256 seconds
Native extension for WindowsStandalone target not found
Mono: successfully reloaded assembly
- Finished resetting the current domain, in  0.831 seconds
Domain Reload Profiling: 1086ms
	BeginReloadAssembly (88ms)
		ExecutionOrderSort (0ms)
		DisableScriptedObjects (3ms)
		BackupInstance (0ms)
		ReleaseScriptingObjects (0ms)
		CreateAndSetChildDomain (18ms)
	RebuildCommonClasses (19ms)
	RebuildNativeTypeToScriptingClass (6ms)
	initialDomainReloadingComplete (17ms)
	LoadAllAssembliesAndSetupDomain (125ms)
		LoadAssemblies (159ms)
		RebuildTransferFunctionScriptingTraits (0ms)
		AnalyzeDomain (12ms)
			TypeCache.Refresh (5ms)
				TypeCache.ScanAssembly (0ms)
			ScanForSourceGeneratedMonoScriptInfo (0ms)
			ResolveRequiredComponents (4ms)
	FinalizeReload (831ms)
		ReleaseScriptCaches (0ms)
		RebuildScriptCaches (0ms)
		SetupLoadedEditorAssemblies (493ms)
			LogAssemblyErrors (0ms)
			InitializePlatformSupportModulesInManaged (4ms)
			SetLoadedEditorAssemblies (3ms)
			RefreshPlugins (0ms)
			BeforeProcessingInitializeOnLoad (63ms)
			ProcessInitializeOnLoadAttributes (372ms)
			ProcessInitializeOnLoadMethodAttributes (47ms)
			AfterProcessingInitializeOnLoad (4ms)
			EditorAssembliesLoaded (0ms)
		ExecutionOrderSort2 (0ms)
		AwakeInstancesAfterBackupRestoration (5ms)
Refreshing native plugins compatible for Editor in 4.05 ms, found 6 plugins.
Preloading 0 native plugins for Editor in 0.00 ms.
Unloading 5098 Unused Serialized files (Serialized files now loaded: 0)
Unloading 398 unused Assets / (446.1 KB). Loaded Objects now: 5585.
Memory consumption went from 230.6 MB to 230.2 MB.
Total: 2.688400 ms (FindLiveObjects: 0.228500 ms CreateObjectMapping: 0.084100 ms MarkObjects: 1.926300 ms  DeleteObjects: 0.448800 ms)

Prepare: number of updated asset objects reloaded= 0
AssetImportParameters requested are different than current active one (requested -> active):
  custom:container-demuxer-ogg: 62fdf1f143b41e24485cea50d1cbac27 -> 
  custom:video-codec-MediaFoundation-h265: 746d11721c4dcdbdad8f713fa42b33f4 -> 
  custom:video-decoder-ogg-theora: a1e56fd34408186e4bbccfd4996cb3dc -> 
  custom:framework-win-MediaFoundation: 216162199b28c13a410421893ffa2e32 -> 
  custom:CustomObjectIndexerAttribute: 9a22284fe3817be447336de3de66b15e -> 
  custom:container-demuxer-webm: 4f35f7cbe854078d1ac9338744f61a02 -> 
  custom:container-muxer-webm: aa71ff27fc2769a1b78a27578f13a17b -> 
  custom:video-decoder-webm-vp8: 9c59270c3fd7afecdb556c50c9e8de78 -> 
  custom:SearchIndexIgnoredProperties: e643bd26f0fe6173181afceb89e7c659 -> 
  custom:AudioImporter_EditorPlatform: d09bf68614088b80899f8185d706f6e7 -> 
  custom:video-encoder-webm-vp8: eb34c28f22e8b96e1ab97ce403110664 -> 
  custom:audio-decoder-ogg-vorbis: bf7c407c2cedff20999df2af8eb42d56 -> 
  custom:audio-encoder-webm-vorbis: bf7c407c2cedff20999df2af8eb42d56 -> 
  custom:scripting/precompiled-assembly-types:Assembly-CSharp: 4eb6f3030609eb80b3758b49291b212a -> 5480967452b6f0b4b1dcfd5ec7e31075
========================================================================
Received Prepare
Caller must complete domain reload
Begin MonoManager ReloadAssembly
- Loaded All Assemblies, in  0.263 seconds
Native extension for WindowsStandalone target not found
Mono: successfully reloaded assembly
- Finished resetting the current domain, in  0.783 seconds
Domain Reload Profiling: 1046ms
	BeginReloadAssembly (90ms)
		ExecutionOrderSort (0ms)
		DisableScriptedObjects (3ms)
		BackupInstance (0ms)
		ReleaseScriptingObjects (0ms)
		CreateAndSetChildDomain (17ms)
	RebuildCommonClasses (19ms)
	RebuildNativeTypeToScriptingClass (8ms)
	initialDomainReloadingComplete (17ms)
	LoadAllAssembliesAndSetupDomain (128ms)
		LoadAssemblies (167ms)
		RebuildTransferFunctionScriptingTraits (0ms)
		AnalyzeDomain (10ms)
			TypeCache.Refresh (4ms)
				TypeCache.ScanAssembly (0ms)
			ScanForSourceGeneratedMonoScriptInfo (0ms)
			ResolveRequiredComponents (4ms)
	FinalizeReload (784ms)
		ReleaseScriptCaches (0ms)
		RebuildScriptCaches (0ms)
		SetupLoadedEditorAssemblies (475ms)
			LogAssemblyErrors (0ms)
			InitializePlatformSupportModulesInManaged (4ms)
			SetLoadedEditorAssemblies (3ms)
			RefreshPlugins (0ms)
			BeforeProcessingInitializeOnLoad (63ms)
			ProcessInitializeOnLoadAttributes (353ms)
			ProcessInitializeOnLoadMethodAttributes (48ms)
			AfterProcessingInitializeOnLoad (4ms)
			EditorAssembliesLoaded (0ms)
		ExecutionOrderSort2 (0ms)
		AwakeInstancesAfterBackupRestoration (5ms)
Refreshing native plugins compatible for Editor in 3.88 ms, found 6 plugins.
Preloading 0 native plugins for Editor in 0.00 ms.
Unloading 5098 Unused Serialized files (Serialized files now loaded: 0)
Unloading 398 unused Assets / (435.6 KB). Loaded Objects now: 5589.
Memory consumption went from 230.6 MB to 230.2 MB.
Total: 2.778000 ms (FindLiveObjects: 0.249100 ms CreateObjectMapping: 0.242400 ms MarkObjects: 1.881700 ms  DeleteObjects: 0.404300 ms)

Prepare: number of updated asset objects reloaded= 0
AssetImportParameters requested are different than current active one (requested -> active):
  custom:container-demuxer-ogg: 62fdf1f143b41e24485cea50d1cbac27 -> 
  custom:video-codec-MediaFoundation-h265: 746d11721c4dcdbdad8f713fa42b33f4 -> 
  custom:video-decoder-ogg-theora: a1e56fd34408186e4bbccfd4996cb3dc -> 
  custom:framework-win-MediaFoundation: 216162199b28c13a410421893ffa2e32 -> 
  custom:CustomObjectIndexerAttribute: 9a22284fe3817be447336de3de66b15e -> 
  custom:container-demuxer-webm: 4f35f7cbe854078d1ac9338744f61a02 -> 
  custom:container-muxer-webm: aa71ff27fc2769a1b78a27578f13a17b -> 
  custom:video-decoder-webm-vp8: 9c59270c3fd7afecdb556c50c9e8de78 -> 
  custom:SearchIndexIgnoredProperties: e643bd26f0fe6173181afceb89e7c659 -> 
  custom:AudioImporter_EditorPlatform: d09bf68614088b80899f8185d706f6e7 -> 
  custom:video-encoder-webm-vp8: eb34c28f22e8b96e1ab97ce403110664 -> 
  custom:audio-decoder-ogg-vorbis: bf7c407c2cedff20999df2af8eb42d56 -> 
  custom:audio-encoder-webm-vorbis: bf7c407c2cedff20999df2af8eb42d56 -> 
  custom:scripting/precompiled-assembly-types:Assembly-CSharp: 4eb6f3030609eb80b3758b49291b212a -> 5480967452b6f0b4b1dcfd5ec7e31075
========================================================================
Received Prepare
Caller must complete domain reload
Begin MonoManager ReloadAssembly
- Loaded All Assemblies, in  0.278 seconds
Native extension for WindowsStandalone target not found
Mono: successfully reloaded assembly
- Finished resetting the current domain, in  0.724 seconds
Domain Reload Profiling: 1002ms
	BeginReloadAssembly (93ms)
		ExecutionOrderSort (0ms)
		DisableScriptedObjects (3ms)
		BackupInstance (0ms)
		ReleaseScriptingObjects (0ms)
		CreateAndSetChildDomain (18ms)
	RebuildCommonClasses (25ms)
	RebuildNativeTypeToScriptingClass (6ms)
	initialDomainReloadingComplete (19ms)
	LoadAllAssembliesAndSetupDomain (134ms)
		LoadAssemblies (159ms)
		RebuildTransferFunctionScriptingTraits (0ms)
		AnalyzeDomain (21ms)
			TypeCache.Refresh (8ms)
				TypeCache.ScanAssembly (0ms)
			ScanForSourceGeneratedMonoScriptInfo (9ms)
			ResolveRequiredComponents (4ms)
	FinalizeReload (725ms)
		ReleaseScriptCaches (0ms)
		RebuildScriptCaches (0ms)
		SetupLoadedEditorAssemblies (425ms)
			LogAssemblyErrors (0ms)
			InitializePlatformSupportModulesInManaged (4ms)
			SetLoadedEditorAssemblies (3ms)
			RefreshPlugins (0ms)
			BeforeProcessingInitializeOnLoad (48ms)
			ProcessInitializeOnLoadAttributes (326ms)
			ProcessInitializeOnLoadMethodAttributes (39ms)
			AfterProcessingInitializeOnLoad (4ms)
			EditorAssembliesLoaded (0ms)
		ExecutionOrderSort2 (0ms)
		AwakeInstancesAfterBackupRestoration (4ms)
Refreshing native plugins compatible for Editor in 3.08 ms, found 6 plugins.
Preloading 0 native plugins for Editor in 0.00 ms.
Unloading 5098 Unused Serialized files (Serialized files now loaded: 0)
Unloading 398 unused Assets / (439.9 KB). Loaded Objects now: 5593.
Memory consumption went from 230.6 MB to 230.2 MB.
Total: 2.486600 ms (FindLiveObjects: 0.299400 ms CreateObjectMapping: 0.105700 ms MarkObjects: 1.698900 ms  DeleteObjects: 0.382100 ms)

Prepare: number of updated asset objects reloaded= 0
AssetImportParameters requested are different than current active one (requested -> active):
  custom:container-demuxer-ogg: 62fdf1f143b41e24485cea50d1cbac27 -> 
  custom:video-codec-MediaFoundation-h265: 746d11721c4dcdbdad8f713fa42b33f4 -> 
  custom:video-decoder-ogg-theora: a1e56fd34408186e4bbccfd4996cb3dc -> 
  custom:framework-win-MediaFoundation: 216162199b28c13a410421893ffa2e32 -> 
  custom:CustomObjectIndexerAttribute: 9a22284fe3817be447336de3de66b15e -> 
  custom:container-demuxer-webm: 4f35f7cbe854078d1ac9338744f61a02 -> 
  custom:container-muxer-webm: aa71ff27fc2769a1b78a27578f13a17b -> 
  custom:video-decoder-webm-vp8: 9c59270c3fd7afecdb556c50c9e8de78 -> 
  custom:SearchIndexIgnoredProperties: e643bd26f0fe6173181afceb89e7c659 -> 
  custom:AudioImporter_EditorPlatform: d09bf68614088b80899f8185d706f6e7 -> 
  custom:video-encoder-webm-vp8: eb34c28f22e8b96e1ab97ce403110664 -> 
  custom:audio-decoder-ogg-vorbis: bf7c407c2cedff20999df2af8eb42d56 -> 
  custom:audio-encoder-webm-vorbis: bf7c407c2cedff20999df2af8eb42d56 -> 
  custom:scripting/precompiled-assembly-types:Assembly-CSharp: 4eb6f3030609eb80b3758b49291b212a -> 5480967452b6f0b4b1dcfd5ec7e31075
========================================================================
Received Import Request.
  Time since last request: 445.329112 seconds.
  path: Assets/Prefab/Enemy/1,SlimePBR.prefab
  artifactKey: Guid(0434e5908ef8daf4b94386db57ff3c66) Importer(815301076,1909f56bfc062723c751e8b465ee728b)
Start importing Assets/Prefab/Enemy/1,SlimePBR.prefab using Guid(0434e5908ef8daf4b94386db57ff3c66) Importer(815301076,1909f56bfc062723c751e8b465ee728b) [PhysX] Initialized MultithreadedTaskDispatcher with 24 workers.
[PhysX] Initialized MultithreadedTaskDispatcher with 24 workers.
 -> (artifact id: '2e636182910cc76d87e81b2ddd48e0a7') in 0.071582 seconds
Number of updated asset objects reloaded before import = 0
Number of asset objects unloaded after import = 112
========================================================================
Received Import Request.
  Time since last request: 0.000029 seconds.
  path: Assets/Prefab/Enemy/2,TurtleShellPBR.prefab
  artifactKey: Guid(9fad1d332a5140a4cbdd3750a179a7c5) Importer(815301076,1909f56bfc062723c751e8b465ee728b)
Start importing Assets/Prefab/Enemy/2,TurtleShellPBR.prefab using Guid(9fad1d332a5140a4cbdd3750a179a7c5) Importer(815301076,1909f56bfc062723c751e8b465ee728b) [PhysX] Initialized MultithreadedTaskDispatcher with 24 workers.
[PhysX] Initialized MultithreadedTaskDispatcher with 24 workers.
 -> (artifact id: '5f46a38d8fbeb4e9450eed45e5b32afd') in 0.022779 seconds
Number of updated asset objects reloaded before import = 0
Number of asset objects unloaded after import = 158
========================================================================
Received Prepare
Caller must complete domain reload
Begin MonoManager ReloadAssembly
- Loaded All Assemblies, in  0.263 seconds
Native extension for WindowsStandalone target not found
Mono: successfully reloaded assembly
- Finished resetting the current domain, in  0.772 seconds
Domain Reload Profiling: 1034ms
	BeginReloadAssembly (92ms)
		ExecutionOrderSort (0ms)
		DisableScriptedObjects (2ms)
		BackupInstance (0ms)
		ReleaseScriptingObjects (0ms)
		CreateAndSetChildDomain (19ms)
	RebuildCommonClasses (19ms)
	RebuildNativeTypeToScriptingClass (6ms)
	initialDomainReloadingComplete (17ms)
	LoadAllAssembliesAndSetupDomain (128ms)
		LoadAssemblies (167ms)
		RebuildTransferFunctionScriptingTraits (0ms)
		AnalyzeDomain (11ms)
			TypeCache.Refresh (5ms)
				TypeCache.ScanAssembly (0ms)
			ScanForSourceGeneratedMonoScriptInfo (0ms)
			ResolveRequiredComponents (4ms)
	FinalizeReload (773ms)
		ReleaseScriptCaches (0ms)
		RebuildScriptCaches (0ms)
		SetupLoadedEditorAssemblies (467ms)
			LogAssemblyErrors (0ms)
			InitializePlatformSupportModulesInManaged (4ms)
			SetLoadedEditorAssemblies (3ms)
			RefreshPlugins (0ms)
			BeforeProcessingInitializeOnLoad (53ms)
			ProcessInitializeOnLoadAttributes (358ms)
			ProcessInitializeOnLoadMethodAttributes (46ms)
			AfterProcessingInitializeOnLoad (4ms)
			EditorAssembliesLoaded (0ms)
		ExecutionOrderSort2 (0ms)
		AwakeInstancesAfterBackupRestoration (5ms)
Refreshing native plugins compatible for Editor in 4.05 ms, found 6 plugins.
Preloading 0 native plugins for Editor in 0.00 ms.
Unloading 5097 Unused Serialized files (Serialized files now loaded: 0)
Unloading 398 unused Assets / (437.2 KB). Loaded Objects now: 5597.
Memory consumption went from 230.4 MB to 229.9 MB.
Total: 2.574100 ms (FindLiveObjects: 0.281600 ms CreateObjectMapping: 0.078800 ms MarkObjects: 1.789000 ms  DeleteObjects: 0.424100 ms)

Prepare: number of updated asset objects reloaded= 0
AssetImportParameters requested are different than current active one (requested -> active):
  custom:container-demuxer-ogg: 62fdf1f143b41e24485cea50d1cbac27 -> 
  custom:video-codec-MediaFoundation-h265: 746d11721c4dcdbdad8f713fa42b33f4 -> 
  custom:video-decoder-ogg-theora: a1e56fd34408186e4bbccfd4996cb3dc -> 
  custom:framework-win-MediaFoundation: 216162199b28c13a410421893ffa2e32 -> 
  custom:CustomObjectIndexerAttribute: 9a22284fe3817be447336de3de66b15e -> 
  custom:container-demuxer-webm: 4f35f7cbe854078d1ac9338744f61a02 -> 
  custom:container-muxer-webm: aa71ff27fc2769a1b78a27578f13a17b -> 
  custom:video-decoder-webm-vp8: 9c59270c3fd7afecdb556c50c9e8de78 -> 
  custom:SearchIndexIgnoredProperties: e643bd26f0fe6173181afceb89e7c659 -> 
  custom:AudioImporter_EditorPlatform: d09bf68614088b80899f8185d706f6e7 -> 
  custom:video-encoder-webm-vp8: eb34c28f22e8b96e1ab97ce403110664 -> 
  custom:audio-decoder-ogg-vorbis: bf7c407c2cedff20999df2af8eb42d56 -> 
  custom:audio-encoder-webm-vorbis: bf7c407c2cedff20999df2af8eb42d56 -> 
  custom:scripting/precompiled-assembly-types:Assembly-CSharp: 4eb6f3030609eb80b3758b49291b212a -> 5480967452b6f0b4b1dcfd5ec7e31075
========================================================================
Received Prepare
Caller must complete domain reload
Begin MonoManager ReloadAssembly
- Loaded All Assemblies, in  0.270 seconds
Native extension for WindowsStandalone target not found
Mono: successfully reloaded assembly
- Finished resetting the current domain, in  0.713 seconds
Domain Reload Profiling: 982ms
	BeginReloadAssembly (90ms)
		ExecutionOrderSort (0ms)
		DisableScriptedObjects (3ms)
		BackupInstance (0ms)
		ReleaseScriptingObjects (0ms)
		CreateAndSetChildDomain (18ms)
	RebuildCommonClasses (19ms)
	RebuildNativeTypeToScriptingClass (6ms)
	initialDomainReloadingComplete (16ms)
	LoadAllAssembliesAndSetupDomain (139ms)
		LoadAssemblies (166ms)
		RebuildTransferFunctionScriptingTraits (0ms)
		AnalyzeDomain (20ms)
			TypeCache.Refresh (7ms)
				TypeCache.ScanAssembly (0ms)
			ScanForSourceGeneratedMonoScriptInfo (8ms)
			ResolveRequiredComponents (3ms)
	FinalizeReload (713ms)
		ReleaseScriptCaches (0ms)
		RebuildScriptCaches (0ms)
		SetupLoadedEditorAssemblies (415ms)
			LogAssemblyErrors (0ms)
			InitializePlatformSupportModulesInManaged (4ms)
			SetLoadedEditorAssemblies (3ms)
			RefreshPlugins (0ms)
			BeforeProcessingInitializeOnLoad (45ms)
			ProcessInitializeOnLoadAttributes (319ms)
			ProcessInitializeOnLoadMethodAttributes (42ms)
			AfterProcessingInitializeOnLoad (3ms)
			EditorAssembliesLoaded (0ms)
		ExecutionOrderSort2 (0ms)
		AwakeInstancesAfterBackupRestoration (4ms)
Refreshing native plugins compatible for Editor in 2.91 ms, found 6 plugins.
Preloading 0 native plugins for Editor in 0.00 ms.
Unloading 5098 Unused Serialized files (Serialized files now loaded: 0)
Unloading 398 unused Assets / (441.6 KB). Loaded Objects now: 5601.
Memory consumption went from 230.6 MB to 230.2 MB.
Total: 2.339700 ms (FindLiveObjects: 0.228200 ms CreateObjectMapping: 0.083300 ms MarkObjects: 1.655800 ms  DeleteObjects: 0.371600 ms)

Prepare: number of updated asset objects reloaded= 0
AssetImportParameters requested are different than current active one (requested -> active):
  custom:container-demuxer-ogg: 62fdf1f143b41e24485cea50d1cbac27 -> 
  custom:video-codec-MediaFoundation-h265: 746d11721c4dcdbdad8f713fa42b33f4 -> 
  custom:video-decoder-ogg-theora: a1e56fd34408186e4bbccfd4996cb3dc -> 
  custom:framework-win-MediaFoundation: 216162199b28c13a410421893ffa2e32 -> 
  custom:CustomObjectIndexerAttribute: 9a22284fe3817be447336de3de66b15e -> 
  custom:container-demuxer-webm: 4f35f7cbe854078d1ac9338744f61a02 -> 
  custom:container-muxer-webm: aa71ff27fc2769a1b78a27578f13a17b -> 
  custom:video-decoder-webm-vp8: 9c59270c3fd7afecdb556c50c9e8de78 -> 
  custom:SearchIndexIgnoredProperties: e643bd26f0fe6173181afceb89e7c659 -> 
  custom:AudioImporter_EditorPlatform: d09bf68614088b80899f8185d706f6e7 -> 
  custom:video-encoder-webm-vp8: eb34c28f22e8b96e1ab97ce403110664 -> 
  custom:audio-decoder-ogg-vorbis: bf7c407c2cedff20999df2af8eb42d56 -> 
  custom:audio-encoder-webm-vorbis: bf7c407c2cedff20999df2af8eb42d56 -> 
  custom:scripting/precompiled-assembly-types:Assembly-CSharp: 4eb6f3030609eb80b3758b49291b212a -> 5480967452b6f0b4b1dcfd5ec7e31075
========================================================================
Received Prepare
Caller must complete domain reload
Begin MonoManager ReloadAssembly
- Loaded All Assemblies, in  0.258 seconds
Native extension for WindowsStandalone target not found
Mono: successfully reloaded assembly
- Finished resetting the current domain, in  0.739 seconds
Domain Reload Profiling: 996ms
	BeginReloadAssembly (96ms)
		ExecutionOrderSort (0ms)
		DisableScriptedObjects (2ms)
		BackupInstance (0ms)
		ReleaseScriptingObjects (0ms)
		CreateAndSetChildDomain (20ms)
	RebuildCommonClasses (19ms)
	RebuildNativeTypeToScriptingClass (6ms)
	initialDomainReloadingComplete (16ms)
	LoadAllAssembliesAndSetupDomain (120ms)
		LoadAssemblies (161ms)
		RebuildTransferFunctionScriptingTraits (0ms)
		AnalyzeDomain (10ms)
			TypeCache.Refresh (4ms)
				TypeCache.ScanAssembly (0ms)
			ScanForSourceGeneratedMonoScriptInfo (0ms)
			ResolveRequiredComponents (4ms)
	FinalizeReload (739ms)
		ReleaseScriptCaches (0ms)
		RebuildScriptCaches (0ms)
		SetupLoadedEditorAssemblies (452ms)
			LogAssemblyErrors (0ms)
			InitializePlatformSupportModulesInManaged (4ms)
			SetLoadedEditorAssemblies (2ms)
			RefreshPlugins (0ms)
			BeforeProcessingInitializeOnLoad (47ms)
			ProcessInitializeOnLoadAttributes (349ms)
			ProcessInitializeOnLoadMethodAttributes (46ms)
			AfterProcessingInitializeOnLoad (5ms)
			EditorAssembliesLoaded (0ms)
		ExecutionOrderSort2 (0ms)
		AwakeInstancesAfterBackupRestoration (4ms)
Refreshing native plugins compatible for Editor in 3.51 ms, found 6 plugins.
Preloading 0 native plugins for Editor in 0.00 ms.
Unloading 5098 Unused Serialized files (Serialized files now loaded: 0)
Unloading 398 unused Assets / (439.2 KB). Loaded Objects now: 5605.
Memory consumption went from 230.7 MB to 230.2 MB.
Total: 2.645600 ms (FindLiveObjects: 0.240400 ms CreateObjectMapping: 0.089700 ms MarkObjects: 1.934200 ms  DeleteObjects: 0.380500 ms)

Prepare: number of updated asset objects reloaded= 0
AssetImportParameters requested are different than current active one (requested -> active):
  custom:container-demuxer-ogg: 62fdf1f143b41e24485cea50d1cbac27 -> 
  custom:video-codec-MediaFoundation-h265: 746d11721c4dcdbdad8f713fa42b33f4 -> 
  custom:video-decoder-ogg-theora: a1e56fd34408186e4bbccfd4996cb3dc -> 
  custom:framework-win-MediaFoundation: 216162199b28c13a410421893ffa2e32 -> 
  custom:CustomObjectIndexerAttribute: 9a22284fe3817be447336de3de66b15e -> 
  custom:container-demuxer-webm: 4f35f7cbe854078d1ac9338744f61a02 -> 
  custom:container-muxer-webm: aa71ff27fc2769a1b78a27578f13a17b -> 
  custom:video-decoder-webm-vp8: 9c59270c3fd7afecdb556c50c9e8de78 -> 
  custom:SearchIndexIgnoredProperties: e643bd26f0fe6173181afceb89e7c659 -> 
  custom:AudioImporter_EditorPlatform: d09bf68614088b80899f8185d706f6e7 -> 
  custom:video-encoder-webm-vp8: eb34c28f22e8b96e1ab97ce403110664 -> 
  custom:audio-decoder-ogg-vorbis: bf7c407c2cedff20999df2af8eb42d56 -> 
  custom:audio-encoder-webm-vorbis: bf7c407c2cedff20999df2af8eb42d56 -> 
  custom:scripting/precompiled-assembly-types:Assembly-CSharp: 4eb6f3030609eb80b3758b49291b212a -> 5480967452b6f0b4b1dcfd5ec7e31075
========================================================================
Received Import Request.
  Time since last request: 205.952203 seconds.
  path: Assets/Prefab/Enemy/1,SlimePBR.prefab
  artifactKey: Guid(0434e5908ef8daf4b94386db57ff3c66) Importer(815301076,1909f56bfc062723c751e8b465ee728b)
Start importing Assets/Prefab/Enemy/1,SlimePBR.prefab using Guid(0434e5908ef8daf4b94386db57ff3c66) Importer(815301076,1909f56bfc062723c751e8b465ee728b) [PhysX] Initialized MultithreadedTaskDispatcher with 24 workers.
[PhysX] Initialized MultithreadedTaskDispatcher with 24 workers.
 -> (artifact id: '44cd6f04062ee327640f56ff35d99215') in 0.083749 seconds
Number of updated asset objects reloaded before import = 0
Number of asset objects unloaded after import = 112
========================================================================
Received Import Request.
  Time since last request: 0.000020 seconds.
  path: Assets/Prefab/Enemy/2,TurtleShellPBR.prefab
  artifactKey: Guid(9fad1d332a5140a4cbdd3750a179a7c5) Importer(815301076,1909f56bfc062723c751e8b465ee728b)
Start importing Assets/Prefab/Enemy/2,TurtleShellPBR.prefab using Guid(9fad1d332a5140a4cbdd3750a179a7c5) Importer(815301076,1909f56bfc062723c751e8b465ee728b) [PhysX] Initialized MultithreadedTaskDispatcher with 24 workers.
[PhysX] Initialized MultithreadedTaskDispatcher with 24 workers.
 -> (artifact id: '5c809cf068f50275219073953a231091') in 0.023862 seconds
Number of updated asset objects reloaded before import = 0
Number of asset objects unloaded after import = 158
========================================================================
Received Prepare
Caller must complete domain reload
Begin MonoManager ReloadAssembly
- Loaded All Assemblies, in  0.286 seconds
Native extension for WindowsStandalone target not found
Mono: successfully reloaded assembly
- Finished resetting the current domain, in  0.719 seconds
Domain Reload Profiling: 1004ms
	BeginReloadAssembly (98ms)
		ExecutionOrderSort (0ms)
		DisableScriptedObjects (3ms)
		BackupInstance (0ms)
		ReleaseScriptingObjects (0ms)
		CreateAndSetChildDomain (21ms)
	RebuildCommonClasses (26ms)
	RebuildNativeTypeToScriptingClass (6ms)
	initialDomainReloadingComplete (19ms)
	LoadAllAssembliesAndSetupDomain (136ms)
		LoadAssemblies (166ms)
		RebuildTransferFunctionScriptingTraits (0ms)
		AnalyzeDomain (20ms)
			TypeCache.Refresh (7ms)
				TypeCache.ScanAssembly (0ms)
			ScanForSourceGeneratedMonoScriptInfo (8ms)
			ResolveRequiredComponents (3ms)
	FinalizeReload (719ms)
		ReleaseScriptCaches (0ms)
		RebuildScriptCaches (0ms)
		SetupLoadedEditorAssemblies (427ms)
			LogAssemblyErrors (0ms)
			InitializePlatformSupportModulesInManaged (4ms)
			SetLoadedEditorAssemblies (3ms)
			RefreshPlugins (0ms)
			BeforeProcessingInitializeOnLoad (50ms)
			ProcessInitializeOnLoadAttributes (328ms)
			ProcessInitializeOnLoadMethodAttributes (39ms)
			AfterProcessingInitializeOnLoad (3ms)
			EditorAssembliesLoaded (0ms)
		ExecutionOrderSort2 (0ms)
		AwakeInstancesAfterBackupRestoration (4ms)
Refreshing native plugins compatible for Editor in 3.14 ms, found 6 plugins.
Preloading 0 native plugins for Editor in 0.00 ms.
Unloading 5097 Unused Serialized files (Serialized files now loaded: 0)
Unloading 398 unused Assets / (442.5 KB). Loaded Objects now: 5609.
Memory consumption went from 230.4 MB to 230.0 MB.
Total: 2.471800 ms (FindLiveObjects: 0.237400 ms CreateObjectMapping: 0.088200 ms MarkObjects: 1.749600 ms  DeleteObjects: 0.395500 ms)

Prepare: number of updated asset objects reloaded= 0
AssetImportParameters requested are different than current active one (requested -> active):
  custom:container-demuxer-ogg: 62fdf1f143b41e24485cea50d1cbac27 -> 
  custom:video-codec-MediaFoundation-h265: 746d11721c4dcdbdad8f713fa42b33f4 -> 
  custom:video-decoder-ogg-theora: a1e56fd34408186e4bbccfd4996cb3dc -> 
  custom:framework-win-MediaFoundation: 216162199b28c13a410421893ffa2e32 -> 
  custom:CustomObjectIndexerAttribute: 9a22284fe3817be447336de3de66b15e -> 
  custom:container-demuxer-webm: 4f35f7cbe854078d1ac9338744f61a02 -> 
  custom:container-muxer-webm: aa71ff27fc2769a1b78a27578f13a17b -> 
  custom:video-decoder-webm-vp8: 9c59270c3fd7afecdb556c50c9e8de78 -> 
  custom:SearchIndexIgnoredProperties: e643bd26f0fe6173181afceb89e7c659 -> 
  custom:AudioImporter_EditorPlatform: d09bf68614088b80899f8185d706f6e7 -> 
  custom:video-encoder-webm-vp8: eb34c28f22e8b96e1ab97ce403110664 -> 
  custom:audio-decoder-ogg-vorbis: bf7c407c2cedff20999df2af8eb42d56 -> 
  custom:audio-encoder-webm-vorbis: bf7c407c2cedff20999df2af8eb42d56 -> 
  custom:scripting/precompiled-assembly-types:Assembly-CSharp: 4eb6f3030609eb80b3758b49291b212a -> 5480967452b6f0b4b1dcfd5ec7e31075
========================================================================
Received Prepare
Caller must complete domain reload
Begin MonoManager ReloadAssembly
- Loaded All Assemblies, in  0.280 seconds
Native extension for WindowsStandalone target not found
Mono: successfully reloaded assembly
- Finished resetting the current domain, in  0.867 seconds
Domain Reload Profiling: 1145ms
	BeginReloadAssembly (94ms)
		ExecutionOrderSort (0ms)
		DisableScriptedObjects (3ms)
		BackupInstance (0ms)
		ReleaseScriptingObjects (0ms)
		CreateAndSetChildDomain (17ms)
	RebuildCommonClasses (23ms)
	RebuildNativeTypeToScriptingClass (10ms)
	initialDomainReloadingComplete (24ms)
	LoadAllAssembliesAndSetupDomain (127ms)
		LoadAssemblies (166ms)
		RebuildTransferFunctionScriptingTraits (0ms)
		AnalyzeDomain (12ms)
			TypeCache.Refresh (6ms)
				TypeCache.ScanAssembly (0ms)
			ScanForSourceGeneratedMonoScriptInfo (0ms)
			ResolveRequiredComponents (4ms)
	FinalizeReload (867ms)
		ReleaseScriptCaches (0ms)
		RebuildScriptCaches (0ms)
		SetupLoadedEditorAssemblies (521ms)
			LogAssemblyErrors (0ms)
			InitializePlatformSupportModulesInManaged (4ms)
			SetLoadedEditorAssemblies (3ms)
			RefreshPlugins (0ms)
			BeforeProcessingInitializeOnLoad (56ms)
			ProcessInitializeOnLoadAttributes (398ms)
			ProcessInitializeOnLoadMethodAttributes (54ms)
			AfterProcessingInitializeOnLoad (5ms)
			EditorAssembliesLoaded (0ms)
		ExecutionOrderSort2 (0ms)
		AwakeInstancesAfterBackupRestoration (5ms)
Refreshing native plugins compatible for Editor in 4.16 ms, found 6 plugins.
Preloading 0 native plugins for Editor in 0.00 ms.
Unloading 5098 Unused Serialized files (Serialized files now loaded: 0)
Unloading 398 unused Assets / (439.1 KB). Loaded Objects now: 5613.
Memory consumption went from 230.7 MB to 230.3 MB.
Total: 2.692800 ms (FindLiveObjects: 0.266600 ms CreateObjectMapping: 0.114600 ms MarkObjects: 1.877800 ms  DeleteObjects: 0.433100 ms)

Prepare: number of updated asset objects reloaded= 0
AssetImportParameters requested are different than current active one (requested -> active):
  custom:container-demuxer-ogg: 62fdf1f143b41e24485cea50d1cbac27 -> 
  custom:video-codec-MediaFoundation-h265: 746d11721c4dcdbdad8f713fa42b33f4 -> 
  custom:video-decoder-ogg-theora: a1e56fd34408186e4bbccfd4996cb3dc -> 
  custom:framework-win-MediaFoundation: 216162199b28c13a410421893ffa2e32 -> 
  custom:CustomObjectIndexerAttribute: 9a22284fe3817be447336de3de66b15e -> 
  custom:container-demuxer-webm: 4f35f7cbe854078d1ac9338744f61a02 -> 
  custom:container-muxer-webm: aa71ff27fc2769a1b78a27578f13a17b -> 
  custom:video-decoder-webm-vp8: 9c59270c3fd7afecdb556c50c9e8de78 -> 
  custom:SearchIndexIgnoredProperties: e643bd26f0fe6173181afceb89e7c659 -> 
  custom:AudioImporter_EditorPlatform: d09bf68614088b80899f8185d706f6e7 -> 
  custom:video-encoder-webm-vp8: eb34c28f22e8b96e1ab97ce403110664 -> 
  custom:audio-decoder-ogg-vorbis: bf7c407c2cedff20999df2af8eb42d56 -> 
  custom:audio-encoder-webm-vorbis: bf7c407c2cedff20999df2af8eb42d56 -> 
  custom:scripting/precompiled-assembly-types:Assembly-CSharp: 4eb6f3030609eb80b3758b49291b212a -> 5480967452b6f0b4b1dcfd5ec7e31075
========================================================================
Received Prepare
Caller must complete domain reload
Begin MonoManager ReloadAssembly
- Loaded All Assemblies, in  0.275 seconds
Native extension for WindowsStandalone target not found
Mono: successfully reloaded assembly
- Finished resetting the current domain, in  0.693 seconds
Domain Reload Profiling: 968ms
	BeginReloadAssembly (89ms)
		ExecutionOrderSort (0ms)
		DisableScriptedObjects (3ms)
		BackupInstance (0ms)
		ReleaseScriptingObjects (0ms)
		CreateAndSetChildDomain (17ms)
	RebuildCommonClasses (25ms)
	RebuildNativeTypeToScriptingClass (7ms)
	initialDomainReloadingComplete (16ms)
	LoadAllAssembliesAndSetupDomain (138ms)
		LoadAssemblies (164ms)
		RebuildTransferFunctionScriptingTraits (0ms)
		AnalyzeDomain (20ms)
			TypeCache.Refresh (6ms)
				TypeCache.ScanAssembly (0ms)
			ScanForSourceGeneratedMonoScriptInfo (8ms)
			ResolveRequiredComponents (3ms)
	FinalizeReload (694ms)
		ReleaseScriptCaches (0ms)
		RebuildScriptCaches (0ms)
		SetupLoadedEditorAssemblies (403ms)
			LogAssemblyErrors (0ms)
			InitializePlatformSupportModulesInManaged (4ms)
			SetLoadedEditorAssemblies (3ms)
			RefreshPlugins (0ms)
			BeforeProcessingInitializeOnLoad (46ms)
			ProcessInitializeOnLoadAttributes (307ms)
			ProcessInitializeOnLoadMethodAttributes (40ms)
			AfterProcessingInitializeOnLoad (3ms)
			EditorAssembliesLoaded (0ms)
		ExecutionOrderSort2 (0ms)
		AwakeInstancesAfterBackupRestoration (4ms)
Refreshing native plugins compatible for Editor in 2.70 ms, found 6 plugins.
Preloading 0 native plugins for Editor in 0.00 ms.
Unloading 5098 Unused Serialized files (Serialized files now loaded: 0)
Unloading 398 unused Assets / (438.1 KB). Loaded Objects now: 5617.
Memory consumption went from 230.7 MB to 230.3 MB.
Total: 2.374500 ms (FindLiveObjects: 0.231600 ms CreateObjectMapping: 0.082900 ms MarkObjects: 1.688400 ms  DeleteObjects: 0.371000 ms)

Prepare: number of updated asset objects reloaded= 0
AssetImportParameters requested are different than current active one (requested -> active):
  custom:container-demuxer-ogg: 62fdf1f143b41e24485cea50d1cbac27 -> 
  custom:video-codec-MediaFoundation-h265: 746d11721c4dcdbdad8f713fa42b33f4 -> 
  custom:video-decoder-ogg-theora: a1e56fd34408186e4bbccfd4996cb3dc -> 
  custom:framework-win-MediaFoundation: 216162199b28c13a410421893ffa2e32 -> 
  custom:CustomObjectIndexerAttribute: 9a22284fe3817be447336de3de66b15e -> 
  custom:container-demuxer-webm: 4f35f7cbe854078d1ac9338744f61a02 -> 
  custom:container-muxer-webm: aa71ff27fc2769a1b78a27578f13a17b -> 
  custom:video-decoder-webm-vp8: 9c59270c3fd7afecdb556c50c9e8de78 -> 
  custom:SearchIndexIgnoredProperties: e643bd26f0fe6173181afceb89e7c659 -> 
  custom:AudioImporter_EditorPlatform: d09bf68614088b80899f8185d706f6e7 -> 
  custom:video-encoder-webm-vp8: eb34c28f22e8b96e1ab97ce403110664 -> 
  custom:audio-decoder-ogg-vorbis: bf7c407c2cedff20999df2af8eb42d56 -> 
  custom:audio-encoder-webm-vorbis: bf7c407c2cedff20999df2af8eb42d56 -> 
  custom:scripting/precompiled-assembly-types:Assembly-CSharp: 4eb6f3030609eb80b3758b49291b212a -> 5480967452b6f0b4b1dcfd5ec7e31075
========================================================================
Received Prepare
Caller must complete domain reload
Begin MonoManager ReloadAssembly
- Loaded All Assemblies, in  0.260 seconds
Native extension for WindowsStandalone target not found
Mono: successfully reloaded assembly
- Finished resetting the current domain, in  0.818 seconds
Domain Reload Profiling: 1077ms
	BeginReloadAssembly (94ms)
		ExecutionOrderSort (0ms)
		DisableScriptedObjects (2ms)
		BackupInstance (0ms)
		ReleaseScriptingObjects (0ms)
		CreateAndSetChildDomain (20ms)
	RebuildCommonClasses (19ms)
	RebuildNativeTypeToScriptingClass (6ms)
	initialDomainReloadingComplete (16ms)
	LoadAllAssembliesAndSetupDomain (125ms)
		LoadAssemblies (163ms)
		RebuildTransferFunctionScriptingTraits (0ms)
		AnalyzeDomain (10ms)
			TypeCache.Refresh (4ms)
				TypeCache.ScanAssembly (0ms)
			ScanForSourceGeneratedMonoScriptInfo (0ms)
			ResolveRequiredComponents (4ms)
	FinalizeReload (818ms)
		ReleaseScriptCaches (0ms)
		RebuildScriptCaches (0ms)
		SetupLoadedEditorAssemblies (483ms)
			LogAssemblyErrors (0ms)
			InitializePlatformSupportModulesInManaged (5ms)
			SetLoadedEditorAssemblies (3ms)
			RefreshPlugins (0ms)
			BeforeProcessingInitializeOnLoad (54ms)
			ProcessInitializeOnLoadAttributes (366ms)
			ProcessInitializeOnLoadMethodAttributes (51ms)
			AfterProcessingInitializeOnLoad (4ms)
			EditorAssembliesLoaded (0ms)
		ExecutionOrderSort2 (0ms)
		AwakeInstancesAfterBackupRestoration (5ms)
Refreshing native plugins compatible for Editor in 4.34 ms, found 6 plugins.
Preloading 0 native plugins for Editor in 0.00 ms.
Unloading 5098 Unused Serialized files (Serialized files now loaded: 0)
Unloading 398 unused Assets / (436.7 KB). Loaded Objects now: 5621.
Memory consumption went from 230.7 MB to 230.3 MB.
Total: 2.618400 ms (FindLiveObjects: 0.261100 ms CreateObjectMapping: 0.097400 ms MarkObjects: 1.828200 ms  DeleteObjects: 0.431200 ms)

Prepare: number of updated asset objects reloaded= 0
AssetImportParameters requested are different than current active one (requested -> active):
  custom:container-demuxer-ogg: 62fdf1f143b41e24485cea50d1cbac27 -> 
  custom:video-codec-MediaFoundation-h265: 746d11721c4dcdbdad8f713fa42b33f4 -> 
  custom:video-decoder-ogg-theora: a1e56fd34408186e4bbccfd4996cb3dc -> 
  custom:framework-win-MediaFoundation: 216162199b28c13a410421893ffa2e32 -> 
  custom:CustomObjectIndexerAttribute: 9a22284fe3817be447336de3de66b15e -> 
  custom:container-demuxer-webm: 4f35f7cbe854078d1ac9338744f61a02 -> 
  custom:container-muxer-webm: aa71ff27fc2769a1b78a27578f13a17b -> 
  custom:video-decoder-webm-vp8: 9c59270c3fd7afecdb556c50c9e8de78 -> 
  custom:SearchIndexIgnoredProperties: e643bd26f0fe6173181afceb89e7c659 -> 
  custom:AudioImporter_EditorPlatform: d09bf68614088b80899f8185d706f6e7 -> 
  custom:video-encoder-webm-vp8: eb34c28f22e8b96e1ab97ce403110664 -> 
  custom:audio-decoder-ogg-vorbis: bf7c407c2cedff20999df2af8eb42d56 -> 
  custom:audio-encoder-webm-vorbis: bf7c407c2cedff20999df2af8eb42d56 -> 
  custom:scripting/precompiled-assembly-types:Assembly-CSharp: 4eb6f3030609eb80b3758b49291b212a -> 5480967452b6f0b4b1dcfd5ec7e31075
========================================================================
Received Prepare
Caller must complete domain reload
Begin MonoManager ReloadAssembly
- Loaded All Assemblies, in  0.258 seconds
Native extension for WindowsStandalone target not found
Mono: successfully reloaded assembly
- Finished resetting the current domain, in  0.812 seconds
Domain Reload Profiling: 1069ms
	BeginReloadAssembly (93ms)
		ExecutionOrderSort (0ms)
		DisableScriptedObjects (3ms)
		BackupInstance (0ms)
		ReleaseScriptingObjects (0ms)
		CreateAndSetChildDomain (19ms)
	RebuildCommonClasses (19ms)
	RebuildNativeTypeToScriptingClass (6ms)
	initialDomainReloadingComplete (16ms)
	LoadAllAssembliesAndSetupDomain (122ms)
		LoadAssemblies (160ms)
		RebuildTransferFunctionScriptingTraits (0ms)
		AnalyzeDomain (11ms)
			TypeCache.Refresh (5ms)
				TypeCache.ScanAssembly (0ms)
			ScanForSourceGeneratedMonoScriptInfo (0ms)
			ResolveRequiredComponents (4ms)
	FinalizeReload (813ms)
		ReleaseScriptCaches (0ms)
		RebuildScriptCaches (0ms)
		SetupLoadedEditorAssemblies (472ms)
			LogAssemblyErrors (0ms)
			InitializePlatformSupportModulesInManaged (4ms)
			SetLoadedEditorAssemblies (3ms)
			RefreshPlugins (0ms)
			BeforeProcessingInitializeOnLoad (53ms)
			ProcessInitializeOnLoadAttributes (361ms)
			ProcessInitializeOnLoadMethodAttributes (47ms)
			AfterProcessingInitializeOnLoad (4ms)
			EditorAssembliesLoaded (0ms)
		ExecutionOrderSort2 (0ms)
		AwakeInstancesAfterBackupRestoration (5ms)
Refreshing native plugins compatible for Editor in 4.07 ms, found 6 plugins.
Preloading 0 native plugins for Editor in 0.00 ms.
Unloading 5098 Unused Serialized files (Serialized files now loaded: 0)
Unloading 398 unused Assets / (430.8 KB). Loaded Objects now: 5625.
Memory consumption went from 230.7 MB to 230.3 MB.
Total: 2.942800 ms (FindLiveObjects: 0.285900 ms CreateObjectMapping: 0.127700 ms MarkObjects: 2.067800 ms  DeleteObjects: 0.460500 ms)

Prepare: number of updated asset objects reloaded= 0
AssetImportParameters requested are different than current active one (requested -> active):
  custom:container-demuxer-ogg: 62fdf1f143b41e24485cea50d1cbac27 -> 
  custom:video-codec-MediaFoundation-h265: 746d11721c4dcdbdad8f713fa42b33f4 -> 
  custom:video-decoder-ogg-theora: a1e56fd34408186e4bbccfd4996cb3dc -> 
  custom:framework-win-MediaFoundation: 216162199b28c13a410421893ffa2e32 -> 
  custom:CustomObjectIndexerAttribute: 9a22284fe3817be447336de3de66b15e -> 
  custom:container-demuxer-webm: 4f35f7cbe854078d1ac9338744f61a02 -> 
  custom:container-muxer-webm: aa71ff27fc2769a1b78a27578f13a17b -> 
  custom:video-decoder-webm-vp8: 9c59270c3fd7afecdb556c50c9e8de78 -> 
  custom:SearchIndexIgnoredProperties: e643bd26f0fe6173181afceb89e7c659 -> 
  custom:AudioImporter_EditorPlatform: d09bf68614088b80899f8185d706f6e7 -> 
  custom:video-encoder-webm-vp8: eb34c28f22e8b96e1ab97ce403110664 -> 
  custom:audio-decoder-ogg-vorbis: bf7c407c2cedff20999df2af8eb42d56 -> 
  custom:audio-encoder-webm-vorbis: bf7c407c2cedff20999df2af8eb42d56 -> 
  custom:scripting/precompiled-assembly-types:Assembly-CSharp: 4eb6f3030609eb80b3758b49291b212a -> 5480967452b6f0b4b1dcfd5ec7e31075
========================================================================
Received Prepare
Caller must complete domain reload
Begin MonoManager ReloadAssembly
- Loaded All Assemblies, in  0.280 seconds
Native extension for WindowsStandalone target not found
Mono: successfully reloaded assembly
- Finished resetting the current domain, in  0.704 seconds
Domain Reload Profiling: 984ms
	BeginReloadAssembly (92ms)
		ExecutionOrderSort (0ms)
		DisableScriptedObjects (3ms)
		BackupInstance (0ms)
		ReleaseScriptingObjects (0ms)
		CreateAndSetChildDomain (19ms)
	RebuildCommonClasses (19ms)
	RebuildNativeTypeToScriptingClass (6ms)
	initialDomainReloadingComplete (18ms)
	LoadAllAssembliesAndSetupDomain (144ms)
		LoadAssemblies (170ms)
		RebuildTransferFunctionScriptingTraits (0ms)
		AnalyzeDomain (21ms)
			TypeCache.Refresh (7ms)
				TypeCache.ScanAssembly (1ms)
			ScanForSourceGeneratedMonoScriptInfo (8ms)
			ResolveRequiredComponents (4ms)
	FinalizeReload (705ms)
		ReleaseScriptCaches (0ms)
		RebuildScriptCaches (0ms)
		SetupLoadedEditorAssemblies (416ms)
			LogAssemblyErrors (0ms)
			InitializePlatformSupportModulesInManaged (4ms)
			SetLoadedEditorAssemblies (3ms)
			RefreshPlugins (0ms)
			BeforeProcessingInitializeOnLoad (46ms)
			ProcessInitializeOnLoadAttributes (320ms)
			ProcessInitializeOnLoadMethodAttributes (40ms)
			AfterProcessingInitializeOnLoad (3ms)
			EditorAssembliesLoaded (0ms)
		ExecutionOrderSort2 (0ms)
		AwakeInstancesAfterBackupRestoration (4ms)
Refreshing native plugins compatible for Editor in 3.41 ms, found 6 plugins.
Preloading 0 native plugins for Editor in 0.00 ms.
Unloading 5098 Unused Serialized files (Serialized files now loaded: 0)
Unloading 398 unused Assets / (439.8 KB). Loaded Objects now: 5629.
Memory consumption went from 230.7 MB to 230.3 MB.
Total: 2.482400 ms (FindLiveObjects: 0.244600 ms CreateObjectMapping: 0.092600 ms MarkObjects: 1.711900 ms  DeleteObjects: 0.432700 ms)

Prepare: number of updated asset objects reloaded= 0
AssetImportParameters requested are different than current active one (requested -> active):
  custom:container-demuxer-ogg: 62fdf1f143b41e24485cea50d1cbac27 -> 
  custom:video-codec-MediaFoundation-h265: 746d11721c4dcdbdad8f713fa42b33f4 -> 
  custom:video-decoder-ogg-theora: a1e56fd34408186e4bbccfd4996cb3dc -> 
  custom:framework-win-MediaFoundation: 216162199b28c13a410421893ffa2e32 -> 
  custom:CustomObjectIndexerAttribute: 9a22284fe3817be447336de3de66b15e -> 
  custom:container-demuxer-webm: 4f35f7cbe854078d1ac9338744f61a02 -> 
  custom:container-muxer-webm: aa71ff27fc2769a1b78a27578f13a17b -> 
  custom:video-decoder-webm-vp8: 9c59270c3fd7afecdb556c50c9e8de78 -> 
  custom:SearchIndexIgnoredProperties: e643bd26f0fe6173181afceb89e7c659 -> 
  custom:AudioImporter_EditorPlatform: d09bf68614088b80899f8185d706f6e7 -> 
  custom:video-encoder-webm-vp8: eb34c28f22e8b96e1ab97ce403110664 -> 
  custom:audio-decoder-ogg-vorbis: bf7c407c2cedff20999df2af8eb42d56 -> 
  custom:audio-encoder-webm-vorbis: bf7c407c2cedff20999df2af8eb42d56 -> 
  custom:scripting/precompiled-assembly-types:Assembly-CSharp: e0e874ee46f2e739c4ebace9a817f7b0 -> 5480967452b6f0b4b1dcfd5ec7e31075
========================================================================
Received Import Request.
  Time since last request: 749.774900 seconds.
  path: Assets/Prefab/Enemy/1,SlimePBR.prefab
  artifactKey: Guid(0434e5908ef8daf4b94386db57ff3c66) Importer(815301076,1909f56bfc062723c751e8b465ee728b)
Start importing Assets/Prefab/Enemy/1,SlimePBR.prefab using Guid(0434e5908ef8daf4b94386db57ff3c66) Importer(815301076,1909f56bfc062723c751e8b465ee728b) [PhysX] Initialized MultithreadedTaskDispatcher with 24 workers.
[PhysX] Initialized MultithreadedTaskDispatcher with 24 workers.
 -> (artifact id: '94cb5f9c5a0905f35b46c0d5c2332252') in 0.073750 seconds
Number of updated asset objects reloaded before import = 0
Number of asset objects unloaded after import = 112
========================================================================
Received Import Request.
  Time since last request: 0.000018 seconds.
  path: Assets/Prefab/Enemy/2,TurtleShellPBR.prefab
  artifactKey: Guid(9fad1d332a5140a4cbdd3750a179a7c5) Importer(815301076,1909f56bfc062723c751e8b465ee728b)
Start importing Assets/Prefab/Enemy/2,TurtleShellPBR.prefab using Guid(9fad1d332a5140a4cbdd3750a179a7c5) Importer(815301076,1909f56bfc062723c751e8b465ee728b) [PhysX] Initialized MultithreadedTaskDispatcher with 24 workers.
[PhysX] Initialized MultithreadedTaskDispatcher with 24 workers.
 -> (artifact id: '4256ae38101d95d3a4524907e7d1fa26') in 0.022197 seconds
Number of updated asset objects reloaded before import = 0
Number of asset objects unloaded after import = 158
========================================================================
Received Prepare
Caller must complete domain reload
Begin MonoManager ReloadAssembly
- Loaded All Assemblies, in  0.261 seconds
Native extension for WindowsStandalone target not found
Mono: successfully reloaded assembly
- Finished resetting the current domain, in  0.741 seconds
Domain Reload Profiling: 1002ms
	BeginReloadAssembly (92ms)
		ExecutionOrderSort (0ms)
		DisableScriptedObjects (2ms)
		BackupInstance (0ms)
		ReleaseScriptingObjects (0ms)
		CreateAndSetChildDomain (20ms)
	RebuildCommonClasses (19ms)
	RebuildNativeTypeToScriptingClass (6ms)
	initialDomainReloadingComplete (19ms)
	LoadAllAssembliesAndSetupDomain (123ms)
		LoadAssemblies (160ms)
		RebuildTransferFunctionScriptingTraits (0ms)
		AnalyzeDomain (10ms)
			TypeCache.Refresh (5ms)
				TypeCache.ScanAssembly (0ms)
			ScanForSourceGeneratedMonoScriptInfo (0ms)
			ResolveRequiredComponents (4ms)
	FinalizeReload (742ms)
		ReleaseScriptCaches (0ms)
		RebuildScriptCaches (0ms)
		SetupLoadedEditorAssemblies (462ms)
			LogAssemblyErrors (0ms)
			InitializePlatformSupportModulesInManaged (4ms)
			SetLoadedEditorAssemblies (3ms)
			RefreshPlugins (0ms)
			BeforeProcessingInitializeOnLoad (45ms)
			ProcessInitializeOnLoadAttributes (358ms)
			ProcessInitializeOnLoadMethodAttributes (48ms)
			AfterProcessingInitializeOnLoad (5ms)
			EditorAssembliesLoaded (0ms)
		ExecutionOrderSort2 (0ms)
		AwakeInstancesAfterBackupRestoration (5ms)
Refreshing native plugins compatible for Editor in 3.49 ms, found 6 plugins.
Preloading 0 native plugins for Editor in 0.00 ms.
Unloading 5097 Unused Serialized files (Serialized files now loaded: 0)
Unloading 398 unused Assets / (441.3 KB). Loaded Objects now: 5633.
Memory consumption went from 230.5 MB to 230.0 MB.
Total: 2.411100 ms (FindLiveObjects: 0.245300 ms CreateObjectMapping: 0.094200 ms MarkObjects: 1.701100 ms  DeleteObjects: 0.369300 ms)

Prepare: number of updated asset objects reloaded= 0
AssetImportParameters requested are different than current active one (requested -> active):
  custom:container-demuxer-ogg: 62fdf1f143b41e24485cea50d1cbac27 -> 
  custom:video-codec-MediaFoundation-h265: 746d11721c4dcdbdad8f713fa42b33f4 -> 
  custom:video-decoder-ogg-theora: a1e56fd34408186e4bbccfd4996cb3dc -> 
  custom:framework-win-MediaFoundation: 216162199b28c13a410421893ffa2e32 -> 
  custom:CustomObjectIndexerAttribute: 9a22284fe3817be447336de3de66b15e -> 
  custom:container-demuxer-webm: 4f35f7cbe854078d1ac9338744f61a02 -> 
  custom:container-muxer-webm: aa71ff27fc2769a1b78a27578f13a17b -> 
  custom:video-decoder-webm-vp8: 9c59270c3fd7afecdb556c50c9e8de78 -> 
  custom:SearchIndexIgnoredProperties: e643bd26f0fe6173181afceb89e7c659 -> 
  custom:AudioImporter_EditorPlatform: d09bf68614088b80899f8185d706f6e7 -> 
  custom:video-encoder-webm-vp8: eb34c28f22e8b96e1ab97ce403110664 -> 
  custom:audio-decoder-ogg-vorbis: bf7c407c2cedff20999df2af8eb42d56 -> 
  custom:audio-encoder-webm-vorbis: bf7c407c2cedff20999df2af8eb42d56 -> 
  custom:scripting/precompiled-assembly-types:Assembly-CSharp: e0e874ee46f2e739c4ebace9a817f7b0 -> 5480967452b6f0b4b1dcfd5ec7e31075
========================================================================
Received Prepare
Caller must complete domain reload
Begin MonoManager ReloadAssembly
- Loaded All Assemblies, in  0.242 seconds
Native extension for WindowsStandalone target not found
Mono: successfully reloaded assembly
- Finished resetting the current domain, in  0.759 seconds
Domain Reload Profiling: 1000ms
	BeginReloadAssembly (79ms)
		ExecutionOrderSort (0ms)
		DisableScriptedObjects (4ms)
		BackupInstance (0ms)
		ReleaseScriptingObjects (0ms)
		CreateAndSetChildDomain (17ms)
	RebuildCommonClasses (19ms)
	RebuildNativeTypeToScriptingClass (6ms)
	initialDomainReloadingComplete (17ms)
	LoadAllAssembliesAndSetupDomain (120ms)
		LoadAssemblies (156ms)
		RebuildTransferFunctionScriptingTraits (0ms)
		AnalyzeDomain (10ms)
			TypeCache.Refresh (5ms)
				TypeCache.ScanAssembly (0ms)
			ScanForSourceGeneratedMonoScriptInfo (0ms)
			ResolveRequiredComponents (4ms)
	FinalizeReload (759ms)
		ReleaseScriptCaches (0ms)
		RebuildScriptCaches (0ms)
		SetupLoadedEditorAssemblies (458ms)
			LogAssemblyErrors (0ms)
			InitializePlatformSupportModulesInManaged (4ms)
			SetLoadedEditorAssemblies (3ms)
			RefreshPlugins (0ms)
			BeforeProcessingInitializeOnLoad (44ms)
			ProcessInitializeOnLoadAttributes (360ms)
			ProcessInitializeOnLoadMethodAttributes (44ms)
			AfterProcessingInitializeOnLoad (3ms)
			EditorAssembliesLoaded (0ms)
		ExecutionOrderSort2 (0ms)
		AwakeInstancesAfterBackupRestoration (4ms)
Refreshing native plugins compatible for Editor in 3.81 ms, found 6 plugins.
Preloading 0 native plugins for Editor in 0.00 ms.
Unloading 5098 Unused Serialized files (Serialized files now loaded: 0)
Unloading 398 unused Assets / (446.8 KB). Loaded Objects now: 5637.
Memory consumption went from 230.7 MB to 230.3 MB.
Total: 2.886400 ms (FindLiveObjects: 0.243100 ms CreateObjectMapping: 0.103700 ms MarkObjects: 2.083200 ms  DeleteObjects: 0.455700 ms)

Prepare: number of updated asset objects reloaded= 0
AssetImportParameters requested are different than current active one (requested -> active):
  custom:container-demuxer-ogg: 62fdf1f143b41e24485cea50d1cbac27 -> 
  custom:video-codec-MediaFoundation-h265: 746d11721c4dcdbdad8f713fa42b33f4 -> 
  custom:video-decoder-ogg-theora: a1e56fd34408186e4bbccfd4996cb3dc -> 
  custom:framework-win-MediaFoundation: 216162199b28c13a410421893ffa2e32 -> 
  custom:CustomObjectIndexerAttribute: 9a22284fe3817be447336de3de66b15e -> 
  custom:container-demuxer-webm: 4f35f7cbe854078d1ac9338744f61a02 -> 
  custom:container-muxer-webm: aa71ff27fc2769a1b78a27578f13a17b -> 
  custom:video-decoder-webm-vp8: 9c59270c3fd7afecdb556c50c9e8de78 -> 
  custom:SearchIndexIgnoredProperties: e643bd26f0fe6173181afceb89e7c659 -> 
  custom:AudioImporter_EditorPlatform: d09bf68614088b80899f8185d706f6e7 -> 
  custom:video-encoder-webm-vp8: eb34c28f22e8b96e1ab97ce403110664 -> 
  custom:audio-decoder-ogg-vorbis: bf7c407c2cedff20999df2af8eb42d56 -> 
  custom:audio-encoder-webm-vorbis: bf7c407c2cedff20999df2af8eb42d56 -> 
  custom:scripting/precompiled-assembly-types:Assembly-CSharp: e0e874ee46f2e739c4ebace9a817f7b0 -> 5480967452b6f0b4b1dcfd5ec7e31075
========================================================================
Received Prepare
Caller must complete domain reload
Begin MonoManager ReloadAssembly
- Loaded All Assemblies, in  0.277 seconds
Native extension for WindowsStandalone target not found
Mono: successfully reloaded assembly
- Finished resetting the current domain, in  0.699 seconds
Domain Reload Profiling: 976ms
	BeginReloadAssembly (93ms)
		ExecutionOrderSort (0ms)
		DisableScriptedObjects (3ms)
		BackupInstance (0ms)
		ReleaseScriptingObjects (0ms)
		CreateAndSetChildDomain (16ms)
	RebuildCommonClasses (23ms)
	RebuildNativeTypeToScriptingClass (6ms)
	initialDomainReloadingComplete (17ms)
	LoadAllAssembliesAndSetupDomain (138ms)
		LoadAssemblies (170ms)
		RebuildTransferFunctionScriptingTraits (0ms)
		AnalyzeDomain (19ms)
			TypeCache.Refresh (7ms)
				TypeCache.ScanAssembly (0ms)
			ScanForSourceGeneratedMonoScriptInfo (8ms)
			ResolveRequiredComponents (3ms)
	FinalizeReload (700ms)
		ReleaseScriptCaches (0ms)
		RebuildScriptCaches (0ms)
		SetupLoadedEditorAssemblies (423ms)
			LogAssemblyErrors (0ms)
			InitializePlatformSupportModulesInManaged (3ms)
			SetLoadedEditorAssemblies (3ms)
			RefreshPlugins (0ms)
			BeforeProcessingInitializeOnLoad (48ms)
			ProcessInitializeOnLoadAttributes (326ms)
			ProcessInitializeOnLoadMethodAttributes (39ms)
			AfterProcessingInitializeOnLoad (3ms)
			EditorAssembliesLoaded (0ms)
		ExecutionOrderSort2 (0ms)
		AwakeInstancesAfterBackupRestoration (4ms)
Refreshing native plugins compatible for Editor in 2.95 ms, found 6 plugins.
Preloading 0 native plugins for Editor in 0.00 ms.
Unloading 5098 Unused Serialized files (Serialized files now loaded: 0)
Unloading 398 unused Assets / (440.2 KB). Loaded Objects now: 5641.
Memory consumption went from 230.7 MB to 230.3 MB.
Total: 2.391400 ms (FindLiveObjects: 0.240000 ms CreateObjectMapping: 0.094400 ms MarkObjects: 1.671900 ms  DeleteObjects: 0.384400 ms)

Prepare: number of updated asset objects reloaded= 0
AssetImportParameters requested are different than current active one (requested -> active):
  custom:container-demuxer-ogg: 62fdf1f143b41e24485cea50d1cbac27 -> 
  custom:video-codec-MediaFoundation-h265: 746d11721c4dcdbdad8f713fa42b33f4 -> 
  custom:video-decoder-ogg-theora: a1e56fd34408186e4bbccfd4996cb3dc -> 
  custom:framework-win-MediaFoundation: 216162199b28c13a410421893ffa2e32 -> 
  custom:CustomObjectIndexerAttribute: 9a22284fe3817be447336de3de66b15e -> 
  custom:container-demuxer-webm: 4f35f7cbe854078d1ac9338744f61a02 -> 
  custom:container-muxer-webm: aa71ff27fc2769a1b78a27578f13a17b -> 
  custom:video-decoder-webm-vp8: 9c59270c3fd7afecdb556c50c9e8de78 -> 
  custom:SearchIndexIgnoredProperties: e643bd26f0fe6173181afceb89e7c659 -> 
  custom:AudioImporter_EditorPlatform: d09bf68614088b80899f8185d706f6e7 -> 
  custom:video-encoder-webm-vp8: eb34c28f22e8b96e1ab97ce403110664 -> 
  custom:audio-decoder-ogg-vorbis: bf7c407c2cedff20999df2af8eb42d56 -> 
  custom:audio-encoder-webm-vorbis: bf7c407c2cedff20999df2af8eb42d56 -> 
  custom:scripting/precompiled-assembly-types:Assembly-CSharp: e0e874ee46f2e739c4ebace9a817f7b0 -> 5480967452b6f0b4b1dcfd5ec7e31075
========================================================================
Received Prepare
Caller must complete domain reload
Begin MonoManager ReloadAssembly
- Loaded All Assemblies, in  0.249 seconds
Native extension for WindowsStandalone target not found
Mono: successfully reloaded assembly
- Finished resetting the current domain, in  0.755 seconds
Domain Reload Profiling: 1002ms
	BeginReloadAssembly (90ms)
		ExecutionOrderSort (0ms)
		DisableScriptedObjects (4ms)
		BackupInstance (0ms)
		ReleaseScriptingObjects (0ms)
		CreateAndSetChildDomain (20ms)
	RebuildCommonClasses (18ms)
	RebuildNativeTypeToScriptingClass (6ms)
	initialDomainReloadingComplete (16ms)
	LoadAllAssembliesAndSetupDomain (117ms)
		LoadAssemblies (150ms)
		RebuildTransferFunctionScriptingTraits (0ms)
		AnalyzeDomain (11ms)
			TypeCache.Refresh (5ms)
				TypeCache.ScanAssembly (0ms)
			ScanForSourceGeneratedMonoScriptInfo (0ms)
			ResolveRequiredComponents (4ms)
	FinalizeReload (755ms)
		ReleaseScriptCaches (0ms)
		RebuildScriptCaches (0ms)
		SetupLoadedEditorAssemblies (450ms)
			LogAssemblyErrors (0ms)
			InitializePlatformSupportModulesInManaged (4ms)
			SetLoadedEditorAssemblies (3ms)
			RefreshPlugins (0ms)
			BeforeProcessingInitializeOnLoad (47ms)
			ProcessInitializeOnLoadAttributes (342ms)
			ProcessInitializeOnLoadMethodAttributes (49ms)
			AfterProcessingInitializeOnLoad (5ms)
			EditorAssembliesLoaded (0ms)
		ExecutionOrderSort2 (0ms)
		AwakeInstancesAfterBackupRestoration (5ms)
Refreshing native plugins compatible for Editor in 4.01 ms, found 6 plugins.
Preloading 0 native plugins for Editor in 0.00 ms.
Unloading 5098 Unused Serialized files (Serialized files now loaded: 0)
Unloading 398 unused Assets / (439.1 KB). Loaded Objects now: 5645.
Memory consumption went from 230.7 MB to 230.3 MB.
Total: 2.721400 ms (FindLiveObjects: 0.268800 ms CreateObjectMapping: 0.093300 ms MarkObjects: 1.933000 ms  DeleteObjects: 0.425800 ms)

Prepare: number of updated asset objects reloaded= 0
AssetImportParameters requested are different than current active one (requested -> active):
  custom:container-demuxer-ogg: 62fdf1f143b41e24485cea50d1cbac27 -> 
  custom:video-codec-MediaFoundation-h265: 746d11721c4dcdbdad8f713fa42b33f4 -> 
  custom:video-decoder-ogg-theora: a1e56fd34408186e4bbccfd4996cb3dc -> 
  custom:framework-win-MediaFoundation: 216162199b28c13a410421893ffa2e32 -> 
  custom:CustomObjectIndexerAttribute: 9a22284fe3817be447336de3de66b15e -> 
  custom:container-demuxer-webm: 4f35f7cbe854078d1ac9338744f61a02 -> 
  custom:container-muxer-webm: aa71ff27fc2769a1b78a27578f13a17b -> 
  custom:video-decoder-webm-vp8: 9c59270c3fd7afecdb556c50c9e8de78 -> 
  custom:SearchIndexIgnoredProperties: e643bd26f0fe6173181afceb89e7c659 -> 
  custom:AudioImporter_EditorPlatform: d09bf68614088b80899f8185d706f6e7 -> 
  custom:video-encoder-webm-vp8: eb34c28f22e8b96e1ab97ce403110664 -> 
  custom:audio-decoder-ogg-vorbis: bf7c407c2cedff20999df2af8eb42d56 -> 
  custom:audio-encoder-webm-vorbis: bf7c407c2cedff20999df2af8eb42d56 -> 
  custom:scripting/precompiled-assembly-types:Assembly-CSharp: e0e874ee46f2e739c4ebace9a817f7b0 -> 5480967452b6f0b4b1dcfd5ec7e31075
========================================================================
Received Prepare
Caller must complete domain reload
Begin MonoManager ReloadAssembly
- Loaded All Assemblies, in  0.269 seconds
Native extension for WindowsStandalone target not found
Mono: successfully reloaded assembly
- Finished resetting the current domain, in  0.702 seconds
Domain Reload Profiling: 970ms
	BeginReloadAssembly (92ms)
		ExecutionOrderSort (0ms)
		DisableScriptedObjects (4ms)
		BackupInstance (0ms)
		ReleaseScriptingObjects (0ms)
		CreateAndSetChildDomain (18ms)
	RebuildCommonClasses (19ms)
	RebuildNativeTypeToScriptingClass (6ms)
	initialDomainReloadingComplete (17ms)
	LoadAllAssembliesAndSetupDomain (134ms)
		LoadAssemblies (162ms)
		RebuildTransferFunctionScriptingTraits (0ms)
		AnalyzeDomain (20ms)
			TypeCache.Refresh (7ms)
				TypeCache.ScanAssembly (0ms)
			ScanForSourceGeneratedMonoScriptInfo (8ms)
			ResolveRequiredComponents (4ms)
	FinalizeReload (702ms)
		ReleaseScriptCaches (0ms)
		RebuildScriptCaches (0ms)
		SetupLoadedEditorAssemblies (418ms)
			LogAssemblyErrors (0ms)
			InitializePlatformSupportModulesInManaged (4ms)
			SetLoadedEditorAssemblies (3ms)
			RefreshPlugins (0ms)
			BeforeProcessingInitializeOnLoad (49ms)
			ProcessInitializeOnLoadAttributes (320ms)
			ProcessInitializeOnLoadMethodAttributes (40ms)
			AfterProcessingInitializeOnLoad (3ms)
			EditorAssembliesLoaded (0ms)
		ExecutionOrderSort2 (0ms)
		AwakeInstancesAfterBackupRestoration (4ms)
Refreshing native plugins compatible for Editor in 2.65 ms, found 6 plugins.
Preloading 0 native plugins for Editor in 0.00 ms.
Unloading 5098 Unused Serialized files (Serialized files now loaded: 0)
Unloading 398 unused Assets / (438.2 KB). Loaded Objects now: 5649.
Memory consumption went from 230.7 MB to 230.3 MB.
Total: 2.394800 ms (FindLiveObjects: 0.249500 ms CreateObjectMapping: 0.095900 ms MarkObjects: 1.666000 ms  DeleteObjects: 0.382900 ms)

Prepare: number of updated asset objects reloaded= 0
AssetImportParameters requested are different than current active one (requested -> active):
  custom:container-demuxer-ogg: 62fdf1f143b41e24485cea50d1cbac27 -> 
  custom:video-codec-MediaFoundation-h265: 746d11721c4dcdbdad8f713fa42b33f4 -> 
  custom:video-decoder-ogg-theora: a1e56fd34408186e4bbccfd4996cb3dc -> 
  custom:framework-win-MediaFoundation: 216162199b28c13a410421893ffa2e32 -> 
  custom:CustomObjectIndexerAttribute: 9a22284fe3817be447336de3de66b15e -> 
  custom:container-demuxer-webm: 4f35f7cbe854078d1ac9338744f61a02 -> 
  custom:container-muxer-webm: aa71ff27fc2769a1b78a27578f13a17b -> 
  custom:video-decoder-webm-vp8: 9c59270c3fd7afecdb556c50c9e8de78 -> 
  custom:SearchIndexIgnoredProperties: e643bd26f0fe6173181afceb89e7c659 -> 
  custom:AudioImporter_EditorPlatform: d09bf68614088b80899f8185d706f6e7 -> 
  custom:video-encoder-webm-vp8: eb34c28f22e8b96e1ab97ce403110664 -> 
  custom:audio-decoder-ogg-vorbis: bf7c407c2cedff20999df2af8eb42d56 -> 
  custom:audio-encoder-webm-vorbis: bf7c407c2cedff20999df2af8eb42d56 -> 
  custom:scripting/precompiled-assembly-types:Assembly-CSharp: e0e874ee46f2e739c4ebace9a817f7b0 -> 5480967452b6f0b4b1dcfd5ec7e31075
========================================================================
Received Import Request.
  Time since last request: 276.953176 seconds.
  path: Assets/Prefab/Enemy/1,SlimePBR.prefab
  artifactKey: Guid(0434e5908ef8daf4b94386db57ff3c66) Importer(815301076,1909f56bfc062723c751e8b465ee728b)
Start importing Assets/Prefab/Enemy/1,SlimePBR.prefab using Guid(0434e5908ef8daf4b94386db57ff3c66) Importer(815301076,1909f56bfc062723c751e8b465ee728b) [PhysX] Initialized MultithreadedTaskDispatcher with 24 workers.
[PhysX] Initialized MultithreadedTaskDispatcher with 24 workers.
 -> (artifact id: '65ca5cdd164e1dd460978c25f511003b') in 0.157973 seconds
Number of updated asset objects reloaded before import = 0
Number of asset objects unloaded after import = 112
========================================================================
Received Import Request.
  Time since last request: 0.497481 seconds.
  path: Assets/Prefab/Enemy/1,SlimePBR.prefab
  artifactKey: Guid(0434e5908ef8daf4b94386db57ff3c66) Importer(815301076,1909f56bfc062723c751e8b465ee728b)
Start importing Assets/Prefab/Enemy/1,SlimePBR.prefab using Guid(0434e5908ef8daf4b94386db57ff3c66) Importer(815301076,1909f56bfc062723c751e8b465ee728b) [PhysX] Initialized MultithreadedTaskDispatcher with 24 workers.
[PhysX] Initialized MultithreadedTaskDispatcher with 24 workers.
 -> (artifact id: 'd76850263f8c5550909aab214840cf40') in 0.019802 seconds
Number of updated asset objects reloaded before import = 0
Number of asset objects unloaded after import = 112
========================================================================
Received Import Request.
  Time since last request: 2.702244 seconds.
  path: Assets/Prefab/Enemy/3,MushroomAngryPA.prefab
  artifactKey: Guid(ee58ff3e6ee3c7f4684b768db09be184) Importer(815301076,1909f56bfc062723c751e8b465ee728b)
Start importing Assets/Prefab/Enemy/3,MushroomAngryPA.prefab using Guid(ee58ff3e6ee3c7f4684b768db09be184) Importer(815301076,1909f56bfc062723c751e8b465ee728b) [PhysX] Initialized MultithreadedTaskDispatcher with 24 workers.
[PhysX] Initialized MultithreadedTaskDispatcher with 24 workers.
 -> (artifact id: '5ac195889b2b5652196e58c8c8083b4a') in 0.021264 seconds
Number of updated asset objects reloaded before import = 0
Number of asset objects unloaded after import = 131
========================================================================
Received Import Request.
  Time since last request: 0.968443 seconds.
  path: Assets/Prefab/Enemy/3,MushroomAngryPA.prefab
  artifactKey: Guid(ee58ff3e6ee3c7f4684b768db09be184) Importer(815301076,1909f56bfc062723c751e8b465ee728b)
Start importing Assets/Prefab/Enemy/3,MushroomAngryPA.prefab using Guid(ee58ff3e6ee3c7f4684b768db09be184) Importer(815301076,1909f56bfc062723c751e8b465ee728b) [PhysX] Initialized MultithreadedTaskDispatcher with 24 workers.
[PhysX] Initialized MultithreadedTaskDispatcher with 24 workers.
 -> (artifact id: '3b442e7825fc705c23c746069970b865') in 0.039304 seconds
Number of updated asset objects reloaded before import = 0
Number of asset objects unloaded after import = 131
========================================================================
Received Prepare
Caller must complete domain reload
Begin MonoManager ReloadAssembly
- Loaded All Assemblies, in  0.260 seconds
Native extension for WindowsStandalone target not found
Mono: successfully reloaded assembly
- Finished resetting the current domain, in  0.757 seconds
Domain Reload Profiling: 1119ms
	BeginReloadAssembly (97ms)
		ExecutionOrderSort (0ms)
		DisableScriptedObjects (2ms)
		BackupInstance (0ms)
		ReleaseScriptingObjects (0ms)
		CreateAndSetChildDomain (24ms)
	RebuildCommonClasses (20ms)
	RebuildNativeTypeToScriptingClass (6ms)
	initialDomainReloadingComplete (17ms)
	LoadAllAssembliesAndSetupDomain (222ms)
		LoadAssemblies (155ms)
		RebuildTransferFunctionScriptingTraits (0ms)
		AnalyzeDomain (10ms)
			TypeCache.Refresh (5ms)
				TypeCache.ScanAssembly (0ms)
			ScanForSourceGeneratedMonoScriptInfo (0ms)
			ResolveRequiredComponents (4ms)
	FinalizeReload (758ms)
		ReleaseScriptCaches (0ms)
		RebuildScriptCaches (0ms)
		SetupLoadedEditorAssemblies (454ms)
			LogAssemblyErrors (0ms)
			InitializePlatformSupportModulesInManaged (4ms)
			SetLoadedEditorAssemblies (3ms)
			RefreshPlugins (0ms)
			BeforeProcessingInitializeOnLoad (49ms)
			ProcessInitializeOnLoadAttributes (347ms)
			ProcessInitializeOnLoadMethodAttributes (48ms)
			AfterProcessingInitializeOnLoad (3ms)
			EditorAssembliesLoaded (0ms)
		ExecutionOrderSort2 (0ms)
		AwakeInstancesAfterBackupRestoration (5ms)
Refreshing native plugins compatible for Editor in 3.18 ms, found 6 plugins.
Preloading 0 native plugins for Editor in 0.00 ms.
Unloading 5097 Unused Serialized files (Serialized files now loaded: 0)
Unloading 398 unused Assets / (435.7 KB). Loaded Objects now: 5653.
Memory consumption went from 230.5 MB to 230.1 MB.
Total: 2.565500 ms (FindLiveObjects: 0.243300 ms CreateObjectMapping: 0.101100 ms MarkObjects: 1.817500 ms  DeleteObjects: 0.402900 ms)

Prepare: number of updated asset objects reloaded= 0
AssetImportParameters requested are different than current active one (requested -> active):
  custom:container-demuxer-ogg: 62fdf1f143b41e24485cea50d1cbac27 -> 
  custom:video-codec-MediaFoundation-h265: 746d11721c4dcdbdad8f713fa42b33f4 -> 
  custom:video-decoder-ogg-theora: a1e56fd34408186e4bbccfd4996cb3dc -> 
  custom:framework-win-MediaFoundation: 216162199b28c13a410421893ffa2e32 -> 
  custom:CustomObjectIndexerAttribute: 9a22284fe3817be447336de3de66b15e -> 
  custom:container-demuxer-webm: 4f35f7cbe854078d1ac9338744f61a02 -> 
  custom:container-muxer-webm: aa71ff27fc2769a1b78a27578f13a17b -> 
  custom:video-decoder-webm-vp8: 9c59270c3fd7afecdb556c50c9e8de78 -> 
  custom:SearchIndexIgnoredProperties: e643bd26f0fe6173181afceb89e7c659 -> 
  custom:AudioImporter_EditorPlatform: d09bf68614088b80899f8185d706f6e7 -> 
  custom:video-encoder-webm-vp8: eb34c28f22e8b96e1ab97ce403110664 -> 
  custom:audio-decoder-ogg-vorbis: bf7c407c2cedff20999df2af8eb42d56 -> 
  custom:audio-encoder-webm-vorbis: bf7c407c2cedff20999df2af8eb42d56 -> 
  custom:scripting/precompiled-assembly-types:Assembly-CSharp: e0e874ee46f2e739c4ebace9a817f7b0 -> 5480967452b6f0b4b1dcfd5ec7e31075
========================================================================
Received Prepare
Caller must complete domain reload
Begin MonoManager ReloadAssembly
- Loaded All Assemblies, in  0.292 seconds
Native extension for WindowsStandalone target not found
Mono: successfully reloaded assembly
- Finished resetting the current domain, in  0.702 seconds
Domain Reload Profiling: 993ms
	BeginReloadAssembly (101ms)
		ExecutionOrderSort (0ms)
		DisableScriptedObjects (3ms)
		BackupInstance (0ms)
		ReleaseScriptingObjects (0ms)
		CreateAndSetChildDomain (19ms)
	RebuildCommonClasses (21ms)
	RebuildNativeTypeToScriptingClass (9ms)
	initialDomainReloadingComplete (19ms)
	LoadAllAssembliesAndSetupDomain (140ms)
		LoadAssemblies (176ms)
		RebuildTransferFunctionScriptingTraits (0ms)
		AnalyzeDomain (20ms)
			TypeCache.Refresh (7ms)
				TypeCache.ScanAssembly (0ms)
			ScanForSourceGeneratedMonoScriptInfo (8ms)
			ResolveRequiredComponents (4ms)
	FinalizeReload (702ms)
		ReleaseScriptCaches (0ms)
		RebuildScriptCaches (0ms)
		SetupLoadedEditorAssemblies (416ms)
			LogAssemblyErrors (0ms)
			InitializePlatformSupportModulesInManaged (4ms)
			SetLoadedEditorAssemblies (3ms)
			RefreshPlugins (0ms)
			BeforeProcessingInitializeOnLoad (45ms)
			ProcessInitializeOnLoadAttributes (321ms)
			ProcessInitializeOnLoadMethodAttributes (41ms)
			AfterProcessingInitializeOnLoad (3ms)
			EditorAssembliesLoaded (0ms)
		ExecutionOrderSort2 (0ms)
		AwakeInstancesAfterBackupRestoration (4ms)
Refreshing native plugins compatible for Editor in 2.89 ms, found 6 plugins.
Preloading 0 native plugins for Editor in 0.00 ms.
Unloading 5098 Unused Serialized files (Serialized files now loaded: 0)
Unloading 398 unused Assets / (439.5 KB). Loaded Objects now: 5657.
Memory consumption went from 230.7 MB to 230.3 MB.
Total: 2.503400 ms (FindLiveObjects: 0.239000 ms CreateObjectMapping: 0.085700 ms MarkObjects: 1.791800 ms  DeleteObjects: 0.386300 ms)

Prepare: number of updated asset objects reloaded= 0
AssetImportParameters requested are different than current active one (requested -> active):
  custom:container-demuxer-ogg: 62fdf1f143b41e24485cea50d1cbac27 -> 
  custom:video-codec-MediaFoundation-h265: 746d11721c4dcdbdad8f713fa42b33f4 -> 
  custom:video-decoder-ogg-theora: a1e56fd34408186e4bbccfd4996cb3dc -> 
  custom:framework-win-MediaFoundation: 216162199b28c13a410421893ffa2e32 -> 
  custom:CustomObjectIndexerAttribute: 9a22284fe3817be447336de3de66b15e -> 
  custom:container-demuxer-webm: 4f35f7cbe854078d1ac9338744f61a02 -> 
  custom:container-muxer-webm: aa71ff27fc2769a1b78a27578f13a17b -> 
  custom:video-decoder-webm-vp8: 9c59270c3fd7afecdb556c50c9e8de78 -> 
  custom:SearchIndexIgnoredProperties: e643bd26f0fe6173181afceb89e7c659 -> 
  custom:AudioImporter_EditorPlatform: d09bf68614088b80899f8185d706f6e7 -> 
  custom:video-encoder-webm-vp8: eb34c28f22e8b96e1ab97ce403110664 -> 
  custom:audio-decoder-ogg-vorbis: bf7c407c2cedff20999df2af8eb42d56 -> 
  custom:audio-encoder-webm-vorbis: bf7c407c2cedff20999df2af8eb42d56 -> 
  custom:scripting/precompiled-assembly-types:Assembly-CSharp: 994d07ebed6be03f21977c704f9efe9c -> 5480967452b6f0b4b1dcfd5ec7e31075
========================================================================
Received Import Request.
  Time since last request: 334.795151 seconds.
  path: Assets/Prefab/Enemy/1,SlimePBR.prefab
  artifactKey: Guid(0434e5908ef8daf4b94386db57ff3c66) Importer(815301076,1909f56bfc062723c751e8b465ee728b)
Start importing Assets/Prefab/Enemy/1,SlimePBR.prefab using Guid(0434e5908ef8daf4b94386db57ff3c66) Importer(815301076,1909f56bfc062723c751e8b465ee728b) [PhysX] Initialized MultithreadedTaskDispatcher with 24 workers.
[PhysX] Initialized MultithreadedTaskDispatcher with 24 workers.
 -> (artifact id: '5e6adbdac359af07ab4316e4d4ab435f') in 0.075439 seconds
Number of updated asset objects reloaded before import = 0
Number of asset objects unloaded after import = 112
========================================================================
Received Import Request.
  Time since last request: 0.000024 seconds.
  path: Assets/Prefab/Enemy/2,TurtleShellPBR.prefab
  artifactKey: Guid(9fad1d332a5140a4cbdd3750a179a7c5) Importer(815301076,1909f56bfc062723c751e8b465ee728b)
Start importing Assets/Prefab/Enemy/2,TurtleShellPBR.prefab using Guid(9fad1d332a5140a4cbdd3750a179a7c5) Importer(815301076,1909f56bfc062723c751e8b465ee728b) [PhysX] Initialized MultithreadedTaskDispatcher with 24 workers.
[PhysX] Initialized MultithreadedTaskDispatcher with 24 workers.
 -> (artifact id: '633283e8acd39589f041b89dd492bbef') in 0.021773 seconds
Number of updated asset objects reloaded before import = 0
Number of asset objects unloaded after import = 158
========================================================================
Received Import Request.
  Time since last request: 19.736055 seconds.
  path: Assets/Prefab/Enemy/3,MushroomAngryPA.prefab
  artifactKey: Guid(ee58ff3e6ee3c7f4684b768db09be184) Importer(815301076,1909f56bfc062723c751e8b465ee728b)
Start importing Assets/Prefab/Enemy/3,MushroomAngryPA.prefab using Guid(ee58ff3e6ee3c7f4684b768db09be184) Importer(815301076,1909f56bfc062723c751e8b465ee728b) [PhysX] Initialized MultithreadedTaskDispatcher with 24 workers.
[PhysX] Initialized MultithreadedTaskDispatcher with 24 workers.
 -> (artifact id: '562a0def83e90a04223780b89b0773a7') in 0.040412 seconds
Number of updated asset objects reloaded before import = 0
Number of asset objects unloaded after import = 131
========================================================================
Received Import Request.
  Time since last request: 90.714029 seconds.
  path: Assets/Prefab/Enemy/1,SlimePBR.prefab
  artifactKey: Guid(0434e5908ef8daf4b94386db57ff3c66) Importer(815301076,1909f56bfc062723c751e8b465ee728b)
Start importing Assets/Prefab/Enemy/1,SlimePBR.prefab using Guid(0434e5908ef8daf4b94386db57ff3c66) Importer(815301076,1909f56bfc062723c751e8b465ee728b) [PhysX] Initialized MultithreadedTaskDispatcher with 24 workers.
[PhysX] Initialized MultithreadedTaskDispatcher with 24 workers.
 -> (artifact id: '653e1c63a562361a047eaf315a4d7212') in 0.021382 seconds
Number of updated asset objects reloaded before import = 0
Number of asset objects unloaded after import = 112
========================================================================
Received Prepare
Caller must complete domain reload
Begin MonoManager ReloadAssembly
- Loaded All Assemblies, in  0.288 seconds
Native extension for WindowsStandalone target not found
Mono: successfully reloaded assembly
- Finished resetting the current domain, in  0.740 seconds
Domain Reload Profiling: 1027ms
	BeginReloadAssembly (97ms)
		ExecutionOrderSort (0ms)
		DisableScriptedObjects (2ms)
		BackupInstance (0ms)
		ReleaseScriptingObjects (0ms)
		CreateAndSetChildDomain (22ms)
	RebuildCommonClasses (19ms)
	RebuildNativeTypeToScriptingClass (6ms)
	initialDomainReloadingComplete (17ms)
	LoadAllAssembliesAndSetupDomain (149ms)
		LoadAssemblies (178ms)
		RebuildTransferFunctionScriptingTraits (0ms)
		AnalyzeDomain (21ms)
			TypeCache.Refresh (7ms)
				TypeCache.ScanAssembly (0ms)
			ScanForSourceGeneratedMonoScriptInfo (8ms)
			ResolveRequiredComponents (4ms)
	FinalizeReload (740ms)
		ReleaseScriptCaches (0ms)
		RebuildScriptCaches (0ms)
		SetupLoadedEditorAssemblies (428ms)
			LogAssemblyErrors (0ms)
			InitializePlatformSupportModulesInManaged (4ms)
			SetLoadedEditorAssemblies (3ms)
			RefreshPlugins (0ms)
			BeforeProcessingInitializeOnLoad (50ms)
			ProcessInitializeOnLoadAttributes (327ms)
			ProcessInitializeOnLoadMethodAttributes (40ms)
			AfterProcessingInitializeOnLoad (4ms)
			EditorAssembliesLoaded (0ms)
		ExecutionOrderSort2 (0ms)
		AwakeInstancesAfterBackupRestoration (4ms)
Refreshing native plugins compatible for Editor in 2.61 ms, found 6 plugins.
Preloading 0 native plugins for Editor in 0.00 ms.
Unloading 5097 Unused Serialized files (Serialized files now loaded: 0)
Unloading 398 unused Assets / (441.2 KB). Loaded Objects now: 5661.
Memory consumption went from 230.5 MB to 230.1 MB.
Total: 2.397200 ms (FindLiveObjects: 0.237800 ms CreateObjectMapping: 0.086000 ms MarkObjects: 1.700500 ms  DeleteObjects: 0.372000 ms)

Prepare: number of updated asset objects reloaded= 0
AssetImportParameters requested are different than current active one (requested -> active):
  custom:container-demuxer-ogg: 62fdf1f143b41e24485cea50d1cbac27 -> 
  custom:video-codec-MediaFoundation-h265: 746d11721c4dcdbdad8f713fa42b33f4 -> 
  custom:video-decoder-ogg-theora: a1e56fd34408186e4bbccfd4996cb3dc -> 
  custom:framework-win-MediaFoundation: 216162199b28c13a410421893ffa2e32 -> 
  custom:CustomObjectIndexerAttribute: 9a22284fe3817be447336de3de66b15e -> 
  custom:container-demuxer-webm: 4f35f7cbe854078d1ac9338744f61a02 -> 
  custom:container-muxer-webm: aa71ff27fc2769a1b78a27578f13a17b -> 
  custom:video-decoder-webm-vp8: 9c59270c3fd7afecdb556c50c9e8de78 -> 
  custom:SearchIndexIgnoredProperties: e643bd26f0fe6173181afceb89e7c659 -> 
  custom:AudioImporter_EditorPlatform: d09bf68614088b80899f8185d706f6e7 -> 
  custom:video-encoder-webm-vp8: eb34c28f22e8b96e1ab97ce403110664 -> 
  custom:audio-decoder-ogg-vorbis: bf7c407c2cedff20999df2af8eb42d56 -> 
  custom:audio-encoder-webm-vorbis: bf7c407c2cedff20999df2af8eb42d56 -> 
  custom:scripting/precompiled-assembly-types:Assembly-CSharp: 994d07ebed6be03f21977c704f9efe9c -> 5480967452b6f0b4b1dcfd5ec7e31075
========================================================================
Received Import Request.
  Time since last request: 361.141358 seconds.
  path: Assets/Prefab/Enemy/3,MushroomAngryPA.prefab
  artifactKey: Guid(ee58ff3e6ee3c7f4684b768db09be184) Importer(815301076,1909f56bfc062723c751e8b465ee728b)
Start importing Assets/Prefab/Enemy/3,MushroomAngryPA.prefab using Guid(ee58ff3e6ee3c7f4684b768db09be184) Importer(815301076,1909f56bfc062723c751e8b465ee728b) [PhysX] Initialized MultithreadedTaskDispatcher with 24 workers.
[PhysX] Initialized MultithreadedTaskDispatcher with 24 workers.
 -> (artifact id: 'e9b037206e63f928bfd51e23369027fc') in 0.069704 seconds
Number of updated asset objects reloaded before import = 0
Number of asset objects unloaded after import = 131
========================================================================
Received Import Request.
  Time since last request: 0.952145 seconds.
  path: ProjectSettings/TagManager.asset
  artifactKey: Guid(00000000000000003000000000000000) Importer(815301076,1909f56bfc062723c751e8b465ee728b)
Start importing ProjectSettings/TagManager.asset using Guid(00000000000000003000000000000000) Importer(815301076,1909f56bfc062723c751e8b465ee728b) [PhysX] Initialized MultithreadedTaskDispatcher with 24 workers.
 -> (artifact id: '00422191d0c608fbf4aae638a715d847') in 0.000680 seconds
Number of updated asset objects reloaded before import = 0
Number of asset objects unloaded after import = 0
========================================================================
Received Prepare
Caller must complete domain reload
Begin MonoManager ReloadAssembly
- Loaded All Assemblies, in  0.262 seconds
Native extension for WindowsStandalone target not found
Mono: successfully reloaded assembly
- Finished resetting the current domain, in  0.775 seconds
Domain Reload Profiling: 1037ms
	BeginReloadAssembly (92ms)
		ExecutionOrderSort (0ms)
		DisableScriptedObjects (2ms)
		BackupInstance (0ms)
		ReleaseScriptingObjects (0ms)
		CreateAndSetChildDomain (21ms)
	RebuildCommonClasses (19ms)
	RebuildNativeTypeToScriptingClass (6ms)
	initialDomainReloadingComplete (16ms)
	LoadAllAssembliesAndSetupDomain (127ms)
		LoadAssemblies (163ms)
		RebuildTransferFunctionScriptingTraits (0ms)
		AnalyzeDomain (11ms)
			TypeCache.Refresh (6ms)
				TypeCache.ScanAssembly (0ms)
			ScanForSourceGeneratedMonoScriptInfo (0ms)
			ResolveRequiredComponents (4ms)
	FinalizeReload (776ms)
		ReleaseScriptCaches (0ms)
		RebuildScriptCaches (0ms)
		SetupLoadedEditorAssemblies (471ms)
			LogAssemblyErrors (0ms)
			InitializePlatformSupportModulesInManaged (4ms)
			SetLoadedEditorAssemblies (3ms)
			RefreshPlugins (0ms)
			BeforeProcessingInitializeOnLoad (45ms)
			ProcessInitializeOnLoadAttributes (367ms)
			ProcessInitializeOnLoadMethodAttributes (48ms)
			AfterProcessingInitializeOnLoad (4ms)
			EditorAssembliesLoaded (0ms)
		ExecutionOrderSort2 (0ms)
		AwakeInstancesAfterBackupRestoration (5ms)
Refreshing native plugins compatible for Editor in 4.00 ms, found 6 plugins.
Preloading 0 native plugins for Editor in 0.00 ms.
Unloading 5097 Unused Serialized files (Serialized files now loaded: 0)
Unloading 398 unused Assets / (442.3 KB). Loaded Objects now: 5665.
Memory consumption went from 230.5 MB to 230.1 MB.
Total: 2.736300 ms (FindLiveObjects: 0.250400 ms CreateObjectMapping: 0.100800 ms MarkObjects: 1.929900 ms  DeleteObjects: 0.454200 ms)

Prepare: number of updated asset objects reloaded= 0
AssetImportParameters requested are different than current active one (requested -> active):
  custom:container-demuxer-ogg: 62fdf1f143b41e24485cea50d1cbac27 -> 
  custom:video-codec-MediaFoundation-h265: 746d11721c4dcdbdad8f713fa42b33f4 -> 
  custom:video-decoder-ogg-theora: a1e56fd34408186e4bbccfd4996cb3dc -> 
  custom:framework-win-MediaFoundation: 216162199b28c13a410421893ffa2e32 -> 
  custom:CustomObjectIndexerAttribute: 9a22284fe3817be447336de3de66b15e -> 
  custom:container-demuxer-webm: 4f35f7cbe854078d1ac9338744f61a02 -> 
  custom:container-muxer-webm: aa71ff27fc2769a1b78a27578f13a17b -> 
  custom:video-decoder-webm-vp8: 9c59270c3fd7afecdb556c50c9e8de78 -> 
  custom:SearchIndexIgnoredProperties: e643bd26f0fe6173181afceb89e7c659 -> 
  custom:AudioImporter_EditorPlatform: d09bf68614088b80899f8185d706f6e7 -> 
  custom:video-encoder-webm-vp8: eb34c28f22e8b96e1ab97ce403110664 -> 
  custom:audio-decoder-ogg-vorbis: bf7c407c2cedff20999df2af8eb42d56 -> 
  custom:audio-encoder-webm-vorbis: bf7c407c2cedff20999df2af8eb42d56 -> 
  custom:scripting/precompiled-assembly-types:Assembly-CSharp: 994d07ebed6be03f21977c704f9efe9c -> 5480967452b6f0b4b1dcfd5ec7e31075
========================================================================
Received Import Request.
  Time since last request: 123.733008 seconds.
  path: Assets/Enemy1/Animators/Slime.controller
  artifactKey: Guid(9bbcf96c9a254c5ba654027c656d7b39) Importer(815301076,1909f56bfc062723c751e8b465ee728b)
Start importing Assets/Enemy1/Animators/Slime.controller using Guid(9bbcf96c9a254c5ba654027c656d7b39) Importer(815301076,1909f56bfc062723c751e8b465ee728b) [PhysX] Initialized MultithreadedTaskDispatcher with 24 workers.
 -> (artifact id: '43ed8e66f47619ce984398a147a30b80') in 0.012475 seconds
Number of updated asset objects reloaded before import = 0
Number of asset objects unloaded after import = 51
========================================================================
Received Import Request.
  Time since last request: 16.468067 seconds.
  path: Assets/Enemy1/Meshes/SlimeMesh.fbx
  artifactKey: Guid(6520c6d7889f4c72b416f07f34edd515) Importer(815301076,1909f56bfc062723c751e8b465ee728b)
Start importing Assets/Enemy1/Meshes/SlimeMesh.fbx using Guid(6520c6d7889f4c72b416f07f34edd515) Importer(815301076,1909f56bfc062723c751e8b465ee728b) [PhysX] Initialized MultithreadedTaskDispatcher with 24 workers.
[PhysX] Initialized MultithreadedTaskDispatcher with 24 workers.
[PhysX] Initialized MultithreadedTaskDispatcher with 24 workers.
[PhysX] Initialized MultithreadedTaskDispatcher with 24 workers.
 -> (artifact id: 'c3520456d792477d707f7176c49cb52f') in 0.067134 seconds
Number of updated asset objects reloaded before import = 0
Number of asset objects unloaded after import = 30
========================================================================
Received Import Request.
  Time since last request: 0.102368 seconds.
  path: Assets/Enemy1/Meshes/SlimePolyartMesh.fbx
  artifactKey: Guid(56fc0b4f7d154039a7099564596a545b) Importer(815301076,1909f56bfc062723c751e8b465ee728b)
Start importing Assets/Enemy1/Meshes/SlimePolyartMesh.fbx using Guid(56fc0b4f7d154039a7099564596a545b) Importer(815301076,1909f56bfc062723c751e8b465ee728b) [PhysX] Initialized MultithreadedTaskDispatcher with 24 workers.
[PhysX] Initialized MultithreadedTaskDispatcher with 24 workers.
[PhysX] Initialized MultithreadedTaskDispatcher with 24 workers.
[PhysX] Initialized MultithreadedTaskDispatcher with 24 workers.
 -> (artifact id: '9ed12b18d1384e656e042eec1e49a48c') in 0.014255 seconds
Number of updated asset objects reloaded before import = 0
Number of asset objects unloaded after import = 30
========================================================================
Received Import Request.
  Time since last request: 0.141340 seconds.
  path: Assets/Enemy1/Meshes/StageMesh.fbx
  artifactKey: Guid(b81abefeba724bd89c755de785efd017) Importer(815301076,1909f56bfc062723c751e8b465ee728b)
Start importing Assets/Enemy1/Meshes/StageMesh.fbx using Guid(b81abefeba724bd89c755de785efd017) Importer(815301076,1909f56bfc062723c751e8b465ee728b) [PhysX] Initialized MultithreadedTaskDispatcher with 24 workers.
[PhysX] Initialized MultithreadedTaskDispatcher with 24 workers.
[PhysX] Initialized MultithreadedTaskDispatcher with 24 workers.
 -> (artifact id: '26afb6b4730baab2fe843915bcc8dbba') in 0.011169 seconds
Number of updated asset objects reloaded before import = 0
Number of asset objects unloaded after import = 7
========================================================================
Received Import Request.
  Time since last request: 0.148389 seconds.
  path: Assets/Enemy1/Meshes/TurtleShellPolyartMesh.fbx
  artifactKey: Guid(942e6d5330e147fe84c5ab6ab2193ca1) Importer(815301076,1909f56bfc062723c751e8b465ee728b)
Start importing Assets/Enemy1/Meshes/TurtleShellPolyartMesh.fbx using Guid(942e6d5330e147fe84c5ab6ab2193ca1) Importer(815301076,1909f56bfc062723c751e8b465ee728b) [PhysX] Initialized MultithreadedTaskDispatcher with 24 workers.
[PhysX] Initialized MultithreadedTaskDispatcher with 24 workers.
[PhysX] Initialized MultithreadedTaskDispatcher with 24 workers.
[PhysX] Initialized MultithreadedTaskDispatcher with 24 workers.
 -> (artifact id: 'aa8b80c555141f05409edbfc8087a3a8') in 0.812408 seconds
Number of updated asset objects reloaded before import = 0
Number of asset objects unloaded after import = 70
========================================================================
Received Import Request.
  Time since last request: 2.370564 seconds.
  path: Assets/Enemy1/Animators/TurtleShell.controller
  artifactKey: Guid(1f68948a5bb74f2fa9e9087a872750e9) Importer(815301076,1909f56bfc062723c751e8b465ee728b)
Start importing Assets/Enemy1/Animators/TurtleShell.controller using Guid(1f68948a5bb74f2fa9e9087a872750e9) Importer(815301076,1909f56bfc062723c751e8b465ee728b) [PhysX] Initialized MultithreadedTaskDispatcher with 24 workers.
 -> (artifact id: 'cf5f99cfe1e00730be58d61494b05116') in 0.005590 seconds
Number of updated asset objects reloaded before import = 0
Number of asset objects unloaded after import = 57
========================================================================
Received Prepare
Refreshing native plugins compatible for Editor in 2.72 ms, found 6 plugins.
Preloading 0 native plugins for Editor in 0.00 ms.
Unloading 2 Unused Serialized files (Serialized files now loaded: 0)
Unloading 2 unused Assets / (290.7 KB). Loaded Objects now: 5670.
Memory consumption went from 99.8 MB to 99.5 MB.
Total: 2.958400 ms (FindLiveObjects: 0.249200 ms CreateObjectMapping: 0.088000 ms MarkObjects: 2.575200 ms  DeleteObjects: 0.045300 ms)

Prepare: number of updated asset objects reloaded= 0
AssetImportParameters requested are different than current active one (requested -> active):
  custom:container-demuxer-ogg: 62fdf1f143b41e24485cea50d1cbac27 -> 
  custom:video-codec-MediaFoundation-h265: 746d11721c4dcdbdad8f713fa42b33f4 -> 
  custom:video-decoder-ogg-theora: a1e56fd34408186e4bbccfd4996cb3dc -> 
  custom:framework-win-MediaFoundation: 216162199b28c13a410421893ffa2e32 -> 
  custom:CustomObjectIndexerAttribute: 9a22284fe3817be447336de3de66b15e -> 
  custom:container-demuxer-webm: 4f35f7cbe854078d1ac9338744f61a02 -> 
  custom:container-muxer-webm: aa71ff27fc2769a1b78a27578f13a17b -> 
  custom:video-decoder-webm-vp8: 9c59270c3fd7afecdb556c50c9e8de78 -> 
  custom:SearchIndexIgnoredProperties: e643bd26f0fe6173181afceb89e7c659 -> 
  custom:AudioImporter_EditorPlatform: d09bf68614088b80899f8185d706f6e7 -> 
  custom:video-encoder-webm-vp8: eb34c28f22e8b96e1ab97ce403110664 -> 
  custom:audio-decoder-ogg-vorbis: bf7c407c2cedff20999df2af8eb42d56 -> 
  custom:audio-encoder-webm-vorbis: bf7c407c2cedff20999df2af8eb42d56 -> 
  custom:scripting/precompiled-assembly-types:Assembly-CSharp: 373bbbfb0440f644ad3e5878f7c4eedc -> 5480967452b6f0b4b1dcfd5ec7e31075
========================================================================
Received Prepare
Caller must complete domain reload
Begin MonoManager ReloadAssembly
- Loaded All Assemblies, in  0.285 seconds
Native extension for WindowsStandalone target not found
Mono: successfully reloaded assembly
- Finished resetting the current domain, in  0.825 seconds
Domain Reload Profiling: 1109ms
	BeginReloadAssembly (97ms)
		ExecutionOrderSort (0ms)
		DisableScriptedObjects (2ms)
		BackupInstance (0ms)
		ReleaseScriptingObjects (0ms)
		CreateAndSetChildDomain (20ms)
	RebuildCommonClasses (20ms)
	RebuildNativeTypeToScriptingClass (6ms)
	initialDomainReloadingComplete (16ms)
	LoadAllAssembliesAndSetupDomain (145ms)
		LoadAssemblies (178ms)
		RebuildTransferFunctionScriptingTraits (0ms)
		AnalyzeDomain (20ms)
			TypeCache.Refresh (6ms)
				TypeCache.ScanAssembly (0ms)
			ScanForSourceGeneratedMonoScriptInfo (8ms)
			ResolveRequiredComponents (4ms)
	FinalizeReload (825ms)
		ReleaseScriptCaches (0ms)
		RebuildScriptCaches (0ms)
		SetupLoadedEditorAssemblies (476ms)
			LogAssemblyErrors (0ms)
			InitializePlatformSupportModulesInManaged (4ms)
			SetLoadedEditorAssemblies (3ms)
			RefreshPlugins (0ms)
			BeforeProcessingInitializeOnLoad (59ms)
			ProcessInitializeOnLoadAttributes (359ms)
			ProcessInitializeOnLoadMethodAttributes (47ms)
			AfterProcessingInitializeOnLoad (4ms)
			EditorAssembliesLoaded (0ms)
		ExecutionOrderSort2 (0ms)
		AwakeInstancesAfterBackupRestoration (5ms)
Refreshing native plugins compatible for Editor in 4.27 ms, found 6 plugins.
Preloading 0 native plugins for Editor in 0.00 ms.
Unloading 5097 Unused Serialized files (Serialized files now loaded: 0)
Unloading 397 unused Assets / (439.4 KB). Loaded Objects now: 5673.
Memory consumption went from 231.4 MB to 231.0 MB.
Total: 2.524100 ms (FindLiveObjects: 0.244900 ms CreateObjectMapping: 0.100600 ms MarkObjects: 1.806100 ms  DeleteObjects: 0.372000 ms)

Prepare: number of updated asset objects reloaded= 0
AssetImportParameters requested are different than current active one (requested -> active):
  custom:container-demuxer-ogg: 62fdf1f143b41e24485cea50d1cbac27 -> 
  custom:video-codec-MediaFoundation-h265: 746d11721c4dcdbdad8f713fa42b33f4 -> 
  custom:video-decoder-ogg-theora: a1e56fd34408186e4bbccfd4996cb3dc -> 
  custom:framework-win-MediaFoundation: 216162199b28c13a410421893ffa2e32 -> 
  custom:CustomObjectIndexerAttribute: 9a22284fe3817be447336de3de66b15e -> 
  custom:container-demuxer-webm: 4f35f7cbe854078d1ac9338744f61a02 -> 
  custom:container-muxer-webm: aa71ff27fc2769a1b78a27578f13a17b -> 
  custom:video-decoder-webm-vp8: 9c59270c3fd7afecdb556c50c9e8de78 -> 
  custom:SearchIndexIgnoredProperties: e643bd26f0fe6173181afceb89e7c659 -> 
  custom:AudioImporter_EditorPlatform: d09bf68614088b80899f8185d706f6e7 -> 
  custom:video-encoder-webm-vp8: eb34c28f22e8b96e1ab97ce403110664 -> 
  custom:audio-decoder-ogg-vorbis: bf7c407c2cedff20999df2af8eb42d56 -> 
  custom:audio-encoder-webm-vorbis: bf7c407c2cedff20999df2af8eb42d56 -> 
  custom:scripting/precompiled-assembly-types:Assembly-CSharp: 373bbbfb0440f644ad3e5878f7c4eedc -> 5480967452b6f0b4b1dcfd5ec7e31075
========================================================================
Received Prepare
Caller must complete domain reload
Begin MonoManager ReloadAssembly
- Loaded All Assemblies, in  0.275 seconds
Native extension for WindowsStandalone target not found
Mono: successfully reloaded assembly
- Finished resetting the current domain, in  0.732 seconds
Domain Reload Profiling: 1007ms
	BeginReloadAssembly (91ms)
		ExecutionOrderSort (0ms)
		DisableScriptedObjects (2ms)
		BackupInstance (0ms)
		ReleaseScriptingObjects (0ms)
		CreateAndSetChildDomain (19ms)
	RebuildCommonClasses (19ms)
	RebuildNativeTypeToScriptingClass (6ms)
	initialDomainReloadingComplete (16ms)
	LoadAllAssembliesAndSetupDomain (143ms)
		LoadAssemblies (168ms)
		RebuildTransferFunctionScriptingTraits (0ms)
		AnalyzeDomain (22ms)
			TypeCache.Refresh (8ms)
				TypeCache.ScanAssembly (0ms)
			ScanForSourceGeneratedMonoScriptInfo (8ms)
			ResolveRequiredComponents (4ms)
	FinalizeReload (732ms)
		ReleaseScriptCaches (0ms)
		RebuildScriptCaches (0ms)
		SetupLoadedEditorAssemblies (430ms)
			LogAssemblyErrors (0ms)
			InitializePlatformSupportModulesInManaged (5ms)
			SetLoadedEditorAssemblies (3ms)
			RefreshPlugins (0ms)
			BeforeProcessingInitializeOnLoad (53ms)
			ProcessInitializeOnLoadAttributes (329ms)
			ProcessInitializeOnLoadMethodAttributes (38ms)
			AfterProcessingInitializeOnLoad (3ms)
			EditorAssembliesLoaded (0ms)
		ExecutionOrderSort2 (0ms)
		AwakeInstancesAfterBackupRestoration (4ms)
Refreshing native plugins compatible for Editor in 2.86 ms, found 6 plugins.
Preloading 0 native plugins for Editor in 0.00 ms.
Unloading 5097 Unused Serialized files (Serialized files now loaded: 0)
Unloading 397 unused Assets / (434.0 KB). Loaded Objects now: 5677.
Memory consumption went from 231.4 MB to 231.0 MB.
Total: 2.371900 ms (FindLiveObjects: 0.235600 ms CreateObjectMapping: 0.085400 ms MarkObjects: 1.680300 ms  DeleteObjects: 0.369800 ms)

Prepare: number of updated asset objects reloaded= 0
AssetImportParameters requested are different than current active one (requested -> active):
  custom:container-demuxer-ogg: 62fdf1f143b41e24485cea50d1cbac27 -> 
  custom:video-codec-MediaFoundation-h265: 746d11721c4dcdbdad8f713fa42b33f4 -> 
  custom:video-decoder-ogg-theora: a1e56fd34408186e4bbccfd4996cb3dc -> 
  custom:framework-win-MediaFoundation: 216162199b28c13a410421893ffa2e32 -> 
  custom:CustomObjectIndexerAttribute: 9a22284fe3817be447336de3de66b15e -> 
  custom:container-demuxer-webm: 4f35f7cbe854078d1ac9338744f61a02 -> 
  custom:container-muxer-webm: aa71ff27fc2769a1b78a27578f13a17b -> 
  custom:video-decoder-webm-vp8: 9c59270c3fd7afecdb556c50c9e8de78 -> 
  custom:SearchIndexIgnoredProperties: e643bd26f0fe6173181afceb89e7c659 -> 
  custom:AudioImporter_EditorPlatform: d09bf68614088b80899f8185d706f6e7 -> 
  custom:video-encoder-webm-vp8: eb34c28f22e8b96e1ab97ce403110664 -> 
  custom:audio-decoder-ogg-vorbis: bf7c407c2cedff20999df2af8eb42d56 -> 
  custom:audio-encoder-webm-vorbis: bf7c407c2cedff20999df2af8eb42d56 -> 
  custom:scripting/precompiled-assembly-types:Assembly-CSharp: dbfcea57dbfcd71d7c292019712bc5f4 -> 5480967452b6f0b4b1dcfd5ec7e31075
========================================================================
Received Prepare
Caller must complete domain reload
Begin MonoManager ReloadAssembly
- Loaded All Assemblies, in  0.268 seconds
Native extension for WindowsStandalone target not found
Mono: successfully reloaded assembly
- Finished resetting the current domain, in  0.811 seconds
Domain Reload Profiling: 1078ms
	BeginReloadAssembly (100ms)
		ExecutionOrderSort (0ms)
		DisableScriptedObjects (2ms)
		BackupInstance (0ms)
		ReleaseScriptingObjects (0ms)
		CreateAndSetChildDomain (19ms)
	RebuildCommonClasses (19ms)
	RebuildNativeTypeToScriptingClass (6ms)
	initialDomainReloadingComplete (16ms)
	LoadAllAssembliesAndSetupDomain (126ms)
		LoadAssemblies (172ms)
		RebuildTransferFunctionScriptingTraits (0ms)
		AnalyzeDomain (11ms)
			TypeCache.Refresh (5ms)
				TypeCache.ScanAssembly (0ms)
			ScanForSourceGeneratedMonoScriptInfo (0ms)
			ResolveRequiredComponents (4ms)
	FinalizeReload (811ms)
		ReleaseScriptCaches (0ms)
		RebuildScriptCaches (0ms)
		SetupLoadedEditorAssemblies (485ms)
			LogAssemblyErrors (0ms)
			InitializePlatformSupportModulesInManaged (5ms)
			SetLoadedEditorAssemblies (3ms)
			RefreshPlugins (0ms)
			BeforeProcessingInitializeOnLoad (53ms)
			ProcessInitializeOnLoadAttributes (373ms)
			ProcessInitializeOnLoadMethodAttributes (46ms)
			AfterProcessingInitializeOnLoad (4ms)
			EditorAssembliesLoaded (0ms)
		ExecutionOrderSort2 (0ms)
		AwakeInstancesAfterBackupRestoration (5ms)
Refreshing native plugins compatible for Editor in 4.04 ms, found 6 plugins.
Preloading 0 native plugins for Editor in 0.00 ms.
Unloading 5097 Unused Serialized files (Serialized files now loaded: 0)
Unloading 397 unused Assets / (442.3 KB). Loaded Objects now: 5681.
Memory consumption went from 231.4 MB to 231.0 MB.
Total: 2.455800 ms (FindLiveObjects: 0.248100 ms CreateObjectMapping: 0.113400 ms MarkObjects: 1.709900 ms  DeleteObjects: 0.383800 ms)

Prepare: number of updated asset objects reloaded= 0
AssetImportParameters requested are different than current active one (requested -> active):
  custom:container-demuxer-ogg: 62fdf1f143b41e24485cea50d1cbac27 -> 
  custom:video-codec-MediaFoundation-h265: 746d11721c4dcdbdad8f713fa42b33f4 -> 
  custom:video-decoder-ogg-theora: a1e56fd34408186e4bbccfd4996cb3dc -> 
  custom:framework-win-MediaFoundation: 216162199b28c13a410421893ffa2e32 -> 
  custom:CustomObjectIndexerAttribute: 9a22284fe3817be447336de3de66b15e -> 
  custom:container-demuxer-webm: 4f35f7cbe854078d1ac9338744f61a02 -> 
  custom:container-muxer-webm: aa71ff27fc2769a1b78a27578f13a17b -> 
  custom:video-decoder-webm-vp8: 9c59270c3fd7afecdb556c50c9e8de78 -> 
  custom:SearchIndexIgnoredProperties: e643bd26f0fe6173181afceb89e7c659 -> 
  custom:AudioImporter_EditorPlatform: d09bf68614088b80899f8185d706f6e7 -> 
  custom:video-encoder-webm-vp8: eb34c28f22e8b96e1ab97ce403110664 -> 
  custom:audio-decoder-ogg-vorbis: bf7c407c2cedff20999df2af8eb42d56 -> 
  custom:audio-encoder-webm-vorbis: bf7c407c2cedff20999df2af8eb42d56 -> 
  custom:scripting/precompiled-assembly-types:Assembly-CSharp: dbfcea57dbfcd71d7c292019712bc5f4 -> 5480967452b6f0b4b1dcfd5ec7e31075
========================================================================
Received Prepare
Caller must complete domain reload
Begin MonoManager ReloadAssembly
- Loaded All Assemblies, in  0.264 seconds
Native extension for WindowsStandalone target not found
Mono: successfully reloaded assembly
- Finished resetting the current domain, in  0.722 seconds
Domain Reload Profiling: 986ms
	BeginReloadAssembly (90ms)
		ExecutionOrderSort (0ms)
		DisableScriptedObjects (3ms)
		BackupInstance (0ms)
		ReleaseScriptingObjects (0ms)
		CreateAndSetChildDomain (20ms)
	RebuildCommonClasses (19ms)
	RebuildNativeTypeToScriptingClass (7ms)
	initialDomainReloadingComplete (17ms)
	LoadAllAssembliesAndSetupDomain (130ms)
		LoadAssemblies (156ms)
		RebuildTransferFunctionScriptingTraits (0ms)
		AnalyzeDomain (20ms)
			TypeCache.Refresh (7ms)
				TypeCache.ScanAssembly (0ms)
			ScanForSourceGeneratedMonoScriptInfo (8ms)
			ResolveRequiredComponents (4ms)
	FinalizeReload (723ms)
		ReleaseScriptCaches (0ms)
		RebuildScriptCaches (0ms)
		SetupLoadedEditorAssemblies (434ms)
			LogAssemblyErrors (0ms)
			InitializePlatformSupportModulesInManaged (4ms)
			SetLoadedEditorAssemblies (3ms)
			RefreshPlugins (0ms)
			BeforeProcessingInitializeOnLoad (50ms)
			ProcessInitializeOnLoadAttributes (334ms)
			ProcessInitializeOnLoadMethodAttributes (39ms)
			AfterProcessingInitializeOnLoad (3ms)
			EditorAssembliesLoaded (0ms)
		ExecutionOrderSort2 (0ms)
		AwakeInstancesAfterBackupRestoration (4ms)
Refreshing native plugins compatible for Editor in 2.86 ms, found 6 plugins.
Preloading 0 native plugins for Editor in 0.00 ms.
Unloading 5097 Unused Serialized files (Serialized files now loaded: 0)
Unloading 397 unused Assets / (440.8 KB). Loaded Objects now: 5685.
Memory consumption went from 231.4 MB to 231.0 MB.
Total: 2.423500 ms (FindLiveObjects: 0.244300 ms CreateObjectMapping: 0.089600 ms MarkObjects: 1.711100 ms  DeleteObjects: 0.377900 ms)

Prepare: number of updated asset objects reloaded= 0
AssetImportParameters requested are different than current active one (requested -> active):
  custom:container-demuxer-ogg: 62fdf1f143b41e24485cea50d1cbac27 -> 
  custom:video-codec-MediaFoundation-h265: 746d11721c4dcdbdad8f713fa42b33f4 -> 
  custom:video-decoder-ogg-theora: a1e56fd34408186e4bbccfd4996cb3dc -> 
  custom:framework-win-MediaFoundation: 216162199b28c13a410421893ffa2e32 -> 
  custom:CustomObjectIndexerAttribute: 9a22284fe3817be447336de3de66b15e -> 
  custom:container-demuxer-webm: 4f35f7cbe854078d1ac9338744f61a02 -> 
  custom:container-muxer-webm: aa71ff27fc2769a1b78a27578f13a17b -> 
  custom:video-decoder-webm-vp8: 9c59270c3fd7afecdb556c50c9e8de78 -> 
  custom:SearchIndexIgnoredProperties: e643bd26f0fe6173181afceb89e7c659 -> 
  custom:AudioImporter_EditorPlatform: d09bf68614088b80899f8185d706f6e7 -> 
  custom:video-encoder-webm-vp8: eb34c28f22e8b96e1ab97ce403110664 -> 
  custom:audio-decoder-ogg-vorbis: bf7c407c2cedff20999df2af8eb42d56 -> 
  custom:audio-encoder-webm-vorbis: bf7c407c2cedff20999df2af8eb42d56 -> 
  custom:scripting/precompiled-assembly-types:Assembly-CSharp: dbfcea57dbfcd71d7c292019712bc5f4 -> 5480967452b6f0b4b1dcfd5ec7e31075
========================================================================
Received Prepare
Caller must complete domain reload
Begin MonoManager ReloadAssembly
- Loaded All Assemblies, in  0.260 seconds
Native extension for WindowsStandalone target not found
Mono: successfully reloaded assembly
- Finished resetting the current domain, in  0.744 seconds
Domain Reload Profiling: 1004ms
	BeginReloadAssembly (92ms)
		ExecutionOrderSort (0ms)
		DisableScriptedObjects (2ms)
		BackupInstance (0ms)
		ReleaseScriptingObjects (0ms)
		CreateAndSetChildDomain (18ms)
	RebuildCommonClasses (19ms)
	RebuildNativeTypeToScriptingClass (7ms)
	initialDomainReloadingComplete (17ms)
	LoadAllAssembliesAndSetupDomain (125ms)
		LoadAssemblies (160ms)
		RebuildTransferFunctionScriptingTraits (0ms)
		AnalyzeDomain (11ms)
			TypeCache.Refresh (6ms)
				TypeCache.ScanAssembly (0ms)
			ScanForSourceGeneratedMonoScriptInfo (0ms)
			ResolveRequiredComponents (4ms)
	FinalizeReload (745ms)
		ReleaseScriptCaches (0ms)
		RebuildScriptCaches (0ms)
		SetupLoadedEditorAssemblies (449ms)
			LogAssemblyErrors (0ms)
			InitializePlatformSupportModulesInManaged (4ms)
			SetLoadedEditorAssemblies (3ms)
			RefreshPlugins (0ms)
			BeforeProcessingInitializeOnLoad (50ms)
			ProcessInitializeOnLoadAttributes (343ms)
			ProcessInitializeOnLoadMethodAttributes (45ms)
			AfterProcessingInitializeOnLoad (4ms)
			EditorAssembliesLoaded (0ms)
		ExecutionOrderSort2 (0ms)
		AwakeInstancesAfterBackupRestoration (6ms)
Refreshing native plugins compatible for Editor in 4.01 ms, found 6 plugins.
Preloading 0 native plugins for Editor in 0.00 ms.
Unloading 5097 Unused Serialized files (Serialized files now loaded: 0)
Unloading 397 unused Assets / (438.3 KB). Loaded Objects now: 5689.
Memory consumption went from 231.4 MB to 231.0 MB.
Total: 2.761200 ms (FindLiveObjects: 0.244400 ms CreateObjectMapping: 0.090200 ms MarkObjects: 1.953400 ms  DeleteObjects: 0.472600 ms)

Prepare: number of updated asset objects reloaded= 0
AssetImportParameters requested are different than current active one (requested -> active):
  custom:container-demuxer-ogg: 62fdf1f143b41e24485cea50d1cbac27 -> 
  custom:video-codec-MediaFoundation-h265: 746d11721c4dcdbdad8f713fa42b33f4 -> 
  custom:video-decoder-ogg-theora: a1e56fd34408186e4bbccfd4996cb3dc -> 
  custom:framework-win-MediaFoundation: 216162199b28c13a410421893ffa2e32 -> 
  custom:CustomObjectIndexerAttribute: 9a22284fe3817be447336de3de66b15e -> 
  custom:container-demuxer-webm: 4f35f7cbe854078d1ac9338744f61a02 -> 
  custom:container-muxer-webm: aa71ff27fc2769a1b78a27578f13a17b -> 
  custom:video-decoder-webm-vp8: 9c59270c3fd7afecdb556c50c9e8de78 -> 
  custom:SearchIndexIgnoredProperties: e643bd26f0fe6173181afceb89e7c659 -> 
  custom:AudioImporter_EditorPlatform: d09bf68614088b80899f8185d706f6e7 -> 
  custom:video-encoder-webm-vp8: eb34c28f22e8b96e1ab97ce403110664 -> 
  custom:audio-decoder-ogg-vorbis: bf7c407c2cedff20999df2af8eb42d56 -> 
  custom:audio-encoder-webm-vorbis: bf7c407c2cedff20999df2af8eb42d56 -> 
  custom:scripting/precompiled-assembly-types:Assembly-CSharp: dbfcea57dbfcd71d7c292019712bc5f4 -> 5480967452b6f0b4b1dcfd5ec7e31075
========================================================================
Received Prepare
Caller must complete domain reload
Begin MonoManager ReloadAssembly
- Loaded All Assemblies, in  0.265 seconds
Native extension for WindowsStandalone target not found
Mono: successfully reloaded assembly
- Finished resetting the current domain, in  0.796 seconds
Domain Reload Profiling: 1061ms
	BeginReloadAssembly (90ms)
		ExecutionOrderSort (0ms)
		DisableScriptedObjects (3ms)
		BackupInstance (0ms)
		ReleaseScriptingObjects (0ms)
		CreateAndSetChildDomain (18ms)
	RebuildCommonClasses (19ms)
	RebuildNativeTypeToScriptingClass (7ms)
	initialDomainReloadingComplete (17ms)
	LoadAllAssembliesAndSetupDomain (131ms)
		LoadAssemblies (165ms)
		RebuildTransferFunctionScriptingTraits (0ms)
		AnalyzeDomain (11ms)
			TypeCache.Refresh (5ms)
				TypeCache.ScanAssembly (0ms)
			ScanForSourceGeneratedMonoScriptInfo (0ms)
			ResolveRequiredComponents (4ms)
	FinalizeReload (797ms)
		ReleaseScriptCaches (0ms)
		RebuildScriptCaches (0ms)
		SetupLoadedEditorAssemblies (459ms)
			LogAssemblyErrors (0ms)
			InitializePlatformSupportModulesInManaged (4ms)
			SetLoadedEditorAssemblies (3ms)
			RefreshPlugins (0ms)
			BeforeProcessingInitializeOnLoad (53ms)
			ProcessInitializeOnLoadAttributes (346ms)
			ProcessInitializeOnLoadMethodAttributes (48ms)
			AfterProcessingInitializeOnLoad (4ms)
			EditorAssembliesLoaded (0ms)
		ExecutionOrderSort2 (0ms)
		AwakeInstancesAfterBackupRestoration (5ms)
Refreshing native plugins compatible for Editor in 3.43 ms, found 6 plugins.
Preloading 0 native plugins for Editor in 0.00 ms.
Unloading 5097 Unused Serialized files (Serialized files now loaded: 0)
Unloading 397 unused Assets / (435.2 KB). Loaded Objects now: 5693.
Memory consumption went from 231.4 MB to 231.0 MB.
Total: 2.372200 ms (FindLiveObjects: 0.246000 ms CreateObjectMapping: 0.092700 ms MarkObjects: 1.667100 ms  DeleteObjects: 0.365700 ms)

Prepare: number of updated asset objects reloaded= 0
AssetImportParameters requested are different than current active one (requested -> active):
  custom:container-demuxer-ogg: 62fdf1f143b41e24485cea50d1cbac27 -> 
  custom:video-codec-MediaFoundation-h265: 746d11721c4dcdbdad8f713fa42b33f4 -> 
  custom:video-decoder-ogg-theora: a1e56fd34408186e4bbccfd4996cb3dc -> 
  custom:framework-win-MediaFoundation: 216162199b28c13a410421893ffa2e32 -> 
  custom:CustomObjectIndexerAttribute: 9a22284fe3817be447336de3de66b15e -> 
  custom:container-demuxer-webm: 4f35f7cbe854078d1ac9338744f61a02 -> 
  custom:container-muxer-webm: aa71ff27fc2769a1b78a27578f13a17b -> 
  custom:video-decoder-webm-vp8: 9c59270c3fd7afecdb556c50c9e8de78 -> 
  custom:SearchIndexIgnoredProperties: e643bd26f0fe6173181afceb89e7c659 -> 
  custom:AudioImporter_EditorPlatform: d09bf68614088b80899f8185d706f6e7 -> 
  custom:video-encoder-webm-vp8: eb34c28f22e8b96e1ab97ce403110664 -> 
  custom:audio-decoder-ogg-vorbis: bf7c407c2cedff20999df2af8eb42d56 -> 
  custom:audio-encoder-webm-vorbis: bf7c407c2cedff20999df2af8eb42d56 -> 
  custom:scripting/precompiled-assembly-types:Assembly-CSharp: dbfcea57dbfcd71d7c292019712bc5f4 -> 5480967452b6f0b4b1dcfd5ec7e31075
========================================================================
Received Prepare
Caller must complete domain reload
Begin MonoManager ReloadAssembly
- Loaded All Assemblies, in  0.250 seconds
Native extension for WindowsStandalone target not found
Mono: successfully reloaded assembly
- Finished resetting the current domain, in  0.916 seconds
Domain Reload Profiling: 1165ms
	BeginReloadAssembly (90ms)
		ExecutionOrderSort (0ms)
		DisableScriptedObjects (3ms)
		BackupInstance (0ms)
		ReleaseScriptingObjects (0ms)
		CreateAndSetChildDomain (19ms)
	RebuildCommonClasses (19ms)
	RebuildNativeTypeToScriptingClass (6ms)
	initialDomainReloadingComplete (16ms)
	LoadAllAssembliesAndSetupDomain (117ms)
		LoadAssemblies (153ms)
		RebuildTransferFunctionScriptingTraits (0ms)
		AnalyzeDomain (10ms)
			TypeCache.Refresh (5ms)
				TypeCache.ScanAssembly (0ms)
			ScanForSourceGeneratedMonoScriptInfo (0ms)
			ResolveRequiredComponents (4ms)
	FinalizeReload (916ms)
		ReleaseScriptCaches (0ms)
		RebuildScriptCaches (0ms)
		SetupLoadedEditorAssemblies (599ms)
			LogAssemblyErrors (0ms)
			InitializePlatformSupportModulesInManaged (5ms)
			SetLoadedEditorAssemblies (3ms)
			RefreshPlugins (0ms)
			BeforeProcessingInitializeOnLoad (56ms)
			ProcessInitializeOnLoadAttributes (469ms)
			ProcessInitializeOnLoadMethodAttributes (61ms)
			AfterProcessingInitializeOnLoad (6ms)
			EditorAssembliesLoaded (0ms)
		ExecutionOrderSort2 (0ms)
		AwakeInstancesAfterBackupRestoration (7ms)
Refreshing native plugins compatible for Editor in 5.62 ms, found 6 plugins.
Preloading 0 native plugins for Editor in 0.00 ms.
Unloading 5097 Unused Serialized files (Serialized files now loaded: 0)
Unloading 397 unused Assets / (433.8 KB). Loaded Objects now: 5697.
Memory consumption went from 231.4 MB to 231.0 MB.
Total: 3.343500 ms (FindLiveObjects: 0.331600 ms CreateObjectMapping: 0.161300 ms MarkObjects: 2.362600 ms  DeleteObjects: 0.487400 ms)

Prepare: number of updated asset objects reloaded= 0
AssetImportParameters requested are different than current active one (requested -> active):
  custom:container-demuxer-ogg: 62fdf1f143b41e24485cea50d1cbac27 -> 
  custom:video-codec-MediaFoundation-h265: 746d11721c4dcdbdad8f713fa42b33f4 -> 
  custom:video-decoder-ogg-theora: a1e56fd34408186e4bbccfd4996cb3dc -> 
  custom:framework-win-MediaFoundation: 216162199b28c13a410421893ffa2e32 -> 
  custom:CustomObjectIndexerAttribute: 9a22284fe3817be447336de3de66b15e -> 
  custom:container-demuxer-webm: 4f35f7cbe854078d1ac9338744f61a02 -> 
  custom:container-muxer-webm: aa71ff27fc2769a1b78a27578f13a17b -> 
  custom:video-decoder-webm-vp8: 9c59270c3fd7afecdb556c50c9e8de78 -> 
  custom:SearchIndexIgnoredProperties: e643bd26f0fe6173181afceb89e7c659 -> 
  custom:AudioImporter_EditorPlatform: d09bf68614088b80899f8185d706f6e7 -> 
  custom:video-encoder-webm-vp8: eb34c28f22e8b96e1ab97ce403110664 -> 
  custom:audio-decoder-ogg-vorbis: bf7c407c2cedff20999df2af8eb42d56 -> 
  custom:audio-encoder-webm-vorbis: bf7c407c2cedff20999df2af8eb42d56 -> 
  custom:scripting/precompiled-assembly-types:Assembly-CSharp: dbfcea57dbfcd71d7c292019712bc5f4 -> 5480967452b6f0b4b1dcfd5ec7e31075
========================================================================
Received Prepare
Caller must complete domain reload
Begin MonoManager ReloadAssembly
- Loaded All Assemblies, in  0.264 seconds
Native extension for WindowsStandalone target not found
Mono: successfully reloaded assembly
- Finished resetting the current domain, in  0.723 seconds
Domain Reload Profiling: 986ms
	BeginReloadAssembly (93ms)
		ExecutionOrderSort (0ms)
		DisableScriptedObjects (3ms)
		BackupInstance (0ms)
		ReleaseScriptingObjects (0ms)
		CreateAndSetChildDomain (22ms)
	RebuildCommonClasses (23ms)
	RebuildNativeTypeToScriptingClass (6ms)
	initialDomainReloadingComplete (16ms)
	LoadAllAssembliesAndSetupDomain (123ms)
		LoadAssemblies (159ms)
		RebuildTransferFunctionScriptingTraits (0ms)
		AnalyzeDomain (11ms)
			TypeCache.Refresh (5ms)
				TypeCache.ScanAssembly (0ms)
			ScanForSourceGeneratedMonoScriptInfo (0ms)
			ResolveRequiredComponents (4ms)
	FinalizeReload (724ms)
		ReleaseScriptCaches (0ms)
		RebuildScriptCaches (0ms)
		SetupLoadedEditorAssemblies (433ms)
			LogAssemblyErrors (0ms)
			InitializePlatformSupportModulesInManaged (4ms)
			SetLoadedEditorAssemblies (2ms)
			RefreshPlugins (0ms)
			BeforeProcessingInitializeOnLoad (45ms)
			ProcessInitializeOnLoadAttributes (325ms)
			ProcessInitializeOnLoadMethodAttributes (52ms)
			AfterProcessingInitializeOnLoad (4ms)
			EditorAssembliesLoaded (0ms)
		ExecutionOrderSort2 (0ms)
		AwakeInstancesAfterBackupRestoration (5ms)
Refreshing native plugins compatible for Editor in 3.86 ms, found 6 plugins.
Preloading 0 native plugins for Editor in 0.00 ms.
Unloading 5097 Unused Serialized files (Serialized files now loaded: 0)
Unloading 397 unused Assets / (440.8 KB). Loaded Objects now: 5701.
Memory consumption went from 231.4 MB to 231.0 MB.
Total: 2.643400 ms (FindLiveObjects: 0.304200 ms CreateObjectMapping: 0.161000 ms MarkObjects: 1.743900 ms  DeleteObjects: 0.433600 ms)

Prepare: number of updated asset objects reloaded= 0
AssetImportParameters requested are different than current active one (requested -> active):
  custom:container-demuxer-ogg: 62fdf1f143b41e24485cea50d1cbac27 -> 
  custom:video-codec-MediaFoundation-h265: 746d11721c4dcdbdad8f713fa42b33f4 -> 
  custom:video-decoder-ogg-theora: a1e56fd34408186e4bbccfd4996cb3dc -> 
  custom:framework-win-MediaFoundation: 216162199b28c13a410421893ffa2e32 -> 
  custom:CustomObjectIndexerAttribute: 9a22284fe3817be447336de3de66b15e -> 
  custom:container-demuxer-webm: 4f35f7cbe854078d1ac9338744f61a02 -> 
  custom:container-muxer-webm: aa71ff27fc2769a1b78a27578f13a17b -> 
  custom:video-decoder-webm-vp8: 9c59270c3fd7afecdb556c50c9e8de78 -> 
  custom:SearchIndexIgnoredProperties: e643bd26f0fe6173181afceb89e7c659 -> 
  custom:AudioImporter_EditorPlatform: d09bf68614088b80899f8185d706f6e7 -> 
  custom:video-encoder-webm-vp8: eb34c28f22e8b96e1ab97ce403110664 -> 
  custom:audio-decoder-ogg-vorbis: bf7c407c2cedff20999df2af8eb42d56 -> 
  custom:audio-encoder-webm-vorbis: bf7c407c2cedff20999df2af8eb42d56 -> 
  custom:scripting/precompiled-assembly-types:Assembly-CSharp: dbfcea57dbfcd71d7c292019712bc5f4 -> 5480967452b6f0b4b1dcfd5ec7e31075
========================================================================
Received Import Request.
  Time since last request: 864.577706 seconds.
  path: Assets/Scenes/StageScene/Stage1.unity
  artifactKey: Guid(9eb3d3406fabb5b408a4f80927c3710d) Importer(815301076,1909f56bfc062723c751e8b465ee728b)
Start importing Assets/Scenes/StageScene/Stage1.unity using Guid(9eb3d3406fabb5b408a4f80927c3710d) Importer(815301076,1909f56bfc062723c751e8b465ee728b) [PhysX] Initialized MultithreadedTaskDispatcher with 24 workers.
 -> (artifact id: 'd28fe73f9cf02c1a293e580d19f7db1c') in 0.008103 seconds
Number of updated asset objects reloaded before import = 0
Number of asset objects unloaded after import = 0
========================================================================
Received Import Request.
  Time since last request: 280.855714 seconds.
  path: Assets/Prefab/Enemy/1,SlimePBR.prefab
  artifactKey: Guid(0434e5908ef8daf4b94386db57ff3c66) Importer(815301076,1909f56bfc062723c751e8b465ee728b)
Start importing Assets/Prefab/Enemy/1,SlimePBR.prefab using Guid(0434e5908ef8daf4b94386db57ff3c66) Importer(815301076,1909f56bfc062723c751e8b465ee728b) [PhysX] Initialized MultithreadedTaskDispatcher with 24 workers.
[PhysX] Initialized MultithreadedTaskDispatcher with 24 workers.
 -> (artifact id: '872c18d2d7cc96a33c726ebd2061b73d') in 0.262782 seconds
Number of updated asset objects reloaded before import = 0
Number of asset objects unloaded after import = 112
========================================================================
Received Import Request.
  Time since last request: 0.000015 seconds.
  path: Assets/Prefab/Enemy/3,MushroomAngryPA.prefab
  artifactKey: Guid(ee58ff3e6ee3c7f4684b768db09be184) Importer(815301076,1909f56bfc062723c751e8b465ee728b)
Start importing Assets/Prefab/Enemy/3,MushroomAngryPA.prefab using Guid(ee58ff3e6ee3c7f4684b768db09be184) Importer(815301076,1909f56bfc062723c751e8b465ee728b) [PhysX] Initialized MultithreadedTaskDispatcher with 24 workers.
[PhysX] Initialized MultithreadedTaskDispatcher with 24 workers.
 -> (artifact id: '5709ece1ed1da840ebd25884de6f6cf5') in 0.058247 seconds
Number of updated asset objects reloaded before import = 0
Number of asset objects unloaded after import = 131
========================================================================
Received Import Request.
  Time since last request: 13.410615 seconds.
  path: Assets/Prefab/Enemy/1,SlimePBR 1.prefab
  artifactKey: Guid(f7d4f7710deddfe418bf2bd0bfce3086) Importer(815301076,1909f56bfc062723c751e8b465ee728b)
Start importing Assets/Prefab/Enemy/1,SlimePBR 1.prefab using Guid(f7d4f7710deddfe418bf2bd0bfce3086) Importer(815301076,1909f56bfc062723c751e8b465ee728b) [PhysX] Initialized MultithreadedTaskDispatcher with 24 workers.
[PhysX] Initialized MultithreadedTaskDispatcher with 24 workers.
 -> (artifact id: 'b2381428f08e106d3ac15c432ce17cc1') in 0.068653 seconds
Number of updated asset objects reloaded before import = 0
Number of asset objects unloaded after import = 112
========================================================================
Received Import Request.
  Time since last request: 12.661635 seconds.
  path: Assets/Prefab/Enemy/1,KINGSlimePBR 1.prefab
  artifactKey: Guid(f7d4f7710deddfe418bf2bd0bfce3086) Importer(815301076,1909f56bfc062723c751e8b465ee728b)
Start importing Assets/Prefab/Enemy/1,KINGSlimePBR 1.prefab using Guid(f7d4f7710deddfe418bf2bd0bfce3086) Importer(815301076,1909f56bfc062723c751e8b465ee728b) [PhysX] Initialized MultithreadedTaskDispatcher with 24 workers.
[PhysX] Initialized MultithreadedTaskDispatcher with 24 workers.
 -> (artifact id: 'e0c8b7612bb6dc172aee730ec289bf8f') in 0.051665 seconds
Number of updated asset objects reloaded before import = 0
Number of asset objects unloaded after import = 112
========================================================================
Received Import Request.
  Time since last request: 33.757447 seconds.
  path: Assets/Prefab/New Folder
  artifactKey: Guid(2cfec577d187d5c4a95fdc4fe5c2a9ed) Importer(815301076,1909f56bfc062723c751e8b465ee728b)
Start importing Assets/Prefab/New Folder using Guid(2cfec577d187d5c4a95fdc4fe5c2a9ed) Importer(815301076,1909f56bfc062723c751e8b465ee728b) [PhysX] Initialized MultithreadedTaskDispatcher with 24 workers.
 -> (artifact id: '6e6a59bc7d176fe83f83357845b03c78') in 0.000523 seconds
Number of updated asset objects reloaded before import = 0
Number of asset objects unloaded after import = 0
========================================================================
Received Import Request.
  Time since last request: 10.337600 seconds.
  path: Assets/Prefab/EnemyBoss
  artifactKey: Guid(2cfec577d187d5c4a95fdc4fe5c2a9ed) Importer(815301076,1909f56bfc062723c751e8b465ee728b)
Start importing Assets/Prefab/EnemyBoss using Guid(2cfec577d187d5c4a95fdc4fe5c2a9ed) Importer(815301076,1909f56bfc062723c751e8b465ee728b) [PhysX] Initialized MultithreadedTaskDispatcher with 24 workers.
 -> (artifact id: '38bfa36aae1c481d69f8f9fc6aa1c11a') in 0.000470 seconds
Number of updated asset objects reloaded before import = 0
Number of asset objects unloaded after import = 0
========================================================================
Received Import Request.
  Time since last request: 9.201570 seconds.
  path: Assets/Prefab/EnemyBoss/1,KINGSlimePBR 1.prefab
  artifactKey: Guid(f7d4f7710deddfe418bf2bd0bfce3086) Importer(815301076,1909f56bfc062723c751e8b465ee728b)
Start importing Assets/Prefab/EnemyBoss/1,KINGSlimePBR 1.prefab using Guid(f7d4f7710deddfe418bf2bd0bfce3086) Importer(815301076,1909f56bfc062723c751e8b465ee728b) [PhysX] Initialized MultithreadedTaskDispatcher with 24 workers.
[PhysX] Initialized MultithreadedTaskDispatcher with 24 workers.
 -> (artifact id: '328d95d37d21d6bc44917c64b33f251f') in 0.027999 seconds
Number of updated asset objects reloaded before import = 0
Number of asset objects unloaded after import = 112
========================================================================
Received Import Request.
  Time since last request: 9.208018 seconds.
  path: Assets/Prefab/EnemyBoss/1,KINGSlimePBR 1.prefab
  artifactKey: Guid(f7d4f7710deddfe418bf2bd0bfce3086) Importer(815301076,1909f56bfc062723c751e8b465ee728b)
Start importing Assets/Prefab/EnemyBoss/1,KINGSlimePBR 1.prefab using Guid(f7d4f7710deddfe418bf2bd0bfce3086) Importer(815301076,1909f56bfc062723c751e8b465ee728b) [PhysX] Initialized MultithreadedTaskDispatcher with 24 workers.
[PhysX] Initialized MultithreadedTaskDispatcher with 24 workers.
 -> (artifact id: '299940abeac009f0155dcdd2f6546f48') in 0.023614 seconds
Number of updated asset objects reloaded before import = 0
Number of asset objects unloaded after import = 112
========================================================================
Received Import Request.
  Time since last request: 2.994598 seconds.
  path: Assets/Prefab/EnemyBoss/1,KINGSlimePBR 1.prefab
  artifactKey: Guid(f7d4f7710deddfe418bf2bd0bfce3086) Importer(815301076,1909f56bfc062723c751e8b465ee728b)
Start importing Assets/Prefab/EnemyBoss/1,KINGSlimePBR 1.prefab using Guid(f7d4f7710deddfe418bf2bd0bfce3086) Importer(815301076,1909f56bfc062723c751e8b465ee728b) [PhysX] Initialized MultithreadedTaskDispatcher with 24 workers.
[PhysX] Initialized MultithreadedTaskDispatcher with 24 workers.
 -> (artifact id: '42e52e9b837dae3c9804485a8ad29d32') in 0.189965 seconds
Number of updated asset objects reloaded before import = 0
Number of asset objects unloaded after import = 112
========================================================================
Received Import Request.
  Time since last request: 0.208488 seconds.
  path: Assets/Prefab/EnemyBoss/1,KINGSlimePBR 1.prefab
  artifactKey: Guid(f7d4f7710deddfe418bf2bd0bfce3086) Importer(815301076,1909f56bfc062723c751e8b465ee728b)
Start importing Assets/Prefab/EnemyBoss/1,KINGSlimePBR 1.prefab using Guid(f7d4f7710deddfe418bf2bd0bfce3086) Importer(815301076,1909f56bfc062723c751e8b465ee728b) [PhysX] Initialized MultithreadedTaskDispatcher with 24 workers.
[PhysX] Initialized MultithreadedTaskDispatcher with 24 workers.
 -> (artifact id: '16a6f528dd3ac7d121616e5c77690d4c') in 0.020268 seconds
Number of updated asset objects reloaded before import = 0
Number of asset objects unloaded after import = 112
========================================================================
Received Import Request.
  Time since last request: 0.180663 seconds.
  path: Assets/Prefab/EnemyBoss/1,KINGSlimePBR 1.prefab
  artifactKey: Guid(f7d4f7710deddfe418bf2bd0bfce3086) Importer(815301076,1909f56bfc062723c751e8b465ee728b)
Start importing Assets/Prefab/EnemyBoss/1,KINGSlimePBR 1.prefab using Guid(f7d4f7710deddfe418bf2bd0bfce3086) Importer(815301076,1909f56bfc062723c751e8b465ee728b) [PhysX] Initialized MultithreadedTaskDispatcher with 24 workers.
[PhysX] Initialized MultithreadedTaskDispatcher with 24 workers.
 -> (artifact id: '61c746cb58888a7726651971ff3a0c75') in 0.020148 seconds
Number of updated asset objects reloaded before import = 0
Number of asset objects unloaded after import = 112
========================================================================
Received Prepare
Caller must complete domain reload
Begin MonoManager ReloadAssembly
- Loaded All Assemblies, in  0.287 seconds
Native extension for WindowsStandalone target not found
Mono: successfully reloaded assembly
- Finished resetting the current domain, in  0.814 seconds
Domain Reload Profiling: 1100ms
	BeginReloadAssembly (101ms)
		ExecutionOrderSort (0ms)
		DisableScriptedObjects (2ms)
		BackupInstance (0ms)
		ReleaseScriptingObjects (0ms)
		CreateAndSetChildDomain (24ms)
	RebuildCommonClasses (19ms)
	RebuildNativeTypeToScriptingClass (6ms)
	initialDomainReloadingComplete (17ms)
	LoadAllAssembliesAndSetupDomain (144ms)
		LoadAssemblies (184ms)
		RebuildTransferFunctionScriptingTraits (0ms)
		AnalyzeDomain (10ms)
			TypeCache.Refresh (5ms)
				TypeCache.ScanAssembly (0ms)
			ScanForSourceGeneratedMonoScriptInfo (0ms)
			ResolveRequiredComponents (4ms)
	FinalizeReload (814ms)
		ReleaseScriptCaches (0ms)
		RebuildScriptCaches (0ms)
		SetupLoadedEditorAssemblies (449ms)
			LogAssemblyErrors (0ms)
			InitializePlatformSupportModulesInManaged (4ms)
			SetLoadedEditorAssemblies (3ms)
			RefreshPlugins (0ms)
			BeforeProcessingInitializeOnLoad (48ms)
			ProcessInitializeOnLoadAttributes (335ms)
			ProcessInitializeOnLoadMethodAttributes (55ms)
			AfterProcessingInitializeOnLoad (5ms)
			EditorAssembliesLoaded (0ms)
		ExecutionOrderSort2 (0ms)
		AwakeInstancesAfterBackupRestoration (6ms)
Refreshing native plugins compatible for Editor in 3.92 ms, found 6 plugins.
Preloading 0 native plugins for Editor in 0.00 ms.
Unloading 5097 Unused Serialized files (Serialized files now loaded: 0)
Unloading 397 unused Assets / (418.2 KB). Loaded Objects now: 5705.
Memory consumption went from 231.5 MB to 231.1 MB.
Total: 2.638900 ms (FindLiveObjects: 0.294000 ms CreateObjectMapping: 0.131300 ms MarkObjects: 1.772300 ms  DeleteObjects: 0.440700 ms)

Prepare: number of updated asset objects reloaded= 0
AssetImportParameters requested are different than current active one (requested -> active):
  custom:container-demuxer-ogg: 62fdf1f143b41e24485cea50d1cbac27 -> 
  custom:video-codec-MediaFoundation-h265: 746d11721c4dcdbdad8f713fa42b33f4 -> 
  custom:video-decoder-ogg-theora: a1e56fd34408186e4bbccfd4996cb3dc -> 
  custom:framework-win-MediaFoundation: 216162199b28c13a410421893ffa2e32 -> 
  custom:CustomObjectIndexerAttribute: 9a22284fe3817be447336de3de66b15e -> 
  custom:container-demuxer-webm: 4f35f7cbe854078d1ac9338744f61a02 -> 
  custom:container-muxer-webm: aa71ff27fc2769a1b78a27578f13a17b -> 
  custom:video-decoder-webm-vp8: 9c59270c3fd7afecdb556c50c9e8de78 -> 
  custom:SearchIndexIgnoredProperties: e643bd26f0fe6173181afceb89e7c659 -> 
  custom:AudioImporter_EditorPlatform: d09bf68614088b80899f8185d706f6e7 -> 
  custom:video-encoder-webm-vp8: eb34c28f22e8b96e1ab97ce403110664 -> 
  custom:audio-decoder-ogg-vorbis: bf7c407c2cedff20999df2af8eb42d56 -> 
  custom:audio-encoder-webm-vorbis: bf7c407c2cedff20999df2af8eb42d56 -> 
  custom:scripting/precompiled-assembly-types:Assembly-CSharp: dbfcea57dbfcd71d7c292019712bc5f4 -> 5480967452b6f0b4b1dcfd5ec7e31075
========================================================================
Received Prepare
Caller must complete domain reload
Begin MonoManager ReloadAssembly
- Loaded All Assemblies, in  0.267 seconds
Native extension for WindowsStandalone target not found
Mono: successfully reloaded assembly
- Finished resetting the current domain, in  0.797 seconds
Domain Reload Profiling: 1063ms
	BeginReloadAssembly (92ms)
		ExecutionOrderSort (0ms)
		DisableScriptedObjects (3ms)
		BackupInstance (0ms)
		ReleaseScriptingObjects (0ms)
		CreateAndSetChildDomain (19ms)
	RebuildCommonClasses (20ms)
	RebuildNativeTypeToScriptingClass (6ms)
	initialDomainReloadingComplete (17ms)
	LoadAllAssembliesAndSetupDomain (131ms)
		LoadAssemblies (166ms)
		RebuildTransferFunctionScriptingTraits (0ms)
		AnalyzeDomain (12ms)
			TypeCache.Refresh (5ms)
				TypeCache.ScanAssembly (0ms)
			ScanForSourceGeneratedMonoScriptInfo (0ms)
			ResolveRequiredComponents (4ms)
	FinalizeReload (797ms)
		ReleaseScriptCaches (0ms)
		RebuildScriptCaches (0ms)
		SetupLoadedEditorAssemblies (471ms)
			LogAssemblyErrors (0ms)
			InitializePlatformSupportModulesInManaged (5ms)
			SetLoadedEditorAssemblies (3ms)
			RefreshPlugins (0ms)
			BeforeProcessingInitializeOnLoad (55ms)
			ProcessInitializeOnLoadAttributes (354ms)
			ProcessInitializeOnLoadMethodAttributes (48ms)
			AfterProcessingInitializeOnLoad (5ms)
			EditorAssembliesLoaded (0ms)
		ExecutionOrderSort2 (0ms)
		AwakeInstancesAfterBackupRestoration (5ms)
Refreshing native plugins compatible for Editor in 3.84 ms, found 6 plugins.
Preloading 0 native plugins for Editor in 0.00 ms.
Unloading 5097 Unused Serialized files (Serialized files now loaded: 0)
Unloading 397 unused Assets / (436.4 KB). Loaded Objects now: 5709.
Memory consumption went from 231.5 MB to 231.1 MB.
Total: 2.540100 ms (FindLiveObjects: 0.249500 ms CreateObjectMapping: 0.090400 ms MarkObjects: 1.818100 ms  DeleteObjects: 0.381200 ms)

Prepare: number of updated asset objects reloaded= 0
AssetImportParameters requested are different than current active one (requested -> active):
  custom:container-demuxer-ogg: 62fdf1f143b41e24485cea50d1cbac27 -> 
  custom:video-codec-MediaFoundation-h265: 746d11721c4dcdbdad8f713fa42b33f4 -> 
  custom:video-decoder-ogg-theora: a1e56fd34408186e4bbccfd4996cb3dc -> 
  custom:framework-win-MediaFoundation: 216162199b28c13a410421893ffa2e32 -> 
  custom:CustomObjectIndexerAttribute: 9a22284fe3817be447336de3de66b15e -> 
  custom:container-demuxer-webm: 4f35f7cbe854078d1ac9338744f61a02 -> 
  custom:container-muxer-webm: aa71ff27fc2769a1b78a27578f13a17b -> 
  custom:video-decoder-webm-vp8: 9c59270c3fd7afecdb556c50c9e8de78 -> 
  custom:SearchIndexIgnoredProperties: e643bd26f0fe6173181afceb89e7c659 -> 
  custom:AudioImporter_EditorPlatform: d09bf68614088b80899f8185d706f6e7 -> 
  custom:video-encoder-webm-vp8: eb34c28f22e8b96e1ab97ce403110664 -> 
  custom:audio-decoder-ogg-vorbis: bf7c407c2cedff20999df2af8eb42d56 -> 
  custom:audio-encoder-webm-vorbis: bf7c407c2cedff20999df2af8eb42d56 -> 
  custom:scripting/precompiled-assembly-types:Assembly-CSharp: dbfcea57dbfcd71d7c292019712bc5f4 -> 5480967452b6f0b4b1dcfd5ec7e31075
========================================================================
Received Prepare
Caller must complete domain reload
Begin MonoManager ReloadAssembly
- Loaded All Assemblies, in  0.252 seconds
Native extension for WindowsStandalone target not found
Mono: successfully reloaded assembly
- Finished resetting the current domain, in  0.711 seconds
Domain Reload Profiling: 963ms
	BeginReloadAssembly (91ms)
		ExecutionOrderSort (0ms)
		DisableScriptedObjects (3ms)
		BackupInstance (0ms)
		ReleaseScriptingObjects (0ms)
		CreateAndSetChildDomain (19ms)
	RebuildCommonClasses (19ms)
	RebuildNativeTypeToScriptingClass (6ms)
	initialDomainReloadingComplete (17ms)
	LoadAllAssembliesAndSetupDomain (118ms)
		LoadAssemblies (155ms)
		RebuildTransferFunctionScriptingTraits (0ms)
		AnalyzeDomain (10ms)
			TypeCache.Refresh (5ms)
				TypeCache.ScanAssembly (0ms)
			ScanForSourceGeneratedMonoScriptInfo (0ms)
			ResolveRequiredComponents (4ms)
	FinalizeReload (712ms)
		ReleaseScriptCaches (0ms)
		RebuildScriptCaches (0ms)
		SetupLoadedEditorAssemblies (425ms)
			LogAssemblyErrors (0ms)
			InitializePlatformSupportModulesInManaged (4ms)
			SetLoadedEditorAssemblies (2ms)
			RefreshPlugins (0ms)
			BeforeProcessingInitializeOnLoad (45ms)
			ProcessInitializeOnLoadAttributes (324ms)
			ProcessInitializeOnLoadMethodAttributes (45ms)
			AfterProcessingInitializeOnLoad (4ms)
			EditorAssembliesLoaded (0ms)
		ExecutionOrderSort2 (0ms)
		AwakeInstancesAfterBackupRestoration (5ms)
Refreshing native plugins compatible for Editor in 3.02 ms, found 6 plugins.
Preloading 0 native plugins for Editor in 0.00 ms.
Unloading 5097 Unused Serialized files (Serialized files now loaded: 0)
Unloading 397 unused Assets / (437.5 KB). Loaded Objects now: 5713.
Memory consumption went from 231.5 MB to 231.1 MB.
Total: 2.746600 ms (FindLiveObjects: 0.287100 ms CreateObjectMapping: 0.081300 ms MarkObjects: 1.999600 ms  DeleteObjects: 0.377900 ms)

Prepare: number of updated asset objects reloaded= 0
AssetImportParameters requested are different than current active one (requested -> active):
  custom:container-demuxer-ogg: 62fdf1f143b41e24485cea50d1cbac27 -> 
  custom:video-codec-MediaFoundation-h265: 746d11721c4dcdbdad8f713fa42b33f4 -> 
  custom:video-decoder-ogg-theora: a1e56fd34408186e4bbccfd4996cb3dc -> 
  custom:framework-win-MediaFoundation: 216162199b28c13a410421893ffa2e32 -> 
  custom:CustomObjectIndexerAttribute: 9a22284fe3817be447336de3de66b15e -> 
  custom:container-demuxer-webm: 4f35f7cbe854078d1ac9338744f61a02 -> 
  custom:container-muxer-webm: aa71ff27fc2769a1b78a27578f13a17b -> 
  custom:video-decoder-webm-vp8: 9c59270c3fd7afecdb556c50c9e8de78 -> 
  custom:SearchIndexIgnoredProperties: e643bd26f0fe6173181afceb89e7c659 -> 
  custom:AudioImporter_EditorPlatform: d09bf68614088b80899f8185d706f6e7 -> 
  custom:video-encoder-webm-vp8: eb34c28f22e8b96e1ab97ce403110664 -> 
  custom:audio-decoder-ogg-vorbis: bf7c407c2cedff20999df2af8eb42d56 -> 
  custom:audio-encoder-webm-vorbis: bf7c407c2cedff20999df2af8eb42d56 -> 
  custom:scripting/precompiled-assembly-types:Assembly-CSharp: dbfcea57dbfcd71d7c292019712bc5f4 -> 5480967452b6f0b4b1dcfd5ec7e31075
========================================================================
Received Import Request.
  Time since last request: 166.338625 seconds.
  path: Assets/Prefab/EnemyBoss/1,KINGSlimePBR 1.prefab
  artifactKey: Guid(f7d4f7710deddfe418bf2bd0bfce3086) Importer(815301076,1909f56bfc062723c751e8b465ee728b)
Start importing Assets/Prefab/EnemyBoss/1,KINGSlimePBR 1.prefab using Guid(f7d4f7710deddfe418bf2bd0bfce3086) Importer(815301076,1909f56bfc062723c751e8b465ee728b) [PhysX] Initialized MultithreadedTaskDispatcher with 24 workers.
[PhysX] Initialized MultithreadedTaskDispatcher with 24 workers.
 -> (artifact id: '0bdb9bb2e577ff9c6134275601951283') in 0.087602 seconds
Number of updated asset objects reloaded before import = 0
Number of asset objects unloaded after import = 112
========================================================================
Received Import Request.
  Time since last request: 58.321388 seconds.
  path: Assets/Prefab/EnemyBoss/1,KINGSlimePBR 1.prefab
  artifactKey: Guid(f7d4f7710deddfe418bf2bd0bfce3086) Importer(815301076,1909f56bfc062723c751e8b465ee728b)
Start importing Assets/Prefab/EnemyBoss/1,KINGSlimePBR 1.prefab using Guid(f7d4f7710deddfe418bf2bd0bfce3086) Importer(815301076,1909f56bfc062723c751e8b465ee728b) [PhysX] Initialized MultithreadedTaskDispatcher with 24 workers.
[PhysX] Initialized MultithreadedTaskDispatcher with 24 workers.
 -> (artifact id: '78831bec17dbc260f4eba750f6b4aaf7') in 0.028180 seconds
Number of updated asset objects reloaded before import = 0
Number of asset objects unloaded after import = 112
========================================================================
Received Prepare
Caller must complete domain reload
Begin MonoManager ReloadAssembly
- Loaded All Assemblies, in  0.270 seconds
Native extension for WindowsStandalone target not found
Mono: successfully reloaded assembly
- Finished resetting the current domain, in  0.808 seconds
Domain Reload Profiling: 1076ms
	BeginReloadAssembly (96ms)
		ExecutionOrderSort (0ms)
		DisableScriptedObjects (2ms)
		BackupInstance (0ms)
		ReleaseScriptingObjects (0ms)
		CreateAndSetChildDomain (23ms)
	RebuildCommonClasses (23ms)
	RebuildNativeTypeToScriptingClass (7ms)
	initialDomainReloadingComplete (17ms)
	LoadAllAssembliesAndSetupDomain (126ms)
		LoadAssemblies (163ms)
		RebuildTransferFunctionScriptingTraits (0ms)
		AnalyzeDomain (11ms)
			TypeCache.Refresh (6ms)
				TypeCache.ScanAssembly (0ms)
			ScanForSourceGeneratedMonoScriptInfo (0ms)
			ResolveRequiredComponents (4ms)
	FinalizeReload (808ms)
		ReleaseScriptCaches (0ms)
		RebuildScriptCaches (0ms)
		SetupLoadedEditorAssemblies (507ms)
			LogAssemblyErrors (0ms)
			InitializePlatformSupportModulesInManaged (4ms)
			SetLoadedEditorAssemblies (2ms)
			RefreshPlugins (0ms)
			BeforeProcessingInitializeOnLoad (50ms)
			ProcessInitializeOnLoadAttributes (399ms)
			ProcessInitializeOnLoadMethodAttributes (48ms)
			AfterProcessingInitializeOnLoad (4ms)
			EditorAssembliesLoaded (0ms)
		ExecutionOrderSort2 (0ms)
		AwakeInstancesAfterBackupRestoration (5ms)
Refreshing native plugins compatible for Editor in 3.13 ms, found 6 plugins.
Preloading 0 native plugins for Editor in 0.00 ms.
Unloading 5097 Unused Serialized files (Serialized files now loaded: 0)
Unloading 397 unused Assets / (438.8 KB). Loaded Objects now: 5717.
Memory consumption went from 231.5 MB to 231.1 MB.
Total: 2.764900 ms (FindLiveObjects: 0.254700 ms CreateObjectMapping: 0.091800 ms MarkObjects: 2.003800 ms  DeleteObjects: 0.414200 ms)

Prepare: number of updated asset objects reloaded= 0
AssetImportParameters requested are different than current active one (requested -> active):
  custom:container-demuxer-ogg: 62fdf1f143b41e24485cea50d1cbac27 -> 
  custom:video-codec-MediaFoundation-h265: 746d11721c4dcdbdad8f713fa42b33f4 -> 
  custom:video-decoder-ogg-theora: a1e56fd34408186e4bbccfd4996cb3dc -> 
  custom:framework-win-MediaFoundation: 216162199b28c13a410421893ffa2e32 -> 
  custom:CustomObjectIndexerAttribute: 9a22284fe3817be447336de3de66b15e -> 
  custom:container-demuxer-webm: 4f35f7cbe854078d1ac9338744f61a02 -> 
  custom:container-muxer-webm: aa71ff27fc2769a1b78a27578f13a17b -> 
  custom:video-decoder-webm-vp8: 9c59270c3fd7afecdb556c50c9e8de78 -> 
  custom:SearchIndexIgnoredProperties: e643bd26f0fe6173181afceb89e7c659 -> 
  custom:AudioImporter_EditorPlatform: d09bf68614088b80899f8185d706f6e7 -> 
  custom:video-encoder-webm-vp8: eb34c28f22e8b96e1ab97ce403110664 -> 
  custom:audio-decoder-ogg-vorbis: bf7c407c2cedff20999df2af8eb42d56 -> 
  custom:audio-encoder-webm-vorbis: bf7c407c2cedff20999df2af8eb42d56 -> 
  custom:scripting/precompiled-assembly-types:Assembly-CSharp: dbfcea57dbfcd71d7c292019712bc5f4 -> 5480967452b6f0b4b1dcfd5ec7e31075
========================================================================
Received Prepare
Caller must complete domain reload
Begin MonoManager ReloadAssembly
- Loaded All Assemblies, in  0.267 seconds
Native extension for WindowsStandalone target not found
Mono: successfully reloaded assembly
- Finished resetting the current domain, in  0.771 seconds
Domain Reload Profiling: 1037ms
	BeginReloadAssembly (94ms)
		ExecutionOrderSort (0ms)
		DisableScriptedObjects (3ms)
		BackupInstance (0ms)
		ReleaseScriptingObjects (0ms)
		CreateAndSetChildDomain (21ms)
	RebuildCommonClasses (20ms)
	RebuildNativeTypeToScriptingClass (6ms)
	initialDomainReloadingComplete (17ms)
	LoadAllAssembliesAndSetupDomain (129ms)
		LoadAssemblies (165ms)
		RebuildTransferFunctionScriptingTraits (0ms)
		AnalyzeDomain (12ms)
			TypeCache.Refresh (5ms)
				TypeCache.ScanAssembly (0ms)
			ScanForSourceGeneratedMonoScriptInfo (0ms)
			ResolveRequiredComponents (4ms)
	FinalizeReload (771ms)
		ReleaseScriptCaches (0ms)
		RebuildScriptCaches (0ms)
		SetupLoadedEditorAssemblies (474ms)
			LogAssemblyErrors (0ms)
			InitializePlatformSupportModulesInManaged (5ms)
			SetLoadedEditorAssemblies (3ms)
			RefreshPlugins (0ms)
			BeforeProcessingInitializeOnLoad (45ms)
			ProcessInitializeOnLoadAttributes (369ms)
			ProcessInitializeOnLoadMethodAttributes (48ms)
			AfterProcessingInitializeOnLoad (4ms)
			EditorAssembliesLoaded (0ms)
		ExecutionOrderSort2 (0ms)
		AwakeInstancesAfterBackupRestoration (5ms)
Refreshing native plugins compatible for Editor in 3.49 ms, found 6 plugins.
Preloading 0 native plugins for Editor in 0.00 ms.
Unloading 5097 Unused Serialized files (Serialized files now loaded: 0)
Unloading 397 unused Assets / (438.2 KB). Loaded Objects now: 5721.
Memory consumption went from 231.5 MB to 231.1 MB.
Total: 2.648100 ms (FindLiveObjects: 0.330200 ms CreateObjectMapping: 0.096200 ms MarkObjects: 1.820500 ms  DeleteObjects: 0.400600 ms)

Prepare: number of updated asset objects reloaded= 0
AssetImportParameters requested are different than current active one (requested -> active):
  custom:container-demuxer-ogg: 62fdf1f143b41e24485cea50d1cbac27 -> 
  custom:video-codec-MediaFoundation-h265: 746d11721c4dcdbdad8f713fa42b33f4 -> 
  custom:video-decoder-ogg-theora: a1e56fd34408186e4bbccfd4996cb3dc -> 
  custom:framework-win-MediaFoundation: 216162199b28c13a410421893ffa2e32 -> 
  custom:CustomObjectIndexerAttribute: 9a22284fe3817be447336de3de66b15e -> 
  custom:container-demuxer-webm: 4f35f7cbe854078d1ac9338744f61a02 -> 
  custom:container-muxer-webm: aa71ff27fc2769a1b78a27578f13a17b -> 
  custom:video-decoder-webm-vp8: 9c59270c3fd7afecdb556c50c9e8de78 -> 
  custom:SearchIndexIgnoredProperties: e643bd26f0fe6173181afceb89e7c659 -> 
  custom:AudioImporter_EditorPlatform: d09bf68614088b80899f8185d706f6e7 -> 
  custom:video-encoder-webm-vp8: eb34c28f22e8b96e1ab97ce403110664 -> 
  custom:audio-decoder-ogg-vorbis: bf7c407c2cedff20999df2af8eb42d56 -> 
  custom:audio-encoder-webm-vorbis: bf7c407c2cedff20999df2af8eb42d56 -> 
  custom:scripting/precompiled-assembly-types:Assembly-CSharp: dbfcea57dbfcd71d7c292019712bc5f4 -> 5480967452b6f0b4b1dcfd5ec7e31075
========================================================================
Received Import Request.
  Time since last request: 416.859763 seconds.
  path: Assets/Prefab/EnemyBoss/1,KINGSlimePBR 1.prefab
  artifactKey: Guid(f7d4f7710deddfe418bf2bd0bfce3086) Importer(815301076,1909f56bfc062723c751e8b465ee728b)
Start importing Assets/Prefab/EnemyBoss/1,KINGSlimePBR 1.prefab using Guid(f7d4f7710deddfe418bf2bd0bfce3086) Importer(815301076,1909f56bfc062723c751e8b465ee728b) [PhysX] Initialized MultithreadedTaskDispatcher with 24 workers.
[PhysX] Initialized MultithreadedTaskDispatcher with 24 workers.
 -> (artifact id: '17b08f6d1f700abf01e2be22a7d1edb1') in 0.083456 seconds
Number of updated asset objects reloaded before import = 0
Number of asset objects unloaded after import = 112
========================================================================
Received Prepare
Caller must complete domain reload
Begin MonoManager ReloadAssembly
- Loaded All Assemblies, in  0.279 seconds
Native extension for WindowsStandalone target not found
Mono: successfully reloaded assembly
- Finished resetting the current domain, in  0.698 seconds
Domain Reload Profiling: 976ms
	BeginReloadAssembly (94ms)
		ExecutionOrderSort (0ms)
		DisableScriptedObjects (2ms)
		BackupInstance (0ms)
		ReleaseScriptingObjects (0ms)
		CreateAndSetChildDomain (20ms)
	RebuildCommonClasses (19ms)
	RebuildNativeTypeToScriptingClass (6ms)
	initialDomainReloadingComplete (17ms)
	LoadAllAssembliesAndSetupDomain (142ms)
		LoadAssemblies (169ms)
		RebuildTransferFunctionScriptingTraits (0ms)
		AnalyzeDomain (22ms)
			TypeCache.Refresh (9ms)
				TypeCache.ScanAssembly (0ms)
			ScanForSourceGeneratedMonoScriptInfo (8ms)
			ResolveRequiredComponents (4ms)
	FinalizeReload (698ms)
		ReleaseScriptCaches (0ms)
		RebuildScriptCaches (0ms)
		SetupLoadedEditorAssemblies (420ms)
			LogAssemblyErrors (0ms)
			InitializePlatformSupportModulesInManaged (4ms)
			SetLoadedEditorAssemblies (3ms)
			RefreshPlugins (0ms)
			BeforeProcessingInitializeOnLoad (48ms)
			ProcessInitializeOnLoadAttributes (322ms)
			ProcessInitializeOnLoadMethodAttributes (40ms)
			AfterProcessingInitializeOnLoad (3ms)
			EditorAssembliesLoaded (0ms)
		ExecutionOrderSort2 (0ms)
		AwakeInstancesAfterBackupRestoration (4ms)
Refreshing native plugins compatible for Editor in 2.73 ms, found 6 plugins.
Preloading 0 native plugins for Editor in 0.00 ms.
Unloading 5097 Unused Serialized files (Serialized files now loaded: 0)
Unloading 397 unused Assets / (436.0 KB). Loaded Objects now: 5725.
Memory consumption went from 231.5 MB to 231.1 MB.
Total: 2.939400 ms (FindLiveObjects: 0.258700 ms CreateObjectMapping: 0.093200 ms MarkObjects: 2.184800 ms  DeleteObjects: 0.401900 ms)

Prepare: number of updated asset objects reloaded= 0
AssetImportParameters requested are different than current active one (requested -> active):
  custom:container-demuxer-ogg: 62fdf1f143b41e24485cea50d1cbac27 -> 
  custom:video-codec-MediaFoundation-h265: 746d11721c4dcdbdad8f713fa42b33f4 -> 
  custom:video-decoder-ogg-theora: a1e56fd34408186e4bbccfd4996cb3dc -> 
  custom:framework-win-MediaFoundation: 216162199b28c13a410421893ffa2e32 -> 
  custom:CustomObjectIndexerAttribute: 9a22284fe3817be447336de3de66b15e -> 
  custom:container-demuxer-webm: 4f35f7cbe854078d1ac9338744f61a02 -> 
  custom:container-muxer-webm: aa71ff27fc2769a1b78a27578f13a17b -> 
  custom:video-decoder-webm-vp8: 9c59270c3fd7afecdb556c50c9e8de78 -> 
  custom:SearchIndexIgnoredProperties: e643bd26f0fe6173181afceb89e7c659 -> 
  custom:AudioImporter_EditorPlatform: d09bf68614088b80899f8185d706f6e7 -> 
  custom:video-encoder-webm-vp8: eb34c28f22e8b96e1ab97ce403110664 -> 
  custom:audio-decoder-ogg-vorbis: bf7c407c2cedff20999df2af8eb42d56 -> 
  custom:audio-encoder-webm-vorbis: bf7c407c2cedff20999df2af8eb42d56 -> 
  custom:scripting/precompiled-assembly-types:Assembly-CSharp: dbfcea57dbfcd71d7c292019712bc5f4 -> 5480967452b6f0b4b1dcfd5ec7e31075
========================================================================
Received Prepare
Caller must complete domain reload
Begin MonoManager ReloadAssembly
- Loaded All Assemblies, in  0.280 seconds
Native extension for WindowsStandalone target not found
Mono: successfully reloaded assembly
- Finished resetting the current domain, in  0.751 seconds
Domain Reload Profiling: 1031ms
	BeginReloadAssembly (98ms)
		ExecutionOrderSort (0ms)
		DisableScriptedObjects (2ms)
		BackupInstance (0ms)
		ReleaseScriptingObjects (0ms)
		CreateAndSetChildDomain (23ms)
	RebuildCommonClasses (21ms)
	RebuildNativeTypeToScriptingClass (6ms)
	initialDomainReloadingComplete (19ms)
	LoadAllAssembliesAndSetupDomain (135ms)
		LoadAssemblies (175ms)
		RebuildTransferFunctionScriptingTraits (0ms)
		AnalyzeDomain (10ms)
			TypeCache.Refresh (5ms)
				TypeCache.ScanAssembly (0ms)
			ScanForSourceGeneratedMonoScriptInfo (0ms)
			ResolveRequiredComponents (4ms)
	FinalizeReload (752ms)
		ReleaseScriptCaches (0ms)
		RebuildScriptCaches (0ms)
		SetupLoadedEditorAssemblies (474ms)
			LogAssemblyErrors (0ms)
			InitializePlatformSupportModulesInManaged (4ms)
			SetLoadedEditorAssemblies (3ms)
			RefreshPlugins (0ms)
			BeforeProcessingInitializeOnLoad (49ms)
			ProcessInitializeOnLoadAttributes (362ms)
			ProcessInitializeOnLoadMethodAttributes (51ms)
			AfterProcessingInitializeOnLoad (4ms)
			EditorAssembliesLoaded (0ms)
		ExecutionOrderSort2 (0ms)
		AwakeInstancesAfterBackupRestoration (5ms)
Refreshing native plugins compatible for Editor in 3.82 ms, found 6 plugins.
Preloading 0 native plugins for Editor in 0.00 ms.
Unloading 5097 Unused Serialized files (Serialized files now loaded: 0)
Unloading 397 unused Assets / (437.4 KB). Loaded Objects now: 5729.
Memory consumption went from 231.5 MB to 231.1 MB.
Total: 2.690200 ms (FindLiveObjects: 0.312300 ms CreateObjectMapping: 0.147500 ms MarkObjects: 1.818800 ms  DeleteObjects: 0.411000 ms)

Prepare: number of updated asset objects reloaded= 0
AssetImportParameters requested are different than current active one (requested -> active):
  custom:container-demuxer-ogg: 62fdf1f143b41e24485cea50d1cbac27 -> 
  custom:video-codec-MediaFoundation-h265: 746d11721c4dcdbdad8f713fa42b33f4 -> 
  custom:video-decoder-ogg-theora: a1e56fd34408186e4bbccfd4996cb3dc -> 
  custom:framework-win-MediaFoundation: 216162199b28c13a410421893ffa2e32 -> 
  custom:CustomObjectIndexerAttribute: 9a22284fe3817be447336de3de66b15e -> 
  custom:container-demuxer-webm: 4f35f7cbe854078d1ac9338744f61a02 -> 
  custom:container-muxer-webm: aa71ff27fc2769a1b78a27578f13a17b -> 
  custom:video-decoder-webm-vp8: 9c59270c3fd7afecdb556c50c9e8de78 -> 
  custom:SearchIndexIgnoredProperties: e643bd26f0fe6173181afceb89e7c659 -> 
  custom:AudioImporter_EditorPlatform: d09bf68614088b80899f8185d706f6e7 -> 
  custom:video-encoder-webm-vp8: eb34c28f22e8b96e1ab97ce403110664 -> 
  custom:audio-decoder-ogg-vorbis: bf7c407c2cedff20999df2af8eb42d56 -> 
  custom:audio-encoder-webm-vorbis: bf7c407c2cedff20999df2af8eb42d56 -> 
  custom:scripting/precompiled-assembly-types:Assembly-CSharp: dbfcea57dbfcd71d7c292019712bc5f4 -> 5480967452b6f0b4b1dcfd5ec7e31075
========================================================================
Received Prepare
Caller must complete domain reload
Begin MonoManager ReloadAssembly
- Loaded All Assemblies, in  0.285 seconds
Native extension for WindowsStandalone target not found
Mono: successfully reloaded assembly
- Finished resetting the current domain, in  0.700 seconds
Domain Reload Profiling: 984ms
	BeginReloadAssembly (95ms)
		ExecutionOrderSort (0ms)
		DisableScriptedObjects (3ms)
		BackupInstance (0ms)
		ReleaseScriptingObjects (0ms)
		CreateAndSetChildDomain (20ms)
	RebuildCommonClasses (20ms)
	RebuildNativeTypeToScriptingClass (6ms)
	initialDomainReloadingComplete (24ms)
	LoadAllAssembliesAndSetupDomain (139ms)
		LoadAssemblies (167ms)
		RebuildTransferFunctionScriptingTraits (0ms)
		AnalyzeDomain (21ms)
			TypeCache.Refresh (7ms)
				TypeCache.ScanAssembly (0ms)
			ScanForSourceGeneratedMonoScriptInfo (8ms)
			ResolveRequiredComponents (4ms)
	FinalizeReload (700ms)
		ReleaseScriptCaches (0ms)
		RebuildScriptCaches (0ms)
		SetupLoadedEditorAssemblies (415ms)
			LogAssemblyErrors (0ms)
			InitializePlatformSupportModulesInManaged (4ms)
			SetLoadedEditorAssemblies (3ms)
			RefreshPlugins (0ms)
			BeforeProcessingInitializeOnLoad (45ms)
			ProcessInitializeOnLoadAttributes (322ms)
			ProcessInitializeOnLoadMethodAttributes (38ms)
			AfterProcessingInitializeOnLoad (3ms)
			EditorAssembliesLoaded (0ms)
		ExecutionOrderSort2 (0ms)
		AwakeInstancesAfterBackupRestoration (4ms)
Refreshing native plugins compatible for Editor in 2.96 ms, found 6 plugins.
Preloading 0 native plugins for Editor in 0.00 ms.
Unloading 5097 Unused Serialized files (Serialized files now loaded: 0)
Unloading 397 unused Assets / (437.6 KB). Loaded Objects now: 5733.
Memory consumption went from 231.6 MB to 231.1 MB.
Total: 2.695200 ms (FindLiveObjects: 0.263000 ms CreateObjectMapping: 0.127200 ms MarkObjects: 1.873600 ms  DeleteObjects: 0.430400 ms)

Prepare: number of updated asset objects reloaded= 0
AssetImportParameters requested are different than current active one (requested -> active):
  custom:container-demuxer-ogg: 62fdf1f143b41e24485cea50d1cbac27 -> 
  custom:video-codec-MediaFoundation-h265: 746d11721c4dcdbdad8f713fa42b33f4 -> 
  custom:video-decoder-ogg-theora: a1e56fd34408186e4bbccfd4996cb3dc -> 
  custom:framework-win-MediaFoundation: 216162199b28c13a410421893ffa2e32 -> 
  custom:CustomObjectIndexerAttribute: 9a22284fe3817be447336de3de66b15e -> 
  custom:container-demuxer-webm: 4f35f7cbe854078d1ac9338744f61a02 -> 
  custom:container-muxer-webm: aa71ff27fc2769a1b78a27578f13a17b -> 
  custom:video-decoder-webm-vp8: 9c59270c3fd7afecdb556c50c9e8de78 -> 
  custom:SearchIndexIgnoredProperties: e643bd26f0fe6173181afceb89e7c659 -> 
  custom:AudioImporter_EditorPlatform: d09bf68614088b80899f8185d706f6e7 -> 
  custom:video-encoder-webm-vp8: eb34c28f22e8b96e1ab97ce403110664 -> 
  custom:audio-decoder-ogg-vorbis: bf7c407c2cedff20999df2af8eb42d56 -> 
  custom:audio-encoder-webm-vorbis: bf7c407c2cedff20999df2af8eb42d56 -> 
  custom:scripting/precompiled-assembly-types:Assembly-CSharp: 447951f17156de074f4285280374e7fe -> 5480967452b6f0b4b1dcfd5ec7e31075
========================================================================
Received Prepare
Caller must complete domain reload
Begin MonoManager ReloadAssembly
- Loaded All Assemblies, in  0.282 seconds
Native extension for WindowsStandalone target not found
Mono: successfully reloaded assembly
- Finished resetting the current domain, in  0.799 seconds
Domain Reload Profiling: 1081ms
	BeginReloadAssembly (93ms)
		ExecutionOrderSort (0ms)
		DisableScriptedObjects (2ms)
		BackupInstance (0ms)
		ReleaseScriptingObjects (0ms)
		CreateAndSetChildDomain (19ms)
	RebuildCommonClasses (19ms)
	RebuildNativeTypeToScriptingClass (6ms)
	initialDomainReloadingComplete (17ms)
	LoadAllAssembliesAndSetupDomain (145ms)
		LoadAssemblies (182ms)
		RebuildTransferFunctionScriptingTraits (0ms)
		AnalyzeDomain (12ms)
			TypeCache.Refresh (5ms)
				TypeCache.ScanAssembly (0ms)
			ScanForSourceGeneratedMonoScriptInfo (0ms)
			ResolveRequiredComponents (4ms)
	FinalizeReload (800ms)
		ReleaseScriptCaches (0ms)
		RebuildScriptCaches (0ms)
		SetupLoadedEditorAssemblies (498ms)
			LogAssemblyErrors (0ms)
			InitializePlatformSupportModulesInManaged (4ms)
			SetLoadedEditorAssemblies (3ms)
			RefreshPlugins (0ms)
			BeforeProcessingInitializeOnLoad (55ms)
			ProcessInitializeOnLoadAttributes (378ms)
			ProcessInitializeOnLoadMethodAttributes (55ms)
			AfterProcessingInitializeOnLoad (3ms)
			EditorAssembliesLoaded (0ms)
		ExecutionOrderSort2 (0ms)
		AwakeInstancesAfterBackupRestoration (5ms)
Refreshing native plugins compatible for Editor in 4.58 ms, found 6 plugins.
Preloading 0 native plugins for Editor in 0.00 ms.
Unloading 5097 Unused Serialized files (Serialized files now loaded: 0)
Unloading 397 unused Assets / (433.9 KB). Loaded Objects now: 5737.
Memory consumption went from 231.6 MB to 231.1 MB.
Total: 2.708800 ms (FindLiveObjects: 0.289600 ms CreateObjectMapping: 0.095000 ms MarkObjects: 1.879000 ms  DeleteObjects: 0.444300 ms)

Prepare: number of updated asset objects reloaded= 0
AssetImportParameters requested are different than current active one (requested -> active):
  custom:container-demuxer-ogg: 62fdf1f143b41e24485cea50d1cbac27 -> 
  custom:video-codec-MediaFoundation-h265: 746d11721c4dcdbdad8f713fa42b33f4 -> 
  custom:video-decoder-ogg-theora: a1e56fd34408186e4bbccfd4996cb3dc -> 
  custom:framework-win-MediaFoundation: 216162199b28c13a410421893ffa2e32 -> 
  custom:CustomObjectIndexerAttribute: 9a22284fe3817be447336de3de66b15e -> 
  custom:container-demuxer-webm: 4f35f7cbe854078d1ac9338744f61a02 -> 
  custom:container-muxer-webm: aa71ff27fc2769a1b78a27578f13a17b -> 
  custom:video-decoder-webm-vp8: 9c59270c3fd7afecdb556c50c9e8de78 -> 
  custom:SearchIndexIgnoredProperties: e643bd26f0fe6173181afceb89e7c659 -> 
  custom:AudioImporter_EditorPlatform: d09bf68614088b80899f8185d706f6e7 -> 
  custom:video-encoder-webm-vp8: eb34c28f22e8b96e1ab97ce403110664 -> 
  custom:audio-decoder-ogg-vorbis: bf7c407c2cedff20999df2af8eb42d56 -> 
  custom:audio-encoder-webm-vorbis: bf7c407c2cedff20999df2af8eb42d56 -> 
  custom:scripting/precompiled-assembly-types:Assembly-CSharp: 447951f17156de074f4285280374e7fe -> 5480967452b6f0b4b1dcfd5ec7e31075
========================================================================
Received Prepare
Caller must complete domain reload
Begin MonoManager ReloadAssembly
- Loaded All Assemblies, in  0.261 seconds
Native extension for WindowsStandalone target not found
Mono: successfully reloaded assembly
- Finished resetting the current domain, in  0.745 seconds
Domain Reload Profiling: 1005ms
	BeginReloadAssembly (94ms)
		ExecutionOrderSort (0ms)
		DisableScriptedObjects (3ms)
		BackupInstance (0ms)
		ReleaseScriptingObjects (0ms)
		CreateAndSetChildDomain (22ms)
	RebuildCommonClasses (20ms)
	RebuildNativeTypeToScriptingClass (6ms)
	initialDomainReloadingComplete (16ms)
	LoadAllAssembliesAndSetupDomain (124ms)
		LoadAssemblies (157ms)
		RebuildTransferFunctionScriptingTraits (0ms)
		AnalyzeDomain (13ms)
			TypeCache.Refresh (6ms)
				TypeCache.ScanAssembly (0ms)
			ScanForSourceGeneratedMonoScriptInfo (0ms)
			ResolveRequiredComponents (4ms)
	FinalizeReload (745ms)
		ReleaseScriptCaches (0ms)
		RebuildScriptCaches (0ms)
		SetupLoadedEditorAssemblies (448ms)
			LogAssemblyErrors (0ms)
			InitializePlatformSupportModulesInManaged (4ms)
			SetLoadedEditorAssemblies (3ms)
			RefreshPlugins (0ms)
			BeforeProcessingInitializeOnLoad (48ms)
			ProcessInitializeOnLoadAttributes (343ms)
			ProcessInitializeOnLoadMethodAttributes (46ms)
			AfterProcessingInitializeOnLoad (4ms)
			EditorAssembliesLoaded (0ms)
		ExecutionOrderSort2 (0ms)
		AwakeInstancesAfterBackupRestoration (5ms)
Refreshing native plugins compatible for Editor in 3.93 ms, found 6 plugins.
Preloading 0 native plugins for Editor in 0.00 ms.
Unloading 5097 Unused Serialized files (Serialized files now loaded: 0)
Unloading 397 unused Assets / (441.5 KB). Loaded Objects now: 5741.
Memory consumption went from 231.6 MB to 231.1 MB.
Total: 2.614400 ms (FindLiveObjects: 0.247400 ms CreateObjectMapping: 0.132600 ms MarkObjects: 1.871100 ms  DeleteObjects: 0.362900 ms)

Prepare: number of updated asset objects reloaded= 0
AssetImportParameters requested are different than current active one (requested -> active):
  custom:container-demuxer-ogg: 62fdf1f143b41e24485cea50d1cbac27 -> 
  custom:video-codec-MediaFoundation-h265: 746d11721c4dcdbdad8f713fa42b33f4 -> 
  custom:video-decoder-ogg-theora: a1e56fd34408186e4bbccfd4996cb3dc -> 
  custom:framework-win-MediaFoundation: 216162199b28c13a410421893ffa2e32 -> 
  custom:CustomObjectIndexerAttribute: 9a22284fe3817be447336de3de66b15e -> 
  custom:container-demuxer-webm: 4f35f7cbe854078d1ac9338744f61a02 -> 
  custom:container-muxer-webm: aa71ff27fc2769a1b78a27578f13a17b -> 
  custom:video-decoder-webm-vp8: 9c59270c3fd7afecdb556c50c9e8de78 -> 
  custom:SearchIndexIgnoredProperties: e643bd26f0fe6173181afceb89e7c659 -> 
  custom:AudioImporter_EditorPlatform: d09bf68614088b80899f8185d706f6e7 -> 
  custom:video-encoder-webm-vp8: eb34c28f22e8b96e1ab97ce403110664 -> 
  custom:audio-decoder-ogg-vorbis: bf7c407c2cedff20999df2af8eb42d56 -> 
  custom:audio-encoder-webm-vorbis: bf7c407c2cedff20999df2af8eb42d56 -> 
  custom:scripting/precompiled-assembly-types:Assembly-CSharp: 447951f17156de074f4285280374e7fe -> 5480967452b6f0b4b1dcfd5ec7e31075
========================================================================
Received Import Request.
  Time since last request: 875.024083 seconds.
  path: Assets/Map/Low Poly Atmospheric Locations Pack/Scenes/Lands.unity
  artifactKey: Guid(96dcc51749811cc4c971b77372b56079) Importer(815301076,1909f56bfc062723c751e8b465ee728b)
Start importing Assets/Map/Low Poly Atmospheric Locations Pack/Scenes/Lands.unity using Guid(96dcc51749811cc4c971b77372b56079) Importer(815301076,1909f56bfc062723c751e8b465ee728b) [PhysX] Initialized MultithreadedTaskDispatcher with 24 workers.
 -> (artifact id: '977fd8ea803ae266866de529599d4b89') in 0.005521 seconds
Number of updated asset objects reloaded before import = 0
Number of asset objects unloaded after import = 0
========================================================================
Received Import Request.
  Time since last request: 136.904782 seconds.
  path: Assets/Map/Low Poly Atmospheric Locations Pack/Scenes/Stage2.unity
  artifactKey: Guid(0edecaf13b593624e8812d812e8bb8c8) Importer(815301076,1909f56bfc062723c751e8b465ee728b)
Start importing Assets/Map/Low Poly Atmospheric Locations Pack/Scenes/Stage2.unity using Guid(0edecaf13b593624e8812d812e8bb8c8) Importer(815301076,1909f56bfc062723c751e8b465ee728b) [PhysX] Initialized MultithreadedTaskDispatcher with 24 workers.
 -> (artifact id: '3dbbb5ce409854efbfe1fe04e722c631') in 0.000704 seconds
Number of updated asset objects reloaded before import = 0
Number of asset objects unloaded after import = 0
========================================================================
Received Import Request.
  Time since last request: 16.089903 seconds.
  path: Assets/Scenes/StageScene/Stage1
  artifactKey: Guid(a9e5b0d6e65af8b439a7acbbafbd796e) Importer(815301076,1909f56bfc062723c751e8b465ee728b)
Start importing Assets/Scenes/StageScene/Stage1 using Guid(a9e5b0d6e65af8b439a7acbbafbd796e) Importer(815301076,1909f56bfc062723c751e8b465ee728b) [PhysX] Initialized MultithreadedTaskDispatcher with 24 workers.
 -> (artifact id: '74993e858e39c0e11862086d9e2f60f3') in 0.000391 seconds
Number of updated asset objects reloaded before import = 0
Number of asset objects unloaded after import = 0
========================================================================
Received Import Request.
  Time since last request: 0.061699 seconds.
  path: Assets/Scenes/StageScene/Stage1/NavMesh-bonfire.asset
  artifactKey: Guid(82734e52bd0c40c49bdae7e25d0878af) Importer(815301076,1909f56bfc062723c751e8b465ee728b)
Start importing Assets/Scenes/StageScene/Stage1/NavMesh-bonfire.asset using Guid(82734e52bd0c40c49bdae7e25d0878af) Importer(815301076,1909f56bfc062723c751e8b465ee728b) [PhysX] Initialized MultithreadedTaskDispatcher with 24 workers.
 -> (artifact id: '68319115946a6a3e326be79a8c77ca4b') in 0.006587 seconds
Number of updated asset objects reloaded before import = 0
Number of asset objects unloaded after import = 1
========================================================================
Received Import Request.
  Time since last request: 0.001080 seconds.
  path: Assets/Scenes/StageScene/Stage1/NavMesh-camping tent blue.asset
  artifactKey: Guid(72596fef28bf14048b0867c6c984ec7d) Importer(815301076,1909f56bfc062723c751e8b465ee728b)
Start importing Assets/Scenes/StageScene/Stage1/NavMesh-camping tent blue.asset using Guid(72596fef28bf14048b0867c6c984ec7d) Importer(815301076,1909f56bfc062723c751e8b465ee728b) [PhysX] Initialized MultithreadedTaskDispatcher with 24 workers.
 -> (artifact id: 'f89998d26624ba976ce90afaefdd007e') in 0.000810 seconds
Number of updated asset objects reloaded before import = 0
Number of asset objects unloaded after import = 1
========================================================================
Received Import Request.
  Time since last request: 0.005630 seconds.
  path: Assets/Scenes/StageScene/Stage1/NavMesh-dry tree.asset
  artifactKey: Guid(641a6db21b5684e46951cc14ae654f10) Importer(815301076,1909f56bfc062723c751e8b465ee728b)
Start importing Assets/Scenes/StageScene/Stage1/NavMesh-dry tree.asset using Guid(641a6db21b5684e46951cc14ae654f10) Importer(815301076,1909f56bfc062723c751e8b465ee728b) [PhysX] Initialized MultithreadedTaskDispatcher with 24 workers.
 -> (artifact id: '63d2bb76b429a12cf561824b92ba4996') in 0.001007 seconds
Number of updated asset objects reloaded before import = 0
Number of asset objects unloaded after import = 1
========================================================================
Received Import Request.
  Time since last request: 0.006057 seconds.
  path: Assets/Scenes/StageScene/Stage1/NavMesh-camping tent red.asset
  artifactKey: Guid(99be317bfe0355742a7a5dc84b5adc0f) Importer(815301076,1909f56bfc062723c751e8b465ee728b)
Start importing Assets/Scenes/StageScene/Stage1/NavMesh-camping tent red.asset using Guid(99be317bfe0355742a7a5dc84b5adc0f) Importer(815301076,1909f56bfc062723c751e8b465ee728b) [PhysX] Initialized MultithreadedTaskDispatcher with 24 workers.
 -> (artifact id: '4656a147ae456ee6d52af789e418f7f4') in 0.001028 seconds
Number of updated asset objects reloaded before import = 0
Number of asset objects unloaded after import = 1
========================================================================
Received Import Request.
  Time since last request: 0.005946 seconds.
  path: Assets/Scenes/StageScene/Stage1/NavMesh-fir tree bent.asset
  artifactKey: Guid(a7dab698efc48f645a8cef35d3a5425f) Importer(815301076,1909f56bfc062723c751e8b465ee728b)
Start importing Assets/Scenes/StageScene/Stage1/NavMesh-fir tree bent.asset using Guid(a7dab698efc48f645a8cef35d3a5425f) Importer(815301076,1909f56bfc062723c751e8b465ee728b) [PhysX] Initialized MultithreadedTaskDispatcher with 24 workers.
 -> (artifact id: '760742eb8e3654d65075ead60935ce04') in 0.000865 seconds
Number of updated asset objects reloaded before import = 0
Number of asset objects unloaded after import = 1
========================================================================
Received Import Request.
  Time since last request: 0.000012 seconds.
  path: Assets/Scenes/StageScene/Stage1/NavMesh-fir tree large (4).asset
  artifactKey: Guid(9d3a706c7f31631409c455f987656628) Importer(815301076,1909f56bfc062723c751e8b465ee728b)
Start importing Assets/Scenes/StageScene/Stage1/NavMesh-fir tree large (4).asset using Guid(9d3a706c7f31631409c455f987656628) Importer(815301076,1909f56bfc062723c751e8b465ee728b) [PhysX] Initialized MultithreadedTaskDispatcher with 24 workers.
 -> (artifact id: '60f6a5d514f33a640d8cb89b78e4ec11') in 0.000762 seconds
Number of updated asset objects reloaded before import = 0
Number of asset objects unloaded after import = 1
========================================================================
Received Import Request.
  Time since last request: 0.000010 seconds.
  path: Assets/Scenes/StageScene/Stage1/NavMesh-fir tree medium (4).asset
  artifactKey: Guid(01fef4da6bf248344a35206f5456b727) Importer(815301076,1909f56bfc062723c751e8b465ee728b)
Start importing Assets/Scenes/StageScene/Stage1/NavMesh-fir tree medium (4).asset using Guid(01fef4da6bf248344a35206f5456b727) Importer(815301076,1909f56bfc062723c751e8b465ee728b) [PhysX] Initialized MultithreadedTaskDispatcher with 24 workers.
 -> (artifact id: '64c1994a9490c43b1f8a5fe75c92744a') in 0.000656 seconds
Number of updated asset objects reloaded before import = 0
Number of asset objects unloaded after import = 1
========================================================================
Received Import Request.
  Time since last request: 0.000009 seconds.
  path: Assets/Scenes/StageScene/Stage1/NavMesh-fir tree small (5).asset
  artifactKey: Guid(78c6967909697dd47b4dae39f24d444a) Importer(815301076,1909f56bfc062723c751e8b465ee728b)
Start importing Assets/Scenes/StageScene/Stage1/NavMesh-fir tree small (5).asset using Guid(78c6967909697dd47b4dae39f24d444a) Importer(815301076,1909f56bfc062723c751e8b465ee728b) [PhysX] Initialized MultithreadedTaskDispatcher with 24 workers.
 -> (artifact id: 'eec59ea612d2ab18ce877b22623a3b24') in 0.000639 seconds
Number of updated asset objects reloaded before import = 0
Number of asset objects unloaded after import = 1
========================================================================
Received Import Request.
  Time since last request: 0.000008 seconds.
  path: Assets/Scenes/StageScene/Stage1/NavMesh-fir tree small (2).asset
  artifactKey: Guid(a63e84c6ac24fa54db24150b219a50c5) Importer(815301076,1909f56bfc062723c751e8b465ee728b)
Start importing Assets/Scenes/StageScene/Stage1/NavMesh-fir tree small (2).asset using Guid(a63e84c6ac24fa54db24150b219a50c5) Importer(815301076,1909f56bfc062723c751e8b465ee728b) [PhysX] Initialized MultithreadedTaskDispatcher with 24 workers.
 -> (artifact id: 'bcbf679352a5f1303b14cd0e97cc5554') in 0.000592 seconds
Number of updated asset objects reloaded before import = 0
Number of asset objects unloaded after import = 1
========================================================================
Received Import Request.
  Time since last request: 0.000006 seconds.
  path: Assets/Scenes/StageScene/Stage1/NavMesh-mushroom brown 2 (1).asset
  artifactKey: Guid(34594a12a6c26e64b8723ea47c413756) Importer(815301076,1909f56bfc062723c751e8b465ee728b)
Start importing Assets/Scenes/StageScene/Stage1/NavMesh-mushroom brown 2 (1).asset using Guid(34594a12a6c26e64b8723ea47c413756) Importer(815301076,1909f56bfc062723c751e8b465ee728b) [PhysX] Initialized MultithreadedTaskDispatcher with 24 workers.
 -> (artifact id: '87b51c6aa520eab0d2e9dc7959ea56e6') in 0.000583 seconds
Number of updated asset objects reloaded before import = 0
Number of asset objects unloaded after import = 1
========================================================================
Received Import Request.
  Time since last request: 0.000008 seconds.
  path: Assets/Scenes/StageScene/Stage1/NavMesh-fir tree medium (2).asset
  artifactKey: Guid(d55b64dd352cf2246b52a1f54527370b) Importer(815301076,1909f56bfc062723c751e8b465ee728b)
Start importing Assets/Scenes/StageScene/Stage1/NavMesh-fir tree medium (2).asset using Guid(d55b64dd352cf2246b52a1f54527370b) Importer(815301076,1909f56bfc062723c751e8b465ee728b) [PhysX] Initialized MultithreadedTaskDispatcher with 24 workers.
 -> (artifact id: 'ce57b0cdf2577787529b001e27798f99') in 0.000575 seconds
Number of updated asset objects reloaded before import = 0
Number of asset objects unloaded after import = 1
========================================================================
Received Import Request.
  Time since last request: 0.000007 seconds.
  path: Assets/Scenes/StageScene/Stage1/NavMesh-mushroom brown 2 (2).asset
  artifactKey: Guid(7ea0c1924d207c64f81f32148c22f284) Importer(815301076,1909f56bfc062723c751e8b465ee728b)
Start importing Assets/Scenes/StageScene/Stage1/NavMesh-mushroom brown 2 (2).asset using Guid(7ea0c1924d207c64f81f32148c22f284) Importer(815301076,1909f56bfc062723c751e8b465ee728b) [PhysX] Initialized MultithreadedTaskDispatcher with 24 workers.
 -> (artifact id: 'fe49036db2afff15c7b60029e073b21d') in 0.000542 seconds
Number of updated asset objects reloaded before import = 0
Number of asset objects unloaded after import = 1
========================================================================
Received Import Request.
  Time since last request: 0.000007 seconds.
  path: Assets/Scenes/StageScene/Stage1/NavMesh-stone small.asset
  artifactKey: Guid(4a6378b404112434ca2273cb4e014c8d) Importer(815301076,1909f56bfc062723c751e8b465ee728b)
Start importing Assets/Scenes/StageScene/Stage1/NavMesh-stone small.asset using Guid(4a6378b404112434ca2273cb4e014c8d) Importer(815301076,1909f56bfc062723c751e8b465ee728b) [PhysX] Initialized MultithreadedTaskDispatcher with 24 workers.
 -> (artifact id: 'f3ecafb5f6da534cd7570212dbe2f9bc') in 0.000618 seconds
Number of updated asset objects reloaded before import = 0
Number of asset objects unloaded after import = 1
========================================================================
Received Import Request.
  Time since last request: 0.000030 seconds.
  path: Assets/Scenes/StageScene/Stage1/NavMesh-stone small 3 (2).asset
  artifactKey: Guid(e5e89c2c5f5d58b4b89a8d64024c1b8d) Importer(815301076,1909f56bfc062723c751e8b465ee728b)
Start importing Assets/Scenes/StageScene/Stage1/NavMesh-stone small 3 (2).asset using Guid(e5e89c2c5f5d58b4b89a8d64024c1b8d) Importer(815301076,1909f56bfc062723c751e8b465ee728b) [PhysX] Initialized MultithreadedTaskDispatcher with 24 workers.
 -> (artifact id: 'cc39ed9450fc32435bffcebd110904bd') in 0.000586 seconds
Number of updated asset objects reloaded before import = 0
Number of asset objects unloaded after import = 1
========================================================================
Received Import Request.
  Time since last request: 0.000008 seconds.
  path: Assets/Scenes/StageScene/Stage1/NavMesh-fir tree medium (1).asset
  artifactKey: Guid(947540e0b30484144affc12257e25b33) Importer(815301076,1909f56bfc062723c751e8b465ee728b)
Start importing Assets/Scenes/StageScene/Stage1/NavMesh-fir tree medium (1).asset using Guid(947540e0b30484144affc12257e25b33) Importer(815301076,1909f56bfc062723c751e8b465ee728b) [PhysX] Initialized MultithreadedTaskDispatcher with 24 workers.
 -> (artifact id: '12d5938e9e702e2e5e84e051298d2d26') in 0.000595 seconds
Number of updated asset objects reloaded before import = 0
Number of asset objects unloaded after import = 1
========================================================================
Received Import Request.
  Time since last request: 0.000008 seconds.
  path: Assets/Scenes/StageScene/Stage1/NavMesh-land camping forest.asset
  artifactKey: Guid(d09e5baedaaad344a8c891b7a36944e5) Importer(815301076,1909f56bfc062723c751e8b465ee728b)
Start importing Assets/Scenes/StageScene/Stage1/NavMesh-land camping forest.asset using Guid(d09e5baedaaad344a8c891b7a36944e5) Importer(815301076,1909f56bfc062723c751e8b465ee728b) [PhysX] Initialized MultithreadedTaskDispatcher with 24 workers.
 -> (artifact id: '806067b668b7861d90e7a2a8991bddef') in 0.000531 seconds
Number of updated asset objects reloaded before import = 0
Number of asset objects unloaded after import = 1
========================================================================
Received Import Request.
  Time since last request: 0.000008 seconds.
  path: Assets/Scenes/StageScene/Stage1/NavMesh-tree trunk (1).asset
  artifactKey: Guid(3745e0c353f84754d9561f8ec88de525) Importer(815301076,1909f56bfc062723c751e8b465ee728b)
Start importing Assets/Scenes/StageScene/Stage1/NavMesh-tree trunk (1).asset using Guid(3745e0c353f84754d9561f8ec88de525) Importer(815301076,1909f56bfc062723c751e8b465ee728b) [PhysX] Initialized MultithreadedTaskDispatcher with 24 workers.
 -> (artifact id: '1d0f19c38fcf7aec71248bdc99c82b19') in 0.000598 seconds
Number of updated asset objects reloaded before import = 0
Number of asset objects unloaded after import = 1
========================================================================
Received Import Request.
  Time since last request: 0.000007 seconds.
  path: Assets/Scenes/StageScene/Stage1/NavMesh-tree trunk 2.asset
  artifactKey: Guid(d54e90774a6004c40852dc2a137db2b2) Importer(815301076,1909f56bfc062723c751e8b465ee728b)
Start importing Assets/Scenes/StageScene/Stage1/NavMesh-tree trunk 2.asset using Guid(d54e90774a6004c40852dc2a137db2b2) Importer(815301076,1909f56bfc062723c751e8b465ee728b) [PhysX] Initialized MultithreadedTaskDispatcher with 24 workers.
 -> (artifact id: 'fc3b89dd52c7682298829c9f2a7a8dd8') in 0.000457 seconds
Number of updated asset objects reloaded before import = 0
Number of asset objects unloaded after import = 1
========================================================================
Received Import Request.
  Time since last request: 0.000008 seconds.
  path: Assets/Scenes/StageScene/Stage1/NavMesh-water location camping forest.asset
  artifactKey: Guid(bedd1e0fb4da8a549ae271eac67b225b) Importer(815301076,1909f56bfc062723c751e8b465ee728b)
Start importing Assets/Scenes/StageScene/Stage1/NavMesh-water location camping forest.asset using Guid(bedd1e0fb4da8a549ae271eac67b225b) Importer(815301076,1909f56bfc062723c751e8b465ee728b) [PhysX] Initialized MultithreadedTaskDispatcher with 24 workers.
 -> (artifact id: '559f3fdad1ee3393087c2fbc64ac9c24') in 0.000698 seconds
Number of updated asset objects reloaded before import = 0
Number of asset objects unloaded after import = 1
========================================================================
Received Import Request.
  Time since last request: 0.000008 seconds.
  path: Assets/Scenes/StageScene/Stage1/NavMesh-fir tree large.asset
  artifactKey: Guid(39361fcb4abde3b4aa707e17c4020c3c) Importer(815301076,1909f56bfc062723c751e8b465ee728b)
Start importing Assets/Scenes/StageScene/Stage1/NavMesh-fir tree large.asset using Guid(39361fcb4abde3b4aa707e17c4020c3c) Importer(815301076,1909f56bfc062723c751e8b465ee728b) [PhysX] Initialized MultithreadedTaskDispatcher with 24 workers.
 -> (artifact id: '9690f5c73ec959ccf0a4b14731850ebb') in 0.000629 seconds
Number of updated asset objects reloaded before import = 0
Number of asset objects unloaded after import = 1
========================================================================
Received Import Request.
  Time since last request: 0.000011 seconds.
  path: Assets/Scenes/StageScene/Stage1/NavMesh-fir tree small.asset
  artifactKey: Guid(1b445f5616e12f24c997a74fd009e9bd) Importer(815301076,1909f56bfc062723c751e8b465ee728b)
Start importing Assets/Scenes/StageScene/Stage1/NavMesh-fir tree small.asset using Guid(1b445f5616e12f24c997a74fd009e9bd) Importer(815301076,1909f56bfc062723c751e8b465ee728b) [PhysX] Initialized MultithreadedTaskDispatcher with 24 workers.
 -> (artifact id: '5546b2e23361f412891473360aef0129') in 0.000624 seconds
Number of updated asset objects reloaded before import = 0
Number of asset objects unloaded after import = 1
========================================================================
Received Import Request.
  Time since last request: 0.000008 seconds.
  path: Assets/Scenes/StageScene/Stage1/NavMesh-stone small 4 (5).asset
  artifactKey: Guid(70c39568d4af00746a10818443685f96) Importer(815301076,1909f56bfc062723c751e8b465ee728b)
Start importing Assets/Scenes/StageScene/Stage1/NavMesh-stone small 4 (5).asset using Guid(70c39568d4af00746a10818443685f96) Importer(815301076,1909f56bfc062723c751e8b465ee728b) [PhysX] Initialized MultithreadedTaskDispatcher with 24 workers.
 -> (artifact id: '0c54f745d489e9999ed390a822d67230') in 0.000602 seconds
Number of updated asset objects reloaded before import = 0
Number of asset objects unloaded after import = 1
========================================================================
Received Import Request.
  Time since last request: 0.000007 seconds.
  path: Assets/Scenes/StageScene/Stage1/NavMesh-tree trunk.asset
  artifactKey: Guid(f0078d46a2fafb04495b3cf72d7fd6d3) Importer(815301076,1909f56bfc062723c751e8b465ee728b)
Start importing Assets/Scenes/StageScene/Stage1/NavMesh-tree trunk.asset using Guid(f0078d46a2fafb04495b3cf72d7fd6d3) Importer(815301076,1909f56bfc062723c751e8b465ee728b) [PhysX] Initialized MultithreadedTaskDispatcher with 24 workers.
 -> (artifact id: 'ce374d8b14ae26256ac60880df3ac4c4') in 0.000426 seconds
Number of updated asset objects reloaded before import = 0
Number of asset objects unloaded after import = 1
========================================================================
Received Import Request.
  Time since last request: 0.000007 seconds.
  path: Assets/Scenes/StageScene/Stage1/NavMesh-stone small 3 (1).asset
  artifactKey: Guid(ae9ca9303768d62439469885fb249079) Importer(815301076,1909f56bfc062723c751e8b465ee728b)
Start importing Assets/Scenes/StageScene/Stage1/NavMesh-stone small 3 (1).asset using Guid(ae9ca9303768d62439469885fb249079) Importer(815301076,1909f56bfc062723c751e8b465ee728b) [PhysX] Initialized MultithreadedTaskDispatcher with 24 workers.
 -> (artifact id: '9671f6d431cfc711291d5d581c1c299a') in 0.000534 seconds
Number of updated asset objects reloaded before import = 0
Number of asset objects unloaded after import = 1
========================================================================
Received Import Request.
  Time since last request: 0.000006 seconds.
  path: Assets/Scenes/StageScene/Stage1/NavMesh-stone small 4.asset
  artifactKey: Guid(c8500b039acde3d4d8051c7b403eb1af) Importer(815301076,1909f56bfc062723c751e8b465ee728b)
Start importing Assets/Scenes/StageScene/Stage1/NavMesh-stone small 4.asset using Guid(c8500b039acde3d4d8051c7b403eb1af) Importer(815301076,1909f56bfc062723c751e8b465ee728b) [PhysX] Initialized MultithreadedTaskDispatcher with 24 workers.
 -> (artifact id: '6be625dcc9f59491415fa238b5c3f7c3') in 0.000562 seconds
Number of updated asset objects reloaded before import = 0
Number of asset objects unloaded after import = 1
========================================================================
Received Import Request.
  Time since last request: 0.000007 seconds.
  path: Assets/Scenes/StageScene/Stage1/NavMesh-stone small 4 (2).asset
  artifactKey: Guid(569046e822e59314c8f22612e27abbfb) Importer(815301076,1909f56bfc062723c751e8b465ee728b)
Start importing Assets/Scenes/StageScene/Stage1/NavMesh-stone small 4 (2).asset using Guid(569046e822e59314c8f22612e27abbfb) Importer(815301076,1909f56bfc062723c751e8b465ee728b) [PhysX] Initialized MultithreadedTaskDispatcher with 24 workers.
 -> (artifact id: '586685e0456c8565172279dbe5399112') in 0.000498 seconds
Number of updated asset objects reloaded before import = 0
Number of asset objects unloaded after import = 1
========================================================================
Received Import Request.
  Time since last request: 0.000012 seconds.
  path: Assets/Scenes/StageScene/Stage1/NavMesh-stone small (3).asset
  artifactKey: Guid(618858d5b087abc4ba08820506b8ecf4) Importer(815301076,1909f56bfc062723c751e8b465ee728b)
Start importing Assets/Scenes/StageScene/Stage1/NavMesh-stone small (3).asset using Guid(618858d5b087abc4ba08820506b8ecf4) Importer(815301076,1909f56bfc062723c751e8b465ee728b) [PhysX] Initialized MultithreadedTaskDispatcher with 24 workers.
 -> (artifact id: '2c3dbc6fd1c31f74043344a0d1901e2d') in 0.000759 seconds
Number of updated asset objects reloaded before import = 0
Number of asset objects unloaded after import = 1
========================================================================
Received Import Request.
  Time since last request: 0.000010 seconds.
  path: Assets/Scenes/StageScene/Stage1/NavMesh-stone small 4 (4).asset
  artifactKey: Guid(1e68e6381b55bc24b9aef36ee80b6048) Importer(815301076,1909f56bfc062723c751e8b465ee728b)
Start importing Assets/Scenes/StageScene/Stage1/NavMesh-stone small 4 (4).asset using Guid(1e68e6381b55bc24b9aef36ee80b6048) Importer(815301076,1909f56bfc062723c751e8b465ee728b) [PhysX] Initialized MultithreadedTaskDispatcher with 24 workers.
 -> (artifact id: '58b3dd0df7dd9872050511f2ff7f919e') in 0.000624 seconds
Number of updated asset objects reloaded before import = 0
Number of asset objects unloaded after import = 1
========================================================================
Received Import Request.
  Time since last request: 0.000008 seconds.
  path: Assets/Scenes/StageScene/Stage1/NavMesh-mushroom brown.asset
  artifactKey: Guid(d8a0825d394cc324ca95181effa31b53) Importer(815301076,1909f56bfc062723c751e8b465ee728b)
Start importing Assets/Scenes/StageScene/Stage1/NavMesh-mushroom brown.asset using Guid(d8a0825d394cc324ca95181effa31b53) Importer(815301076,1909f56bfc062723c751e8b465ee728b) [PhysX] Initialized MultithreadedTaskDispatcher with 24 workers.
 -> (artifact id: '6816ea1716493d141270d7978bfe7de3') in 0.000586 seconds
Number of updated asset objects reloaded before import = 0
Number of asset objects unloaded after import = 1
========================================================================
Received Import Request.
  Time since last request: 0.000009 seconds.
  path: Assets/Scenes/StageScene/Stage1/NavMesh-fir tree large (3).asset
  artifactKey: Guid(f0ea2a0d5efba1744ac62a20df2c6aa3) Importer(815301076,1909f56bfc062723c751e8b465ee728b)
Start importing Assets/Scenes/StageScene/Stage1/NavMesh-fir tree large (3).asset using Guid(f0ea2a0d5efba1744ac62a20df2c6aa3) Importer(815301076,1909f56bfc062723c751e8b465ee728b) [PhysX] Initialized MultithreadedTaskDispatcher with 24 workers.
 -> (artifact id: '1732646f3d123c187fa94de3dd6fdc23') in 0.000799 seconds
Number of updated asset objects reloaded before import = 0
Number of asset objects unloaded after import = 1
========================================================================
Received Import Request.
  Time since last request: 0.000008 seconds.
  path: Assets/Scenes/StageScene/Stage1/NavMesh-dry tree 2.asset
  artifactKey: Guid(dd0d63ceb938d994590088d8e97cfbd6) Importer(815301076,1909f56bfc062723c751e8b465ee728b)
Start importing Assets/Scenes/StageScene/Stage1/NavMesh-dry tree 2.asset using Guid(dd0d63ceb938d994590088d8e97cfbd6) Importer(815301076,1909f56bfc062723c751e8b465ee728b) [PhysX] Initialized MultithreadedTaskDispatcher with 24 workers.
 -> (artifact id: 'd643fe89091a197076302698cc878591') in 0.000618 seconds
Number of updated asset objects reloaded before import = 0
Number of asset objects unloaded after import = 1
========================================================================
Received Import Request.
  Time since last request: 0.000010 seconds.
  path: Assets/Scenes/StageScene/Stage1/NavMesh-stone small (1).asset
  artifactKey: Guid(fb8eb5825d34dfe4e9779007ae39ff8b) Importer(815301076,1909f56bfc062723c751e8b465ee728b)
Start importing Assets/Scenes/StageScene/Stage1/NavMesh-stone small (1).asset using Guid(fb8eb5825d34dfe4e9779007ae39ff8b) Importer(815301076,1909f56bfc062723c751e8b465ee728b) [PhysX] Initialized MultithreadedTaskDispatcher with 24 workers.
 -> (artifact id: '4415973ac688fdc2a370a4bc0fcd060c') in 0.000583 seconds
Number of updated asset objects reloaded before import = 0
Number of asset objects unloaded after import = 1
========================================================================
Received Import Request.
  Time since last request: 0.000013 seconds.
  path: Assets/Scenes/StageScene/Stage1/NavMesh-fir tree small (4).asset
  artifactKey: Guid(ef545fd83e1954f429fc968370f0f709) Importer(815301076,1909f56bfc062723c751e8b465ee728b)
Start importing Assets/Scenes/StageScene/Stage1/NavMesh-fir tree small (4).asset using Guid(ef545fd83e1954f429fc968370f0f709) Importer(815301076,1909f56bfc062723c751e8b465ee728b) [PhysX] Initialized MultithreadedTaskDispatcher with 24 workers.
 -> (artifact id: '74d9b63d6af128206db44bdae82725bf') in 0.000549 seconds
Number of updated asset objects reloaded before import = 0
Number of asset objects unloaded after import = 1
========================================================================
Received Import Request.
  Time since last request: 0.000007 seconds.
  path: Assets/Scenes/StageScene/Stage1/NavMesh-mushroom brown 3.asset
  artifactKey: Guid(c167331c3a5556748b3dfe6d9ce7aaeb) Importer(815301076,1909f56bfc062723c751e8b465ee728b)
Start importing Assets/Scenes/StageScene/Stage1/NavMesh-mushroom brown 3.asset using Guid(c167331c3a5556748b3dfe6d9ce7aaeb) Importer(815301076,1909f56bfc062723c751e8b465ee728b) [PhysX] Initialized MultithreadedTaskDispatcher with 24 workers.
 -> (artifact id: '10d55912865c90e02d66b57e03b587bb') in 0.000530 seconds
Number of updated asset objects reloaded before import = 0
Number of asset objects unloaded after import = 1
========================================================================
Received Import Request.
  Time since last request: 4.549876 seconds.
  path: Assets/Scenes/StageScene/Stage1/NavMesh-wooden bridge.asset
  artifactKey: Guid(ef7e8f1ae1e620045961a7538e981a22) Importer(815301076,1909f56bfc062723c751e8b465ee728b)
Start importing Assets/Scenes/StageScene/Stage1/NavMesh-wooden bridge.asset using Guid(ef7e8f1ae1e620045961a7538e981a22) Importer(815301076,1909f56bfc062723c751e8b465ee728b) [PhysX] Initialized MultithreadedTaskDispatcher with 24 workers.
 -> (artifact id: 'ff03a852d494f265743367f8548ac0bb') in 0.001257 seconds
Number of updated asset objects reloaded before import = 0
Number of asset objects unloaded after import = 1
========================================================================
Received Import Request.
  Time since last request: 2743.127157 seconds.
  path: Assets/Prefab/Enemy/2,TurtleShellPBR.prefab
  artifactKey: Guid(9fad1d332a5140a4cbdd3750a179a7c5) Importer(815301076,1909f56bfc062723c751e8b465ee728b)
Start importing Assets/Prefab/Enemy/2,TurtleShellPBR.prefab using Guid(9fad1d332a5140a4cbdd3750a179a7c5) Importer(815301076,1909f56bfc062723c751e8b465ee728b) [PhysX] Initialized MultithreadedTaskDispatcher with 24 workers.
[PhysX] Initialized MultithreadedTaskDispatcher with 24 workers.
 -> (artifact id: 'c04b3123223c288def514d8480e8cbf9') in 0.196639 seconds
Number of updated asset objects reloaded before import = 0
Number of asset objects unloaded after import = 158
========================================================================
Received Import Request.
  Time since last request: 74.298815 seconds.
  path: Assets/RPGMonsterBuddiesPBRPA/Animation/Cactus/Cactus_Attack02.fbx
  artifactKey: Guid(e49e58fcb12c43f4a7a539cba4962b5d) Importer(815301076,1909f56bfc062723c751e8b465ee728b)
Start importing Assets/RPGMonsterBuddiesPBRPA/Animation/Cactus/Cactus_Attack02.fbx using Guid(e49e58fcb12c43f4a7a539cba4962b5d) Importer(815301076,1909f56bfc062723c751e8b465ee728b) [PhysX] Initialized MultithreadedTaskDispatcher with 24 workers.
[PhysX] Initialized MultithreadedTaskDispatcher with 24 workers.
[PhysX] Initialized MultithreadedTaskDispatcher with 24 workers.
[PhysX] Initialized MultithreadedTaskDispatcher with 24 workers.
 -> (artifact id: '9946d1ba63d46e42b286ae8967fc8b67') in 0.029572 seconds
Number of updated asset objects reloaded before import = 0
Number of asset objects unloaded after import = 45
========================================================================
Received Import Request.
  Time since last request: 0.001818 seconds.
  path: Assets/RPGMonsterBuddiesPBRPA/Animation/Cactus/Cactus_Die.fbx
  artifactKey: Guid(85954cadc1314eb7ba106f3d72458d2e) Importer(815301076,1909f56bfc062723c751e8b465ee728b)
Start importing Assets/RPGMonsterBuddiesPBRPA/Animation/Cactus/Cactus_Die.fbx using Guid(85954cadc1314eb7ba106f3d72458d2e) Importer(815301076,1909f56bfc062723c751e8b465ee728b) [PhysX] Initialized MultithreadedTaskDispatcher with 24 workers.
[PhysX] Initialized MultithreadedTaskDispatcher with 24 workers.
[PhysX] Initialized MultithreadedTaskDispatcher with 24 workers.
[PhysX] Initialized MultithreadedTaskDispatcher with 24 workers.
 -> (artifact id: 'b0873df50160506eaa6351641487c076') in 0.022793 seconds
Number of updated asset objects reloaded before import = 0
Number of asset objects unloaded after import = 45
========================================================================
Received Import Request.
  Time since last request: 0.000027 seconds.
  path: Assets/RPGMonsterBuddiesPBRPA/Animation/Cactus/Cactus_GetHit.fbx
  artifactKey: Guid(e424a3fc633c48f6a431e2ba6bb3629d) Importer(815301076,1909f56bfc062723c751e8b465ee728b)
Start importing Assets/RPGMonsterBuddiesPBRPA/Animation/Cactus/Cactus_GetHit.fbx using Guid(e424a3fc633c48f6a431e2ba6bb3629d) Importer(815301076,1909f56bfc062723c751e8b465ee728b) [PhysX] Initialized MultithreadedTaskDispatcher with 24 workers.
[PhysX] Initialized MultithreadedTaskDispatcher with 24 workers.
[PhysX] Initialized MultithreadedTaskDispatcher with 24 workers.
[PhysX] Initialized MultithreadedTaskDispatcher with 24 workers.
 -> (artifact id: '6528418cf43de2a1da79afe2994b1b25') in 0.018868 seconds
Number of updated asset objects reloaded before import = 0
Number of asset objects unloaded after import = 45
========================================================================
Received Import Request.
  Time since last request: 0.000014 seconds.
  path: Assets/RPGMonsterBuddiesPBRPA/Animation/Cactus/Cactus_IdlePlant.fbx
  artifactKey: Guid(11b47f4308ab4ea1a77f45904a1cd0d2) Importer(815301076,1909f56bfc062723c751e8b465ee728b)
Start importing Assets/RPGMonsterBuddiesPBRPA/Animation/Cactus/Cactus_IdlePlant.fbx using Guid(11b47f4308ab4ea1a77f45904a1cd0d2) Importer(815301076,1909f56bfc062723c751e8b465ee728b) [PhysX] Initialized MultithreadedTaskDispatcher with 24 workers.
[PhysX] Initialized MultithreadedTaskDispatcher with 24 workers.
[PhysX] Initialized MultithreadedTaskDispatcher with 24 workers.
[PhysX] Initialized MultithreadedTaskDispatcher with 24 workers.
 -> (artifact id: 'a1d747c59a502a5985dfef6490b7247a') in 0.018142 seconds
Number of updated asset objects reloaded before import = 0
Number of asset objects unloaded after import = 45
========================================================================
Received Import Request.
  Time since last request: 0.000018 seconds.
  path: Assets/RPGMonsterBuddiesPBRPA/Animation/Cactus/Cactus_Victory.fbx
  artifactKey: Guid(c7e724fe6f154f8e925904f3c04c94e9) Importer(815301076,1909f56bfc062723c751e8b465ee728b)
Start importing Assets/RPGMonsterBuddiesPBRPA/Animation/Cactus/Cactus_Victory.fbx using Guid(c7e724fe6f154f8e925904f3c04c94e9) Importer(815301076,1909f56bfc062723c751e8b465ee728b) [PhysX] Initialized MultithreadedTaskDispatcher with 24 workers.
[PhysX] Initialized MultithreadedTaskDispatcher with 24 workers.
[PhysX] Initialized MultithreadedTaskDispatcher with 24 workers.
[PhysX] Initialized MultithreadedTaskDispatcher with 24 workers.
 -> (artifact id: '23adb43db2b03ecbe1b1292667e6cebf') in 0.017700 seconds
Number of updated asset objects reloaded before import = 0
Number of asset objects unloaded after import = 45
========================================================================
Received Import Request.
  Time since last request: 0.000018 seconds.
  path: Assets/RPGMonsterBuddiesPBRPA/Animation/Cactus/Cactus_SenseSomethingStart.fbx
  artifactKey: Guid(63a98712f7b748b0bfc52fd196e19a88) Importer(815301076,1909f56bfc062723c751e8b465ee728b)
Start importing Assets/RPGMonsterBuddiesPBRPA/Animation/Cactus/Cactus_SenseSomethingStart.fbx using Guid(63a98712f7b748b0bfc52fd196e19a88) Importer(815301076,1909f56bfc062723c751e8b465ee728b) [PhysX] Initialized MultithreadedTaskDispatcher with 24 workers.
[PhysX] Initialized MultithreadedTaskDispatcher with 24 workers.
[PhysX] Initialized MultithreadedTaskDispatcher with 24 workers.
[PhysX] Initialized MultithreadedTaskDispatcher with 24 workers.
 -> (artifact id: 'd47479948b4b9dfd3a0ac7acc5ff4bbd') in 0.015914 seconds
Number of updated asset objects reloaded before import = 0
Number of asset objects unloaded after import = 45
========================================================================
Received Import Request.
  Time since last request: 0.000023 seconds.
  path: Assets/RPGMonsterBuddiesPBRPA/Animation/Cactus/Cactus_WalkFWD.fbx
  artifactKey: Guid(9b9279213c434f60bfdd45c1f0e4d752) Importer(815301076,1909f56bfc062723c751e8b465ee728b)
Start importing Assets/RPGMonsterBuddiesPBRPA/Animation/Cactus/Cactus_WalkFWD.fbx using Guid(9b9279213c434f60bfdd45c1f0e4d752) Importer(815301076,1909f56bfc062723c751e8b465ee728b) [PhysX] Initialized MultithreadedTaskDispatcher with 24 workers.
[PhysX] Initialized MultithreadedTaskDispatcher with 24 workers.
[PhysX] Initialized MultithreadedTaskDispatcher with 24 workers.
[PhysX] Initialized MultithreadedTaskDispatcher with 24 workers.
 -> (artifact id: '9e8539b1eaf4ed3c5beef4a5be142c18') in 0.015149 seconds
Number of updated asset objects reloaded before import = 0
Number of asset objects unloaded after import = 45
========================================================================
Received Import Request.
  Time since last request: 0.000015 seconds.
  path: Assets/RPGMonsterBuddiesPBRPA/Animation/Cactus/Cactus_WalkRGT.fbx
  artifactKey: Guid(bad8b6b89024479ba25338c3e6599480) Importer(815301076,1909f56bfc062723c751e8b465ee728b)
Start importing Assets/RPGMonsterBuddiesPBRPA/Animation/Cactus/Cactus_WalkRGT.fbx using Guid(bad8b6b89024479ba25338c3e6599480) Importer(815301076,1909f56bfc062723c751e8b465ee728b) [PhysX] Initialized MultithreadedTaskDispatcher with 24 workers.
[PhysX] Initialized MultithreadedTaskDispatcher with 24 workers.
[PhysX] Initialized MultithreadedTaskDispatcher with 24 workers.
[PhysX] Initialized MultithreadedTaskDispatcher with 24 workers.
 -> (artifact id: 'fad3d41a4676b69b47611d31e14a3c55') in 0.015034 seconds
Number of updated asset objects reloaded before import = 0
Number of asset objects unloaded after import = 45
========================================================================
Received Import Request.
  Time since last request: 0.000015 seconds.
  path: Assets/RPGMonsterBuddiesPBRPA/Animation/Cactus/Cactus_IdlePlantToBattle.fbx
  artifactKey: Guid(d00ebea21de94808a69db1557187ad0b) Importer(815301076,1909f56bfc062723c751e8b465ee728b)
Start importing Assets/RPGMonsterBuddiesPBRPA/Animation/Cactus/Cactus_IdlePlantToBattle.fbx using Guid(d00ebea21de94808a69db1557187ad0b) Importer(815301076,1909f56bfc062723c751e8b465ee728b) [PhysX] Initialized MultithreadedTaskDispatcher with 24 workers.
[PhysX] Initialized MultithreadedTaskDispatcher with 24 workers.
[PhysX] Initialized MultithreadedTaskDispatcher with 24 workers.
[PhysX] Initialized MultithreadedTaskDispatcher with 24 workers.
 -> (artifact id: '4874e8a461b02e5ee939eed5d12f383d') in 0.014632 seconds
Number of updated asset objects reloaded before import = 0
Number of asset objects unloaded after import = 45
